"CASE_ID","ACCIDENT_YEAR","PROC_DATE","JURIS","COLLISION_DATE","COLLISION_TIME","OFFICER_ID","REPORTING_DISTRICT","DAY_OF_WEEK","CHP_SHIFT","POPULATION","CNTY_CITY_LOC","SPECIAL_COND","BEAT_TYPE","CHP_BEAT_TYPE","CITY_DIVISION_LAPD","CHP_BEAT_CLASS","BEAT_NUMBER","PRIMARY_RD","SECONDARY_RD","DISTANCE","DIRECTION","INTERSECTION","WEATHER_1","WEATHER_2","STATE_HWY_IND","CALTRANS_COUNTY","CALTRANS_DISTRICT","STATE_ROUTE","ROUTE_SUFFIX","POSTMILE_PREFIX","POSTMILE","LOCATION_TYPE","RAMP_INTERSECTION","SIDE_OF_HWY","TOW_AWAY","COLLISION_SEVERITY","NUMBER_KILLED","NUMBER_INJURED","PARTY_COUNT","PRIMARY_COLL_FACTOR","PCF_CODE_OF_VIOL","PCF_VIOL_CATEGORY","PCF_VIOLATION","PCF_VIOL_SUBSECTION","HIT_AND_RUN","TYPE_OF_COLLISION","MVIW","PED_ACTION","ROAD_SURFACE","ROAD_COND_1","ROAD_COND_2","LIGHTING","CONTROL_DEVICE","CHP_ROAD_TYPE","PEDESTRIAN_ACCIDENT","BICYCLE_ACCIDENT","MOTORCYCLE_ACCIDENT","TRUCK_ACCIDENT","NOT_PRIVATE_PROPERTY","ALCOHOL_INVOLVED","STWD_VEHTYPE_AT_FAULT","CHP_VEHTYPE_AT_FAULT","COUNT_SEVERE_INJ","COUNT_VISIBLE_INJ","COUNT_COMPLAINT_PAIN","COUNT_PED_KILLED","COUNT_PED_INJURED","COUNT_BICYCLIST_KILLED","COUNT_BICYCLIST_INJURED","COUNT_MC_KILLED","COUNT_MC_INJURED","PRIMARY_RAMP","SECONDARY_RAMP","COUNTY","CITY","POINT_X","POINT_Y"
"4618671",2010,2011-04-05,"9370",2010-03-02,"1130","18568",,2,1,7,"0109",0,1,"1",,2,"176","RT 880","29TH AV",200,"S","N","C","-","Y","ALA",4,880,"-","-",28.65,"H","-","S","Y",2,0,2,2,"A","-","08",22107,,"N","D","C","A","B","H","-","A","D",1,,,,"Y","Y",,"A","01",2,0,0,0,0,0,0,0,0,"-","-","ALAMEDA","OAKLAND",-122.23231,37.77456
"4618680",2010,2011-03-07,"9370",2010-03-11,"0452","18719",,4,3,7,"0109",0,1,"1",,2,"177","RT 880","OAK ST",200,"N","N","A","-","Y","ALA",4,880,"-","-",31.11,"H","-","N","N",4,0,1,2,"A","-","03",22350,,"N","C","C","A","A","H","-","D","D",1,,,,"Y","Y",,"F","27",0,0,1,0,0,0,0,0,0,"-","-","ALAMEDA","OAKLAND",-122.26575,37.79487
"4618720",2010,2011-02-22,"9370",2010-01-20,"0800","18575",,3,1,7,"0109",0,1,"1",,2,"177","RT 880","MARKET ST",528,"N","N","B","C","Y","ALA",4,880,"-","R",32.1,"H","-","N","Y",4,0,1,2,"A","-","07",21658,"A","N","D","C","A","B","H","-","A","D",1,,,,"Y","Y",,"D","22",0,0,1,0,0,0,0,0,0,"-","-","ALAMEDA","OAKLAND",-122.28182,37.80129
"4624522",2010,2011-01-18,"0109",2010-03-04,"1525","8079",,4,5,7,"0109",0,0,"0",,0,"08X","HARRISON ST","24TH ST",0,,"Y","A","-","N",,,,,,,,,,"N",4,0,1,2,"A","-","08",22107,,"N","D","E","A","A","H","-","A","D",0,,,,,"Y",,"A","01",0,0,1,0,0,0,0,0,0,"-","-","ALAMEDA","OAKLAND",-122.26163,37.81273
"4624526",2010,2011-01-18,"0109",2010-03-04,"1223","7910","1",4,5,7,"0109",0,0,"0",,0,"03X","8TH ST","JACKSON ST",0,,"Y","A","-","N",,,,,,,,,,"N",4,0,2,3,"A","-","12",21453,"A","N","D","C","A","A","H","-","A","A",0,,,,,"Y",,"A","01",0,0,2,0,0,0,0,0,0,"-","-","ALAMEDA","OAKLAND",-122.26789,37.79787
"4624654",2010,2010-12-23,"0109",2010-02-18,"2038","8287","1",4,5,7,"0109",0,0,"0",,0,"05X","WEST GRAND AV","MANDELA PKWY",0,,"Y","B","-","N",,,,,,,,,,"Y",4,0,1,2,"A","-","12",21453,"A","N","D","C","A","A","H","-","C","A",0,,,,,"Y",,"A","01",0,0,1,0,0,0,0,0,0,"-","-","ALAMEDA","OAKLAND",-122.2897,37.81683
"4624662",2010,2011-01-21,"0109",2010-02-16,"2315","8988","3",2,5,7,"0109",0,0,"0",,0,"026","77TH AV","RUDSDALE ST",0,,"Y","A","-","N",,,,,,,,,,"N",4,0,1,2,"A","-","12",22450,"A","N","D","G","A","A","H","-","C","A",0,,"Y",,,"Y",,"-","-",0,0,1,0,0,0,1,0,0,"-","-","ALAMEDA","OAKLAND",-122.18688,37.75594
"4624666",2010,2010-12-23,"0109",2010-02-14,"1644","8671","3",7,5,7,"0109",0,0,"0",,0,"029","MACARTHUR BL","64TH AV",0,,"Y","A","-","N",,,,,,,,,,"Y",4,0,2,2,"A","-","09",21800,"D","N","D","C","A","A","H","-","B","B",0,,,,,"Y",,"A","01",0,0,2,0,0,0,0,0,0,"-","-","ALAMEDA","OAKLAND",-122.17976,37.77396
"4624697",2010,2010-12-24,"0109",2010-02-14,"1503","8671","3",7,5,7,"0109",0,0,"0",,0,"29X","MACARTHUR BL","61ST AV",0,,"Y","A","-","N",,,,,,,,,,"Y",4,0,2,4,"A","-","05",21460,"A","N","B","C","F","A","H","-","A","D",0,"Y",,,,"Y",,"A","01",0,0,2,0,2,0,0,0,0,"-","-","ALAMEDA","OAKLAND",-122.18233,37.77553
"4624927",2010,2011-03-18,"9335",2010-03-02,"1410","015209",,2,2,7,"0109",0,1,"1",,1,"082","RT 80","ALAMEDA CO LINE",4224,"E","N","A","-","Y","ALA",4,80,"-","-",0.8,"H","-","W","Y",4,0,1,2,"A","-","04",21703,,"N","C","C","A","A","H","-","A","D",4,,,,,"Y",,"A","07",0,0,1,0,0,0,0,0,0,"-","-","ALAMEDA","OAKLAND",-122.33801,37.82012
"4625072",2010,2011-01-04,"0109",2010-02-20,"1530","8707","3",6,5,7,"0109",0,0,"0",,0,"031","HEGENBERGER RD","COLLINS AV",30,"S","N","B","-","N",,,,,,,,,,"Y",4,0,1,2,"A","-","07",21658,"A","N","B","C","A","A","H","-","A","D",0,,,,,"Y",,"A","01",0,0,1,0,0,0,0,0,0,"-","-","ALAMEDA","OAKLAND",-122.1962,37.74545
"4625084",2010,2010-12-23,"0109",2010-02-23,"0742","8339","3",2,5,7,"0109",0,0,"0",,0,"35Y","DOUGLAS AV","CARY AV",205,"S","N","B","-","N",,,,,,,,,,"N",3,0,2,3,"A","-","08",22107,,"N","C","E","A","A","H","-","A","D",0,,,,,"Y",,"A","08",0,1,1,0,0,0,0,0,0,"-","-","ALAMEDA","OAKLAND",-122.18172,37.73284
"4625144",2010,2011-01-25,"0109",2010-03-04,"1611","8947","3",4,5,7,"0109",0,0,"0",,0,"34X","98TH AV","HOLLY ST",50,"S","N","A","-","N",,,,,,,,,,"N",4,0,1,2,"A","-","03",22350,,"N","C","C","A","A","H","-","A","A",0,,,,,"Y",,"A","01",0,0,1,0,0,0,0,0,0,"-","-","ALAMEDA","OAKLAND",-122.16954,37.74483
"4625152",2010,2011-01-25,"0109",2010-03-04,"1354","9059","3",4,5,7,"0109",0,0,"0",,0,"34X","INTERNATIONAL BL","96TH AV",25,"W","N","A","-","N",,,,,,,,,,"N",4,0,1,3,"A","-","17",22517,,"N","H","G","A","A","H","-","A","D",0,,"Y",,,"Y",,"A","01",0,0,1,0,0,0,1,0,0,"-","-","ALAMEDA","OAKLAND",-122.17167,37.74579
"4625172",2010,2011-01-25,"0109",2010-03-15,"1638","8968","2",1,5,7,"0109",0,0,"0",,0,"20X","29TH AV","FORD ST",0,,"Y","A","-","N",,,,,,,,,,"N",4,0,2,3,"A","-","03",22350,,"N","C","C","A","A","H","-","A","D",0,,,,,"Y",,"A","01",0,0,2,0,0,0,0,0,0,"-","-","ALAMEDA","OAKLAND",-122.23483,37.77336
"4625180",2010,2011-01-25,"0109",2010-03-15,"1542","8339","3",1,5,7,"0109",0,0,"0",,0,"33X","INTERNATIONAL BL","82ND AV",0,,"Y","A","-","N",,,,,,,,,,"N",4,0,3,2,"A","-","03",22350,,"N","C","C","A","A","H","-","A","A",0,,,,,"Y",,"A","01",0,0,3,0,0,0,0,0,0,"-","-","ALAMEDA","OAKLAND",-122.17955,37.75556
"4625205",2010,2011-01-25,"0109",2010-03-16,"1230","7766",,2,5,7,"0109",0,0,"0",,0,"02Y","8TH ST","WILLOW ST",200,"W","N","A","-","N",,,,,,,,,,"Y",3,0,1,1,"A","-","03",22350,,"F","E","I","A","A","H","-","A","D",0,,,,,"Y",,"A","01",0,1,0,0,0,0,0,0,0,"-","-","ALAMEDA","OAKLAND",-122.30117,37.80786
"4625213",2010,2011-01-25,"0109",2010-03-10,"1150","8023",,3,5,7,"0109",0,0,"0",,0,"17X","E 17TH ST","4TH AV",55,"E","N","A","-","N",,,,,,,,,,"N",4,0,1,2,"A","-","21",22106,,"N","G","B","E","A","H","-","A","D",0,"Y",,,,"Y",,"A","01",0,0,1,0,1,0,0,0,0,"-","-","ALAMEDA","OAKLAND",-122.25235,37.79837
"4625229",2010,2011-01-25,"0109",2010-03-17,"1606","8214","1",3,5,7,"0109",0,0,"0",,0,"08X","BROADWAY","PIEDMONT AV",0,,"Y","A","-","N",,,,,,,,,,"N",4,0,1,2,"A","-","09",21801,"A","N","D","C","A","A","H","-","A","A",0,,,,,"Y",,"A","01",0,0,1,0,0,0,0,0,0,"-","-","ALAMEDA","OAKLAND",-122.26084,37.821
"4625245",2010,2011-01-25,"0109",2010-03-09,"0627","8549","3",2,5,7,"0109",0,0,"0",,0,"33X","85TH AV","E ST",50,"S","N","A","-","N",,,,,,,,,,"Y",3,0,2,3,"A","-","03",22350,,"N","B","E","A","A","H","-","B","D",0,,,,,"Y",,"A","01",0,1,1,0,0,0,0,0,0,"-","-","ALAMEDA","OAKLAND",,
"4626488",2010,2010-12-23,"0109",2010-02-03,"1527","7940","1",3,5,7,"0109",0,0,"0",,0,"02X","CHESTER ST","8TH ST",100,"N","N","A","-","N",,,,,,,,,,"N",4,0,1,3,"A","-","21",22106,,"N","D","C","A","A","H","-","A","D",0,,,,,"Y",,"D","22",0,0,1,0,0,0,0,0,0,"-","-","ALAMEDA","OAKLAND",-122.2956,37.80687
"4626511",2010,2011-03-18,"0109",2010-02-04,"1700","8989","2",4,5,7,"0109",0,0,"0",,0,"17X","INTERNATIONAL BL","13TH AV",0,,"Y","C","-","N",,,,,,,,,,"Y",4,0,2,2,"A","-","01",23152,"A","M","C","C","A","B","H","-","C","A",0,,,,,"Y","Y","D","22",0,0,2,0,0,0,0,0,0,"-","-","ALAMEDA","OAKLAND",-122.24721,37.78988
"4626515",2010,2010-12-23,"0109",2010-02-22,"2200","8901","2",1,5,7,"0109",0,0,"0",,0,"15X","ATHOL AV","PORTLAND AV",25,"N","N","A","-","N",,,,,,,,,,"N",4,0,1,3,"A","-","08",22107,,"N","C","E","A","A","H","-","C","D",0,,,,,"Y","Y","A","01",0,0,1,0,0,0,0,0,0,"-","-","ALAMEDA","OAKLAND",-122.24647,37.80257
"4626519",2010,2010-12-23,"0109",2010-02-28,"1034","9035","2",7,5,7,"0109",0,0,"0",,0,"20X","INTERNATIONAL BL","25TH AV",25,"E","N","A","-","N",,,,,,,,,,"N",4,0,1,3,"A","-","-",,,"N","C","C","A","A","H","-","A","A",0,,,,,"Y",,"A","07",0,0,1,0,0,0,0,0,0,"-","-","ALAMEDA","OAKLAND",-122.2338,37.78211
"4626523",2010,2010-12-23,"0109",2010-02-27,"1709","8984","1",6,5,7,"0109",0,0,"0",,0,"03X","LAKESIDE DR","16TH ST",300,"S","N","A","-","N",,,,,,,,,,"N",3,0,1,2,"A","-","03",22350,,"N","H","G","A","A","H","-","A","D",0,,"Y",,,"Y",,"L","04",0,1,0,0,0,0,1,0,0,"-","-","ALAMEDA","OAKLAND",,
"4626531",2010,2010-12-22,"0109",2010-02-21,"1703","9034","3",7,5,7,"0109",0,0,"0",,0,"32X","INTERNATIONAL BL","98TH AV",20,"E","N","C","-","N",,,,,,,,,,"N",4,0,2,2,"A","-","03",22350,,"N","C","C","A","B","H","-","A","A",0,,,,,"Y",,"A","01",0,0,2,0,0,0,0,0,0,"-","-","ALAMEDA","OAKLAND",-122.17056,37.74427
"4626543",2010,2010-12-23,"0109",2010-02-05,"1203","7910","1",5,5,7,"0109",0,0,"0",,0,"04X","TELEGRAPH AV","WILLIAMS ST",55,"N","N","A","-","N",,,,,,,,,,"N",4,0,1,3,"A","-","-",,,"N","B","C","A","A","H","-","A","D",0,,,,,"Y",,"A","01",0,0,1,0,0,0,0,0,0,"-","-","ALAMEDA","OAKLAND",-122.26973,37.80913
"4626551",2010,2010-12-23,"0109",2010-02-17,"1100","8123",,3,5,7,"0109",0,0,"0",,0,"14X","MOSS AV","OAKLAND AV",500,"E","N","A","-","N",,,,,,,,,,"N",3,0,1,1,"D","-","00",,,"N","F","A","A","A","H","-","A","D",0,,"Y",,,"Y",,"-","-",0,1,0,0,0,0,1,0,0,"-","-","ALAMEDA","OAKLAND",-122.25132,37.81877
"4626914",2010,2011-03-07,"9370",2010-03-23,"1405","18568",,2,2,7,"0109",0,1,"1",,2,"176","RT 880","HEGENBERGER RD",100,"N","N","A","-","Y","ALA",4,880,"-","-",25.52,"H","-","N","Y",4,0,2,2,"A","-","07",21658,"A","N","C","C","A","A","H","-","A","D",1,,,,"Y","Y",,"A","01",0,0,2,0,0,0,0,0,0,"-","-","ALAMEDA","OAKLAND",-122.1981,37.74267
"4627013",2010,2011-02-14,"0109",2010-03-03,"1602","8214","1",3,5,7,"0109",0,0,"0",,0,"10Y","MARKET ST","55TH ST",0,,"Y","C","-","N",,,,,,,,,,"N",3,0,2,2,"A","-","12",21453,"A","N","D","C","A","B","H","-","A","A",0,,,,,"Y",,"-","-",0,1,1,0,0,0,0,0,0,"-","-","ALAMEDA","OAKLAND",-122.27393,37.83926
"4627033",2010,2011-01-19,"0109",2010-03-09,"1030","8226","1",2,5,7,"0109",0,0,"0",,0,"12Y","TELEGRAPH AV","52ND ST",0,,"Y","A","-","N",,,,,,,,,,"N",4,0,1,2,"A","-","08",22107,,"N","D","G","A","A","H","-","A","A",0,,"Y",,,"Y",,"A","01",0,0,1,0,0,0,1,0,0,"-","-","ALAMEDA","OAKLAND",-122.26223,37.83799
"4627607",2010,2011-01-24,"0109",2010-03-03,"1718","8982","2",3,5,7,"0109",0,0,"0",,0,"10X","SAN PABLO AV","53RD ST",5,"N","N","C","-","N",,,,,,,,,,"N",4,0,1,2,"A","-","10",21950,"A","N","G","B","B","B","H","-","A","A",0,"Y",,,,"Y",,"A","08",0,0,1,0,1,0,0,0,0,"-","-","ALAMEDA","OAKLAND",-122.28195,37.83707
"4627611",2010,2011-01-24,"0109",2010-03-05,"1800","8989","2",5,5,7,"0109",0,0,"0",,0,"24X","FOOTHILL BL","CROSBY AV",0,,"Y","A","-","N",,,,,,,,,,"N",4,0,2,2,"A","-","09",21802,"A","N","D","C","A","A","H","-","C","A",0,,,,,"Y",,"D","22",0,0,2,0,0,0,0,0,0,"-","-","ALAMEDA","OAKLAND",-122.21893,37.78157
"4628025",2010,2010-12-27,"0109",2010-02-11,"1655","8982","1",4,5,7,"0109",0,0,"0",,0,"05X","WEST GRAND AV","MANDELA PKWY",0,,"Y","A","-","N",,,,,,,,,,"N",4,0,1,2,"A","-","12",21453,"A","N","D","C","A","A","H","-","A","A",0,,,,,"Y",,"A","01",0,0,1,0,0,0,0,0,0,"-","-","ALAMEDA","OAKLAND",-122.2897,37.81683
"4628081",2010,2010-12-22,"0109",2010-02-27,"1737","8831","3",6,5,7,"0109",0,0,"0",,0,"29X","64TH AV","BRANN ST",50,"S","N","A","-","N",,,,,,,,,,"N",4,0,1,4,"A","-","01",23152,"A","N","A","E","E","A","H","-","A","B",0,"Y",,,,"Y","Y","A","01",0,0,1,0,0,0,0,0,0,"-","-","ALAMEDA","OAKLAND",-122.18339,37.77148
"4629651",2010,2011-03-18,"9335",2010-02-18,"1750","19083",,4,2,7,"0109",0,1,"1",,1,"082","RT 80","ALAMEDA CO LINE",2640,"E","N","B","-","Y","ALA",4,80,"-","-",0.5,"H","-","W","Y",4,0,1,2,"A","-","07",21658,"A","N","B","C","A","A","H","-","C","D",4,,,"Y",,"Y",,"A","07",0,0,1,0,0,0,0,0,1,"-","-","ALAMEDA","OAKLAND",-122.34234,37.81942
"4630645",2010,2011-03-18,"9335",2010-03-13,"1437","19542",,6,2,7,"0109",0,1,"1",,1,"082","RT 80","METERING LIGHTS",52,"E","N","A","-","Y","ALA",4,80,"-","-",1.91,"H","-","W","Y",4,0,1,2,"A","-","03",22350,,"N","C","C","A","A","H","-","A","A",4,,,"Y",,"Y",,"A","01",0,0,1,0,0,0,0,0,1,"-","-","ALAMEDA","OAKLAND",-122.32198,37.82268
"4631123",2010,2011-01-10,"0109",2010-03-08,"1356","8790","1",1,5,7,"0109",0,0,"0",,0,"08X","TELEGRAPH AV","37TH ST",0,,"Y","B","-","N",,,,,,,,,,"Y",4,0,1,4,"A","-","03",22350,,"N","C","C","A","A","H","-","A","A",0,,,,,"Y",,"A","07",0,0,1,0,0,0,0,0,0,"-","-","ALAMEDA","OAKLAND",-122.2655,37.82536
"4631127",2010,2011-01-10,"0109",2010-03-08,"1143","8790","1",1,5,7,"0109",0,0,"0",,0,"08X","BROADWAY","GRAND AV",0,,"Y","B","-","N",,,,,,,,,,"Y",4,0,1,2,"A","-","12",21453,"A","N","D","C","A","A","H","-","A","A",0,,,,,"Y",,"A","01",0,0,1,0,0,0,0,0,0,"-","-","ALAMEDA","OAKLAND",-122.26677,37.81148
"4631171",2010,2011-01-10,"0109",2010-03-10,"0933","8088","2",3,5,7,"0109",0,0,"0",,0,"24X","35TH AV","SALISBURY ST",50,"N","N","A","-","N",,,,,,,,,,"N",3,0,1,2,"A","-","17",22517,,"N","H","G","A","A","H","-","A","D",0,,"Y",,,"Y",,"A","01",0,1,0,0,0,0,1,0,0,"-","-","ALAMEDA","OAKLAND",-122.21545,37.78504
"4631180",2010,2011-03-21,"0109",2010-03-13,"0945","8923","1",6,5,7,"0109",0,0,"0",,0,"04X","BROADWAY","GRAND AV",30,"S","N","A","-","N",,,,,,,,,,"N",4,0,1,2,"A","-","17",22517,,"N","H","G","A","A","H","-","A","D",0,,"Y",,,"Y",,"A","01",0,0,1,0,0,0,1,0,0,"-","-","ALAMEDA","OAKLAND",-122.26681,37.8114
"4631213",2010,2011-01-06,"0109",2010-03-06,"1336","9042","2",6,5,7,"0109",0,0,"0",,0,"23X","FRUITVALE AV","E 15TH ST",31,"N","N","A","-","N",,,,,,,,,,"N",4,0,1,2,"A","-","08",22107,,"N","H","G","A","A","H","-","A","D",0,,"Y",,,"Y",,"A","01",0,0,1,0,0,0,1,0,0,"-","-","ALAMEDA","OAKLAND",-122.22525,37.77884
"4631229",2010,2011-01-06,"0109",2010-03-15,"0909","9017","2",1,5,7,"0109",0,0,"0",,0,"21X","FRUITVALE AV","BLOSSOM ST",70,"N","N","A","-","N",,,,,,,,,,"Y",4,0,1,3,"A","-","08",22107,,"N","C","E","A","A","H","-","A","D",0,,,,,"Y",,"A","08",0,0,1,0,0,0,0,0,0,"-","-","ALAMEDA","OAKLAND",-122.22051,37.78951
"4631887",2010,2010-10-18,"0109",2010-01-16,"1156","8953","2",6,5,7,"0109",0,0,"0",,0,"17X","5TH AV","E 20TH ST",54,"N","N","A","-","N",,,,,,,,,,"N",4,0,4,2,"-","-","-",,,"N","A","C","A","A","H","-","A","A",0,,,,,"Y",,"-","-",0,0,4,0,0,0,0,0,0,"-","-","ALAMEDA","OAKLAND",-122.24815,37.79983
"4632969",2010,2011-03-29,"0109",2010-02-05,"2300","8824","1",5,5,7,"0109",0,0,"0",,0,"06X","35TH ST","WEST ST",0,,"Y","A","-","N",,,,,,,,,,"Y",3,0,1,2,"-","-","-",,,"N","D","C","A","A","H","-","C","A",0,,,,,"Y",,"-","-",0,1,0,0,0,0,0,0,0,"-","-","ALAMEDA","OAKLAND",-122.27241,37.82478
"4632981",2010,2010-12-28,"0109",2010-02-25,"0821","8410",,4,5,7,"0109",0,0,"0",,0,"09X","GILBERT ST","PLEASANT VALLEY AV",0,,"Y","B","-","N",,,,,,,,,,"N",4,0,1,2,"A","-","10",21950,"A","N","G","B","B","A","H","-","A","A",0,"Y",,,,"Y",,"A","01",0,0,1,0,1,0,0,0,0,"-","-","ALAMEDA","OAKLAND",-122.25055,37.83355
"4632993",2010,2010-12-28,"0109",2010-02-24,"1455","8113","2",3,5,7,"0109",0,0,"0",,0,"14X","GRAND AV","PERKINS ST",0,,"Y","A","-","N",,,,,,,,,,"N",3,0,1,2,"A","-","09",21801,"A","N","D","G","A","B","-","-","A","A",0,,"Y",,,"Y",,"A","01",0,1,0,0,0,0,1,0,0,"-","-","ALAMEDA","OAKLAND",-122.2562,37.80897
"4633001",2010,2010-12-28,"0109",2010-02-08,"0125","8717","3",1,5,7,"0109",0,0,"0",,0,"32Y","SUNNYSIDE ST","107TH AV",50,"E","N","A","-","N",,,,,,,,,,"N",4,0,1,1,"A","-","08",22107,,"N","E","I","A","A","H","-","C","D",0,,,,,"Y",,"A","01",0,0,1,0,0,0,0,0,0,"-","-","ALAMEDA","OAKLAND",-122.1584,37.7402
"4633005",2010,2010-12-28,"0109",2010-02-12,"2340","9000","1",5,5,7,"0109",0,0,"0",,0,"09X","BROADWAY","WEST MACARTHUR BL",0,,"Y","B","-","N",,,,,,,,,,"N",3,0,1,2,"A","-","08",22107,,"N","H","G","A","B","H","-","C","A",0,,"Y",,,"Y",,"A","07",0,1,0,0,0,0,1,0,0,"-","-","ALAMEDA","OAKLAND",-122.25876,37.82438
"4633013",2010,2010-12-28,"0109",2010-02-16,"1450","8831","3",2,5,7,"0109",0,0,"0",,0,"31Y","98TH AV","MADDUX DR",20,"N","N","A","-","N",,,,,,,,,,"N",4,0,1,2,"D","-","00",,,"N","C","C","A","A","H","-","A","A",0,,,,,"Y",,"-","-",0,0,1,0,0,0,0,0,0,"-","-","ALAMEDA","OAKLAND",-122.18413,37.73491
"4633017",2010,2010-12-28,"0109",2010-02-16,"1805","8848","2",2,5,7,"0109",0,0,"0",,0,"22X","MACARTHUR BL","BOSTON AV",90,"W","N","A","-","N",,,,,,,,,,"N",4,0,1,2,"A","-","11",21954,"A","N","G","B","D","A","H","-","B","D",0,"Y",,,,"Y",,"N","60",0,0,1,0,1,0,0,0,0,"-","-","ALAMEDA","OAKLAND",-122.2131,37.79959
"4633033",2010,2010-12-28,"0109",2010-02-10,"1600","8746","1",3,5,7,"0109",0,0,"0",,0,"03X","CASTRO ST","11TH ST",10,"S","N","A","-","N",,,,,,,,,,"N",4,0,1,2,"A","-","03",22350,,"N","C","C","A","A","H","-","A","A",0,,,,,"Y",,"A","01",0,0,1,0,0,0,0,0,0,"-","-","ALAMEDA","OAKLAND",-122.27851,37.8046
"4633037",2010,2010-12-28,"0109",2010-02-18,"1636","8989","2",4,5,7,"0109",0,0,"0",,0,"21X","23RD AV","E 20TH ST",0,,"Y","B","-","N",,,,,,,,,,"N",4,0,1,2,"A","-","09",21801,"A","N","H","A","A","A","H","-","A","A",0,,,"Y",,"Y",,"A","01",0,0,1,0,0,0,0,0,1,"-","-","ALAMEDA","OAKLAND",-122.23201,37.7876
"4633409",2010,2011-01-10,"0109",2010-03-03,"2005","8289","2",3,5,7,"0109",0,0,"0",,0,"15X","PARK BL","E 18TH ST",0,,"Y","A","-","N",,,,,,,,,,"N",4,0,1,2,"A","-","10",21950,"A","N","G","B","B","A","H","-","C","A",0,"Y",,,,"Y",,"A","08",0,0,1,0,1,0,0,0,0,"-","-","ALAMEDA","OAKLAND",-122.25103,37.79912
"4634732",2010,2011-02-03,"0109",2010-03-24,"1517","8214","3",3,5,7,"0109",0,0,"0",,0,"30Y","77TH AV","HALLIDAY AV",16,"S","N","A","-","N",,,,,,,,,,"Y",4,0,2,2,"A","-","08",22107,,"M","E","I","A","A","H","-","A","D",0,,,,"Y","Y",,"A","01",0,0,2,0,0,0,0,0,0,"-","-","ALAMEDA","OAKLAND",-122.17571,37.76326
"4634736",2010,2011-02-03,"0109",2010-03-22,"1108","9003","3",1,5,7,"0109",0,0,"0",,0,"31Z","EDES AV","HEGENBERGER AV",0,,"Y","A","-","N",,,,,,,,,,"Y",4,0,1,3,"A","-","03",22350,,"N","C","C","A","A","H","-","A","A",0,,,,,"Y",,"D","22",0,0,1,0,0,0,0,0,0,"-","-","ALAMEDA","OAKLAND",-122.19621,37.74475
"4635922",2010,2011-02-07,"0109",2010-03-15,"0519","8948","2",1,5,7,"0109",0,0,"0",,0,"14X","GRAND AV","STATEN",15,"W","N","A","-","N",,,,,,,,,,"Y",4,0,1,1,"A","-","08",22107,,"N","E","I","A","A","H","-","C","A",0,,,,"Y","Y",,"F","26",0,0,1,0,0,0,0,0,0,"-","-","ALAMEDA","OAKLAND",-122.25393,37.80877
"4635968",2010,2011-04-14,"9370",2010-04-12,"0845","18876",,1,1,7,"0109",0,1,"1",,2,"052","RT 580","SEMINARY AV",735,"E","N","B","-","Y","ALA",4,580,"-","R",39.23,"H","-","E","Y",3,0,1,2,"A","-","07",21658,"A","N","B","C","A","B","H","-","A","D",1,,,,,"Y",,"D","22",0,1,0,0,0,0,0,0,0,"-","-","ALAMEDA","OAKLAND",-122.17859,37.78364
"4636129",2010,2011-02-02,"0109",2010-01-03,"1710",,,7,5,7,"0109",0,0,"0",,0,,"PARK BL","ESTATES DR",2640,"E","N","A","-","N",,,,,,,,,,"Y",2,0,1,1,"A","-","01",23152,"A","N","E","I","A","A","H","-","B","D",0,,,,,"Y","Y","A","08",1,0,0,0,0,0,0,0,0,"-","-","ALAMEDA","OAKLAND",-122.20873,37.81974
"4638659",2010,2010-11-16,"0109",2010-02-10,"1230","8163","2",3,5,7,"0109",0,0,"0",,0,"22X","FRUITVALE AV","MONTANA ST",0,,"Y","B","-","N",,,,,,,,,,"N",4,0,1,2,"A","-","08",22100,"B","N","D","C","A","A","H","-","A","A",0,,,,,"Y",,"D","22",0,0,1,0,0,0,0,0,0,"-","-","ALAMEDA","OAKLAND",-122.21691,37.79868
"4638886",2010,2011-01-13,"0109",2010-03-05,"1451","8403",,5,5,7,"0109",0,0,"0",,0,"17Y","PARK BL","IVY DR",0,,"Y","A","-","N",,,,,,,,,,"Y",4,0,4,2,"A","-","09",21801,"A","N","D","C","A","A","H","-","A","D",0,,,,,"Y",,"A","01",0,0,4,0,0,0,0,0,0,"-","-","ALAMEDA","OAKLAND",,
"4639700",2010,2011-03-04,"9370",2010-03-19,"0840","19645",,5,1,7,"0109",0,1,"1",,2,"052","RT 580","MACARTHUR BL",931,"W","N","A","-","Y","ALA",4,580,"-","R",40.1,"H","-","W","N",4,0,1,2,"A","-","07",21658,"A","N","B","C","A","A","H","-","A","D",1,,,,,"Y",,"A","01",0,0,1,0,0,0,0,0,0,"-","-","ALAMEDA","OAKLAND",-122.19669,37.78729
"4639703",2010,2011-03-02,"9370",2010-03-19,"1940","18182",,5,2,7,"0109",0,1,"1",,2,"053","RT 580","38TH AV",84,"W","N","A","-","Y","ALA",4,580,"-","R",40.41,"H","-","E","Y",3,0,1,1,"A","-","08",22107,,"N","E","I","A","A","H","-","D","D",1,,,,,"Y",,"A","01",0,1,0,0,0,0,0,0,0,"-","-","ALAMEDA","OAKLAND",-122.20181,37.79036
"4639710",2010,2011-03-02,"9370",2010-03-03,"1915","019835",,3,2,7,"0109",0,1,"1",,2,"052","RT 580","KELLER AV",1500,"W","N","B","-","Y","ALA",4,580,"-","R",38.08,"H","-","W","Y",4,0,2,2,"A","-","03",22350,,"M","C","C","A","B","H","-","D","D",1,,,,,"Y",,"A","01",0,0,2,0,0,0,0,0,0,"-","-","ALAMEDA","OAKLAND",-122.16187,37.77535