"CASE_ID","ACCIDENT_YEAR","PROC_DATE","JURIS","COLLISION_DATE","COLLISION_TIME","OFFICER_ID","REPORTING_DISTRICT","DAY_OF_WEEK","CHP_SHIFT","POPULATION","CNTY_CITY_LOC","SPECIAL_COND","BEAT_TYPE","CHP_BEAT_TYPE","CITY_DIVISION_LAPD","CHP_BEAT_CLASS","BEAT_NUMBER","PRIMARY_RD","SECONDARY_RD","DISTANCE","DIRECTION","INTERSECTION","WEATHER_1","WEATHER_2","STATE_HWY_IND","CALTRANS_COUNTY","CALTRANS_DISTRICT","STATE_ROUTE","ROUTE_SUFFIX","POSTMILE_PREFIX","POSTMILE","LOCATION_TYPE","RAMP_INTERSECTION","SIDE_OF_HWY","TOW_AWAY","COLLISION_SEVERITY","NUMBER_KILLED","NUMBER_INJURED","PARTY_COUNT","PRIMARY_COLL_FACTOR","PCF_CODE_OF_VIOL","PCF_VIOL_CATEGORY","PCF_VIOLATION","PCF_VIOL_SUBSECTION","HIT_AND_RUN","TYPE_OF_COLLISION","MVIW","PED_ACTION","ROAD_SURFACE","ROAD_COND_1","ROAD_COND_2","LIGHTING","CONTROL_DEVICE","CHP_ROAD_TYPE","PEDESTRIAN_ACCIDENT","BICYCLE_ACCIDENT","MOTORCYCLE_ACCIDENT","TRUCK_ACCIDENT","NOT_PRIVATE_PROPERTY","ALCOHOL_INVOLVED","STWD_VEHTYPE_AT_FAULT","CHP_VEHTYPE_AT_FAULT","COUNT_SEVERE_INJ","COUNT_VISIBLE_INJ","COUNT_COMPLAINT_PAIN","COUNT_PED_KILLED","COUNT_PED_INJURED","COUNT_BICYCLIST_KILLED","COUNT_BICYCLIST_INJURED","COUNT_MC_KILLED","COUNT_MC_INJURED","PRIMARY_RAMP","SECONDARY_RAMP","COUNTY","CITY","POINT_X","POINT_Y"
"4848149",2010,2011-09-06,"0109",2010-08-15,"0940","8363","3",7,5,7,"0109",0,0,"0",,0,"27X","HIGH ST","FAIRFAX AV",4224,"N","N","A","-","N",,,,,,,,,,"N",4,0,1,2,"A","-","21",22106,,"N","D","C","A","A","H","-","A","A",0,,,,,"Y",,"A","01",0,0,1,0,0,0,0,0,0,"-","-","ALAMEDA","OAKLAND",-122.19425,37.78766
"4848153",2010,2011-09-06,"0109",2010-08-09,"0845","8756","3",1,5,7,"0109",0,0,"0",,0,"34X","BANCROFT AV","98TH AV",15,"W","N","A","-","N",,,,,,,,,,"N",4,0,1,3,"A","-","03",22350,,"F","C","C","A","A","H","-","A","A",0,,,,,"Y",,"A","01",0,0,1,0,0,0,0,0,0,"-","-","ALAMEDA","OAKLAND",-122.16208,37.74851
"4848155",2010,2011-08-26,"0109",2010-08-19,"1415","8414","3",4,5,7,"0109",0,0,"0",,0,"26Y","SAN LEANDRO ST","71ST AV",0,,"Y","A","-","N",,,,,,,,,,"Y",4,0,1,2,"A","-","09",21801,"A","N","D","C","A","D","H","-","A","D",0,,,,,"Y",,"A","07",0,0,1,0,0,0,0,0,0,"-","-","ALAMEDA","OAKLAND",,
"4848157",2010,2011-09-06,"0109",2010-08-09,"1854","8414","2",1,5,7,"0109",0,0,"0",,0,"25Y","GREENRIDGE DR","RILEA WY",40,"S","N","A","-","N",,,,,,,,,,"N",4,0,1,2,"A","-","08",22107,,"N","D","E","A","A","H","-","A","D",0,,,,,"Y",,"A","01",0,0,1,0,0,0,0,0,0,"-","-","ALAMEDA","OAKLAND",-122.15146,37.77225
"4848172",2010,2011-09-07,"0109",2010-08-11,"1853","8792","3",3,5,7,"0109",0,0,"0",,0,"30X","BANCROFT AV","CHURCH ST",50,"E","N","A","-","N",,,,,,,,,,"N",4,0,1,2,"A","-","09",21804,"A","N","D","C","A","A","H","-","A","D",0,,,,,"Y",,"A","08",0,0,1,0,0,0,0,0,0,"-","-","ALAMEDA","OAKLAND",-122.17948,37.76794
"4848406",2010,2011-08-02,"0109",2010-07-30,"0826","8454","1",5,5,7,"0109",0,0,"0",,0,"04X","BROADWAY","21ST ST",31680,"N","N","B","-","N",,,,,,,,,,"N",2,0,1,2,"A","-","10",21950,"A","N","G","B","B","A","H","-","A","A",0,"Y",,,,"Y",,"D","22",1,0,0,0,1,0,0,0,0,"-","-","ALAMEDA","OAKLAND",-122.25322,37.83325
"4848410",2010,2011-08-02,"0109",2010-07-16,"1744","7738","1",5,5,7,"0109",0,0,"0",,0,"05Y","14TH ST","BROADWAY",175,"E","N","A","-","N",,,,,,,,,,"N",4,0,1,2,"A","-","06",21750,,"N","H","G","A","A","H","-","A","D",0,,"Y",,,"Y",,"A","01",0,0,1,0,0,0,1,0,0,"-","-","ALAMEDA","OAKLAND",-122.27064,37.80411
"4848414",2010,2011-08-15,"0109",2010-07-26,"1745","8869","2",1,5,7,"0109",0,0,"0",,0,"23X","E 12TH ST","33RD AV",0,,"Y","A","-","N",,,,,,,,,,"N",3,0,1,2,"A","-","09",21800,"A","N","H","G","A","A","H","-","A","A",0,,"Y",,,"Y",,"L","04",0,1,0,0,0,0,1,0,0,"-","-","ALAMEDA","OAKLAND",-122.22518,37.7762
"4848429",2010,2011-08-03,"0109",2010-07-30,"0749","8637","1",5,5,7,"0109",0,0,"0",,0,"02X","7TH ST","ADELINE ST",0,,"Y","A","-","N",,,,,,,,,,"Y",4,0,6,2,"A","-","09",21801,"A","N","D","C","A","A","H","-","A","A",0,,,,,"Y",,"A","01",0,0,6,0,0,0,0,0,0,"-","-","ALAMEDA","OAKLAND",-122.28825,37.80383
"4848433",2010,2011-08-03,"0109",2010-07-29,"0015","8305","2",4,5,7,"0109",0,0,"0",,0,"21X","FRUITVALE AV","LYNDE ST",0,,"Y","A","-","N",,,,,,,,,,"Y",3,0,2,2,"D","-","00",,,"N","D","C","A","A","H","-","C","A",0,,,,,"Y",,"-","-",0,1,1,0,0,0,0,0,0,"-","-","ALAMEDA","OAKLAND",-122.21985,37.79118
"4848437",2010,2011-08-03,"0109",2010-07-26,"1659","8842","1",1,5,7,"0109",0,0,"0",,0,"03X","10TH ST","HARRISON ST",20,"E","N","A","-","N",,,,,,,,,,"N",4,0,1,2,"A","-","09",21804,,"N","B","C","A","A","H","-","A","D",0,,,,,"Y",,"A","01",0,0,1,0,0,0,0,0,0,"-","-","ALAMEDA","OAKLAND",-122.26933,37.80018
"4848438",2010,2011-08-02,"0109",2010-07-07,"1101","7651",,3,5,7,"0109",0,0,"0",,0,"03X","14TH ST","MARTIN LUTHER KING JR WY",0,,"Y","A","-","N",,,,,,,,,,"N",4,0,2,3,"A","-","09",21801,"A","N","D","C","A","A","H","-","A","A",0,,,,,"Y",,"A","01",0,0,2,0,0,0,0,0,0,"-","-","ALAMEDA","OAKLAND",-122.27601,37.80622
"4848441",2010,2011-08-03,"0109",2010-07-10,"2248","8383","3",6,5,7,"0109",0,0,"0",,0,"28X","FLEMING AV","MADERA AV",0,,"Y","A","-","N",,,,,,,,,,"Y",4,0,1,2,"A","-","12",22450,"A","N","D","C","A","A","H","-","C","A",0,,,,,"Y","Y","D","22",0,0,1,0,0,0,0,0,0,"-","-","ALAMEDA","OAKLAND",-122.19442,37.7773
"4848446",2010,2011-08-02,"0109",2010-07-30,"2045","8347","2",5,5,7,"0109",0,0,"0",,0,"15X","FOOTHILL BL","3RD AV",0,,"Y","A","-","N",,,,,,,,,,"N",3,0,3,2,"A","-","09",21802,"A","N","D","C","A","A","H","-","C","A",0,,,,,"Y",,"A","08",0,1,2,0,0,0,0,0,0,"-","-","ALAMEDA","OAKLAND",-122.2537,37.79854
"4848455",2010,2011-08-08,"0109",2010-07-10,"1739","8702","2",6,5,7,"0109",0,0,"0",,0,"19X","5TH AV","E 15TH ST",6,"S","N","A","-","N",,,,,,,,,,"N",3,0,1,2,"A","-","11",21950,"B","N","A","B","D","A","H","-","A","A",0,"Y",,,,"Y",,"N","60",0,1,0,0,1,0,0,0,0,"-","-","ALAMEDA","OAKLAND",-122.25297,37.79642
"4848461",2010,2011-08-03,"0109",2010-07-30,"1848","8660","1",5,5,7,"0109",0,0,"0",,0,"08X","TELEGRAPH AV","37TH ST",10,"S","N","A","-","N",,,,,,,,,,"N",4,0,1,2,"A","-","03",22350,,"N","C","C","A","A","H","-","A","A",0,,,,,"Y",,"A","01",0,0,1,0,0,0,0,0,0,"-","-","ALAMEDA","OAKLAND",-122.26551,37.82534
"4848467",2010,2011-08-08,"0109",2010-07-04,"1924","8910","3",7,5,7,"0109",0,0,"0",,0,"34X","INTERNATIONAL BL","85TH AV",0,,"Y","A","-","N",,,,,,,,,,"N",4,0,1,2,"A","-","05",21202,"A","N","H","G","A","A","-","-","A","A",0,,"Y",,,"Y",,"L","04",0,0,1,0,0,0,1,0,0,"-","-","ALAMEDA","OAKLAND",-122.17727,37.75364
"4848479",2010,2011-08-08,"0109",2010-07-14,"1248","8278","2",3,5,7,"0109",0,0,"0",,0,"18X","14TH AV","E 31ST ST",0,,"Y","A","-","N",,,,,,,,,,"Y",4,0,1,2,"A","-","12",21453,"A","N","D","C","A","A","H","-","A","A",0,,,,,"Y",,"D","22",0,0,1,0,0,0,0,0,0,"-","-","ALAMEDA","OAKLAND",-122.22952,37.79895
"4848676",2010,2011-02-16,"0109",2010-03-11,"1507","8257",,4,5,7,"0109",0,0,"0",,0,"25X","35TH AV","CALIFORNIA ST",0,,"Y","A","-","N",,,,,,,,,,"Y",2,0,2,2,"A","-","09",21802,"A","N","D","C","A","A","H","-","A","A",0,,,"Y",,"Y",,"A","08",1,1,0,0,0,0,0,0,2,"-","-","ALAMEDA","OAKLAND",-122.19809,37.79537
"4848915",2010,2011-09-13,"0109",2010-08-09,"1333","7651","1",1,5,7,"0109",0,0,"0",,0,"03Y","14TH ST","MARTIN LUTHER KING JR WY",0,,"Y","A","-","N",,,,,,,,,,"Y",4,0,1,2,"A","-","12",21453,"A","N","D","C","A","A","H","-","A","A",0,,,"Y",,"Y",,"C","02",0,0,1,0,0,0,0,0,1,"-","-","ALAMEDA","OAKLAND",-122.27601,37.80622
"4848947",2010,2011-09-20,"0109",2010-08-04,"1318","8339","3",3,5,7,"0109",0,0,"0",,0,"26X","INTERNATIONAL BL","54TH AV",0,,"Y","A","-","N",,,,,,,,,,"Y",4,0,1,2,"A","-","10",21950,"A","F","G","B","B","A","H","-","A","D",0,"Y",,,,"Y",,"A","01",0,0,1,0,1,0,0,0,0,"-","-","ALAMEDA","OAKLAND",-122.20552,37.7679
"4849025",2010,2011-09-08,"0109",2010-08-07,"1131","8790","1",6,5,7,"0109",0,0,"0",,0,"06X","SAN PABLO AV","WEST ST",30,"S","N","B","-","N",,,,,,,,,,"N",4,0,2,2,"A","-","05",21650,"1","N","H","G","A","A","H","-","A","D",0,,"Y",,,"Y",,"L","04",0,0,2,0,0,0,1,0,0,"-","-","ALAMEDA","OAKLAND",-122.27493,37.81524
"4849134",2010,2011-08-25,"0109",2010-07-26,"1500","7741","1",1,5,7,"0109",0,0,"0",,0,"03X","WEST GRAND AV","POPLAR ST",0,,"Y","A","-","N",,,,,,,,,,"Y",4,0,2,2,"A","-","12",21453,"A","N","D","C","A","A","H","-","A","A",0,,,,,"Y",,"-","-",0,0,2,0,0,0,0,0,0,"-","-","ALAMEDA","OAKLAND",-122.28718,37.8162
"4850336",2010,2011-09-07,"0109",2010-08-09,"1020","8454","1",1,5,7,"0109",0,0,"0",,0,"04X","20TH ST","BROADWAY",40,"W","N","B","-","N",,,,,,,,,,"N",4,0,2,2,"A","-","08",22107,,"N","B","C","A","A","H","-","A","A",0,,,,,"Y",,"I","20",0,0,2,0,0,0,0,0,0,"-","-","ALAMEDA","OAKLAND",-122.26834,37.8091
"4850899",2010,2011-10-06,"9335",2010-08-19,"1700","13740",,4,2,7,"0109",0,1,"1",,1,"082","RT 80","CALL BX 260",300,"W","N","B","-","Y","ALA",4,80,"-","-",1.54,"H","-","W",,4,0,1,5,"A","-","03",22350,,"N","C","C","A","A","H","-","A","D",4,,,,,"Y",,"A","01",0,0,1,0,0,0,0,0,0,"-","-","ALAMEDA","OAKLAND",-122.3273,37.82174
"4850940",2010,2011-10-06,"9335",2010-08-12,"1655","19510",,4,2,7,"0109",0,1,"1",,2,"084","RT 80","TOLL PLZ",475,"W","N","A","-","Y","ALA",4,80,"-","-",1.91,"H","-","W","Y",4,0,1,2,"A","-","03",22350,,"N","C","C","A","A","H","-","A","D",4,,,"Y",,"Y",,"C","02",0,0,1,0,0,0,0,0,1,"-","-","ALAMEDA","OAKLAND",-122.32198,37.82268
"4853596",2010,2011-08-12,"0109",2010-08-13,"0807","8113","2",5,5,7,"0109",0,0,"0",,0,"16X","MANDANA BL","CALMAR",65,"W","N","B","-","N",,,,,,,,,,"Y",4,0,1,2,"A","-","03",22350,,"N","B","I","A","B","H","-","A","A",0,,,,"Y","Y",,"A","01",0,0,1,0,0,0,0,0,0,"-","-","ALAMEDA","OAKLAND",-122.23974,37.81049
"4854321",2010,2011-10-06,"9335",2010-08-14,"1938","19820",,6,2,7,"0109",0,1,"1",,1,"082","RT 80","CANTELEVERS",673,"E","N","A","-","Y","ALA",4,80,"-","-",0.13,"H","-","W","Y",3,0,2,6,"A","-","03",22350,,"N","C","C","A","A","H","-","A","D",4,,,,,"Y",,"A","01",0,1,1,0,0,0,0,0,0,"-","-","ALAMEDA","OAKLAND",-122.34745,37.81794
"4854416",2010,2011-09-19,"0109",2010-08-13,"1315","8096","2",5,5,7,"0109",0,0,"0",,0,"19X","E 15TH ST","4TH AV",0,,"Y","A","-","N",,,,,,,,,,"N",4,0,1,2,"A","-","03",22350,,"N","C","C","A","A","H","-","A","D",0,,,,,"Y",,"A","01",0,0,1,0,0,0,0,0,0,"-","-","ALAMEDA","OAKLAND",-122.25378,37.79716
"4854424",2010,2011-08-29,"0109",2010-08-11,"1940","8343","3",3,5,7,"0109",0,0,"0",,0,"15X","E 18TH ST","4TH AV",0,,"Y","B","-","N",,,,,,,,,,"N",4,0,1,2,"A","-","09",21801,"A","N","A","C","A","A","H","-","B","A",0,,,"Y",,"Y",,"A","01",0,0,1,0,0,0,0,0,1,"-","-","ALAMEDA","OAKLAND",-122.25103,37.79912
"4854432",2010,2011-08-29,"0109",2010-08-07,"1103","8929","2",6,5,7,"0109",0,0,"0",,0,"20X","INTERNATIONAL BL","23RD AV",0,,"Y","B","-","N",,,,,,,,,,"N",4,0,1,4,"A","-","12",21453,"A","N","D","C","A","A","H","-","A","A",0,,,,,"Y",,"A","01",0,0,1,0,0,0,0,0,0,"-","-","ALAMEDA","OAKLAND",-122.23596,37.78341
"4854444",2010,2011-08-29,"0109",2010-08-23,"1350","8214","3",1,5,7,"0109",0,0,"0",,0,"35Y","GOLF LINKS","ELYSIAN FIELDS DR",528,"N","N","A","-","N",,,,,,,,,,"N",3,0,1,1,"A","-","03",22350,,"N","F","A","A","A","H","-","A","D",0,,,"Y",,"Y",,"C","02",0,1,0,0,0,0,0,0,1,"-","-","ALAMEDA","OAKLAND",-122.14285,37.75722
"4854460",2010,2011-08-29,"0109",2010-08-21,"1750","8698","3",6,5,7,"0109",0,0,"0",,0,"32X","98TH AV","C ST",10,"S","N","A","-","N",,,,,,,,,,"N",4,0,1,2,"A","-","04",21703,,"N","C","C","A","A","H","-","A","D",0,,,,,"Y",,"A","01",0,0,1,0,0,0,0,0,0,"-","-","ALAMEDA","OAKLAND",-122.17481,37.74232
"4854472",2010,2011-10-19,"0109",2010-08-20,"1537","8214","1",5,5,7,"0109",0,0,"0",,0,"08X","TELEGRAPH AV","34TH ST",0,,"Y","A","-","N",,,,,,,,,,"N",3,0,1,2,"A","-","09",21801,"A","N","H","A","A","A","H","-","A","A",0,,"Y",,,"Y",,"A","01",0,1,0,0,0,0,1,0,0,"-","-","ALAMEDA","OAKLAND",-122.26629,37.82245
"4854476",2010,2011-08-29,"0109",2010-08-24,"1000","8214","3",2,5,7,"0109",0,0,"0",,0,"26X","HIGH ST","INTERNATIONAL BL",20,"S","N","A","-","N",,,,,,,,,,"N",3,0,1,2,"B","-","22",,,"N","H","E","A","A","H","-","A","D",0,,"Y",,,"Y",,"L","04",0,1,0,0,0,0,1,0,0,"-","-","ALAMEDA","OAKLAND",-122.21492,37.77231
"4854480",2010,2011-08-29,"0109",2010-08-20,"1410","8214","1",5,5,7,"0109",0,0,"0",,0,"12Y","COLLEGE AV","LAWTON AV",145,"N","N","A","-","N",,,,,,,,,,"Y",3,0,1,3,"A","-","21",22106,,"N","B","C","A","A","H","-","A","D",0,,,,,"Y",,"A","01",0,1,0,0,0,0,0,0,0,"-","-","ALAMEDA","OAKLAND",-122.25164,37.84294
"4854481",2010,2011-08-31,"0109",2010-08-14,"2202","8863","3",6,5,7,"0109",0,0,"0",,0,"30X","INTERNATIONAL BL","78TH AV",65,"W","N","A","-","N",,,,,,,,,,"N",3,0,1,2,"A","-","11",21954,"A","F","G","B","D","A","H","-","C","D",0,"Y",,,,"Y","Y","N","60",0,1,0,0,1,0,0,0,0,"-","-","ALAMEDA","OAKLAND",-122.18373,37.75758
"4854485",2010,2011-08-31,"0109",2010-08-03,"1450","8339","3",2,5,7,"0109",0,0,"0",,0,"26X","FOOTHILL BL","VICKSBURG AV",0,,"Y","A","-","N",,,,,,,,,,"Y",4,0,1,2,"A","-","12",21453,"A","M","D","C","A","A","H","-","A","A",0,,,,,"Y",,"A","01",0,0,1,0,0,0,0,0,0,"-","-","ALAMEDA","OAKLAND",-122.20301,37.77266
"4854537",2010,2011-08-31,"0109",2010-08-06,"1254","8257","3",5,5,7,"0109",0,0,"0",,0,"31Z","98TH AV","PIPPIN ST",0,,"Y","A","-","N",,,,,,,,,,"Y",2,0,1,2,"A","-","08",22107,,"F","E","I","A","A","H","-","A","A",0,,,,,"Y",,"A","01",1,0,0,0,0,0,0,0,0,"-","-","ALAMEDA","OAKLAND",-122.1803,37.73877
"4854997",2010,2011-08-09,"0109",2010-07-04,"2230","8950","1",7,5,7,"0109",0,0,"0",,0,"05Y","MANDELA PKWY","20TH ST",0,,"Y","A","-","N",,,,,,,,,,"Y",4,0,3,2,"A","-","01",23152,"A","N","D","C","A","A","H","-","C","D",0,,,,,"Y",,"A","01",0,0,3,0,0,0,0,0,0,"-","-","ALAMEDA","OAKLAND",-122.29008,37.81524
"4855045",2010,2011-08-01,"0109",2010-07-21,"1300","8203","1",3,5,7,"0109",0,0,"0",,0,"12Y","COLLEGE AV","MILES AV",0,,"Y","A","-","N",,,,,,,,,,"Y",4,0,1,4,"A","-","17",21663,,"N","C","E","A","A","H","-","A","A",0,,,,,"Y",,"A","01",0,0,1,0,0,0,0,0,0,"-","-","ALAMEDA","OAKLAND",-122.25188,37.84508
"4855210",2010,2011-08-30,"0109",2010-08-10,"1523","8246",,2,5,7,"0109",0,0,"0",,0,"26X","HEGENBERGER RD","HAMILTON ST",0,,"Y","A","-","N",,,,,,,,,,"N",4,0,1,2,"A","-","12",21453,"A","F","D","C","A","A","H","-","A","A",0,,,,,"Y",,"-","-",0,0,1,0,0,0,0,0,0,"-","-","ALAMEDA","OAKLAND",-122.19036,37.75646
"4855250",2010,2011-08-30,"0109",2010-08-14,"0518","8163",,6,5,7,"0109",0,0,"0",,0,"18X","FOOTHILL BL","18TH AV",0,,"Y","B","-","N",,,,,,,,,,"Y",4,0,1,2,"A","-","09",21802,"A","N","D","C","A","A","H","-","C","A",0,,,,,"Y",,"A","07",0,0,1,0,0,0,0,0,0,"-","-","ALAMEDA","OAKLAND",-122.24052,37.78876
"4857927",2010,2011-04-29,"0109",2010-05-14,"1718","8506","1",5,5,7,"0109",0,0,"0",,0,"04X","TELEGRAPH ST","20TH ST",0,,"Y","A","-","N",,,,,,,,,,"N",4,0,1,2,"A","-","12",21453,"A","N","G","B","B","A","H","-","A","A",0,"Y",,,,"Y",,"A","08",0,0,1,0,1,0,0,0,0,"-","-","ALAMEDA","OAKLAND",-122.26962,37.80956
"4857951",2010,2011-04-14,"0109",2010-04-09,"1930","8411","3",5,5,7,"0109",0,0,"0",,0,"031","98TH AV","AIRPORT ACCESS RD",0,,"Y","A","-","N",,,,,,,,,,"Y",4,0,1,2,"A","-","08",22107,,"M","D","C","A","A","H","-","A","A",0,,,,,"Y",,"A","01",0,0,1,0,0,0,0,0,0,"-","-","ALAMEDA","OAKLAND",-122.19861,37.72763
"4857959",2010,2011-04-14,"0109",2010-04-02,"0926","9861",,5,5,7,"0109",0,0,"0",,0,"012","49TH ST","WEBSTER ST",0,,"Y","B","-","N",,,,,,,,,,"N",3,0,1,2,"A","-","12",22450,"A","M","D","C","A","-","H","-","A","D",0,,,,,"Y",,"A","01",0,1,0,0,0,0,0,0,0,"-","-","ALAMEDA","OAKLAND",-122.25988,37.8355
"4859879",2010,2011-08-11,"0109",2010-08-17,"0852","8607","3",2,5,7,"0109",0,0,"0",,0,"27X","BOND ST","47TH ST",0,,"Y","B","-","N",,,,,,,,,,"N",4,0,1,2,"A","-","10",21950,"A","M","G","B","B","A","H","-","A","D",0,"Y",,,,"Y",,"A","01",0,0,1,0,1,0,0,0,0,"-","-","ALAMEDA","OAKLAND",-122.20928,37.77251
"4859900",2010,2011-08-15,"0109",2010-08-16,"1721","8835","1",1,5,7,"0109",0,0,"0",,0,"03X","8TH ST","WEBSTER ST",50,"E","N","A","-","N",,,,,,,,,,"N",4,0,1,2,"A","-","08",22107,,"M","B","B","E","A","H","-","A","D",0,"Y",,,,"Y",,"A","07",0,0,1,0,1,0,0,0,0,"-","-","ALAMEDA","OAKLAND",-122.27125,37.7992
"4859904",2010,2011-08-15,"0109",2010-08-26,"1152","8259",,4,5,7,"0109",0,0,"0",,0,"17X","14TH AV","20TH ST",0,,"Y","A","-","N",,,,,,,,,,"Y",3,0,4,2,"A","-","12",22450,"A","F","D","C","A","A","H","-","A","A",0,,,,,"Y",,"D","22",0,1,3,0,0,0,0,0,0,"-","-","ALAMEDA","OAKLAND",-122.24104,37.79326
"4859912",2010,2011-08-15,"0109",2010-08-19,"1434","8606","2",4,5,7,"0109",0,0,"0",,0,"10X","STANFORD AV","KING ST",0,,"Y","A","-","N",,,,,,,,,,"N",4,0,1,2,"A","-","08",22107,,"N","H","G","A","A","H","-","A","A",0,,"Y",,,"Y",,"L","04",0,0,1,0,0,0,1,0,0,"-","-","ALAMEDA","OAKLAND",,
"4860014",2010,2011-08-02,"0109",2010-07-23,"1848","8166",,5,5,7,"0109",0,0,"0",,0,"34X","87TH AV","HOLLY ST",0,,"Y","A","-","N",,,,,,,,,,"N",4,0,1,2,"A","-","12",22450,"A","N","D","C","A","A","H","-","A","A",0,,,,,"Y",,"A","01",0,0,1,0,0,0,0,0,0,"-","-","ALAMEDA","OAKLAND",-122.17428,37.75239
"4860034",2010,2011-08-02,"0109",2010-07-23,"1015","8214","1",5,5,7,"0109",0,0,"0",,0,"10X","52ND ST","WEST ST",75,"W","N","A","-","N",,,,,,,,,,"N",4,0,1,2,"A","-","21",22106,,"M","G","B","E","A","H","-","A","D",0,"Y",,,,"Y",,"A","01",0,0,1,0,1,0,0,0,0,"-","-","ALAMEDA","OAKLAND",-122.26959,37.83704
"4860091",2010,2011-04-11,"0109",2010-04-25,"2015","8829","1",7,5,7,"0109",0,0,"0",,0,"10Y","MARTIN LUTHER KING JR WY","46TH ST",0,,"Y","A","-","N",,,,,,,,,,"N",4,0,2,2,"A","-","12",22450,"A","F","D","C","A","A","H","-","C","D",0,,,,,"Y",,"A","01",0,0,2,0,0,0,0,0,0,"-","-","ALAMEDA","OAKLAND",-122.26728,37.83427
"4860095",2010,2011-04-11,"0109",2010-04-23,"1735","8343","3",5,5,7,"0109",0,0,"0",,0,"27X","FAIRFAX AV","HIGH ST",45,"E","N","A","-","N",,,,,,,,,,"Y",4,0,1,2,"A","-","03",22350,,"M","D","E","A","A","H","-","A","A",0,,,,,"Y",,"A","01",0,0,1,0,0,0,0,0,0,"-","-","ALAMEDA","OAKLAND",-122.20578,37.78071
"4860115",2010,2011-02-09,"0109",2010-03-28,"1315","8776","3",7,5,7,"0109",0,0,"0",,0,"30X","BANCROFT AV","82ND AV",0,,"Y","A","-","N",,,,,,,,,,"N",2,0,1,1,"A","-","08",22107,,"N","E","I","A","A","H","-","A","D",0,,,,,"Y",,"A","08",1,0,0,0,0,0,0,0,0,"-","-","ALAMEDA","OAKLAND",-122.17058,37.75999
"4860152",2010,2011-04-29,"0109",2010-05-21,"0800","8943","1",5,5,7,"0109",0,0,"0",,0,"10X","MARKET ST","54TH ST",0,,"Y","A","-","N",,,,,,,,,,"N",4,0,1,2,"A","-","10",21950,"A","M","G","B","B","A","H","-","A","A",0,"Y",,,,"Y",,"A","01",0,0,1,0,1,0,0,0,0,"-","-","ALAMEDA","OAKLAND",-122.27375,37.83834
"4860225",2010,2011-05-25,"0109",2010-06-01,"1945","7674","2",2,5,7,"0109",0,0,"0",,0,"015","BEACON ST","MACARTHUR BL",0,,"N","A","-","N",,,,,,,,,,"N",2,0,1,2,"D","-","00",,,"N","B","C","A","A","H","-","A","D",0,,,"Y",,"Y",,"-","-",1,0,0,0,0,0,0,0,1,"-","-","ALAMEDA","OAKLAND",-122.24539,37.80897
"4860528",2010,2011-08-16,"0109",2010-08-02,"1417","8339","2",1,5,7,"0109",0,0,"0",,0,"19X","23RD AV","KENNEDY ST",110,"S","N","A","-","N",,,,,,,,,,"Y",4,0,1,2,"A","-","03",22350,,"N","C","-","A","A","H","-","A","D",0,,,"Y","Y","Y",,"C","02",0,0,1,0,0,0,0,0,1,"-","-","ALAMEDA","OAKLAND",-122.23595,37.77342
"4860548",2010,2011-08-18,"0109",2010-08-27,"2032","8420","2",5,5,7,"0109",0,0,"0",,0,"24X","MACARTHUR BL","HIGH ST",30,"W","N","A","-","N",,,,,,,,,,"N",4,0,1,2,"A","-","03",22350,,"N","C","C","A","A","H","-","A","A",0,,,,,"Y",,"A","08",0,0,1,0,0,0,0,0,0,"-","-","ALAMEDA","OAKLAND",-122.19489,37.78743
"4863436",2010,2011-05-27,"0109",2010-06-18,"2128","8411","3",5,5,7,"0109",0,0,"0",,0,"33X","G ST","91ST AV",20,"W","N","A","-","N",,,,,,,,,,"N",4,0,1,2,"A","-","03",22350,,"M","C","C","A","A","H","-","C","D",0,,,,,"Y",,"A","01",0,0,1,0,0,0,0,0,0,"-","-","ALAMEDA","OAKLAND",-122.18238,37.74528
"4863440",2010,2011-05-27,"0109",2010-06-23,"2148","8506","1",3,5,7,"0109",0,0,"0",,0,"04X","CLAY ST","14TH ST",0,,"Y","A","-","N",,,,,,,,,,"N",4,0,1,2,"A","-","12",21453,"A","N","D","C","A","A","H","-","C","A",0,,,,,"Y",,"A","01",0,0,1,0,0,0,0,0,0,"-","-","ALAMEDA","OAKLAND",-122.27363,37.8053
"4865224",2010,2011-10-06,"9335",2010-08-25,"0945","017759",,3,1,7,"0109",0,1,"1",,1,"082","RT 80","SFOBB TOLL PLAZA",2640,"W","N","A","-","Y","ALA",4,80,"-","-",1.51,"H","-","W","Y",4,0,2,4,"A","-","03",22350,,"N","C","C","A","A","H","-","A","D",4,,,,"Y","Y",,"A","01",0,0,2,0,0,0,0,0,0,"-","-","ALAMEDA","OAKLAND",-122.32773,37.82168
"4866416",2010,2011-09-22,"9335",2010-08-25,"0912","17759",,3,1,7,"0109",0,1,"1",,1,"082","RT 80","ALAMEDA CO LN",1750,"E","N","A","-","Y","ALA",4,80,"-","-",0.39,"H","-","W","Y",4,0,1,2,"A","-","07",21658,"A","N","B","C","A","A","H","-","A","D",4,,,"Y",,"Y",,"A","01",0,0,1,0,0,0,0,0,1,"-","-","ALAMEDA","OAKLAND",-122.34389,37.81906
"4866448",2010,2011-09-23,"9335",2010-08-30,"1310","17759",,1,1,7,"0109",0,1,"1",,2,"084","RT 80","ALAMEDA CO LN",3221,"E","N","B","-","Y","ALA",4,80,"-","-",0.66,"H","-","E","Y",3,0,1,2,"A","-","07",21658,"A","N","F","A","A","A","H","-","A","D",4,,,"Y",,"Y",,"A","07",0,1,0,0,0,0,0,0,1,"EF","-","ALAMEDA","OAKLAND",-122.33786,37.82003