"CASE_ID","ACCIDENT_YEAR","PROC_DATE","JURIS","COLLISION_DATE","COLLISION_TIME","OFFICER_ID","REPORTING_DISTRICT","DAY_OF_WEEK","CHP_SHIFT","POPULATION","CNTY_CITY_LOC","SPECIAL_COND","BEAT_TYPE","CHP_BEAT_TYPE","CITY_DIVISION_LAPD","CHP_BEAT_CLASS","BEAT_NUMBER","PRIMARY_RD","SECONDARY_RD","DISTANCE","DIRECTION","INTERSECTION","WEATHER_1","WEATHER_2","STATE_HWY_IND","CALTRANS_COUNTY","CALTRANS_DISTRICT","STATE_ROUTE","ROUTE_SUFFIX","POSTMILE_PREFIX","POSTMILE","LOCATION_TYPE","RAMP_INTERSECTION","SIDE_OF_HWY","TOW_AWAY","COLLISION_SEVERITY","NUMBER_KILLED","NUMBER_INJURED","PARTY_COUNT","PRIMARY_COLL_FACTOR","PCF_CODE_OF_VIOL","PCF_VIOL_CATEGORY","PCF_VIOLATION","PCF_VIOL_SUBSECTION","HIT_AND_RUN","TYPE_OF_COLLISION","MVIW","PED_ACTION","ROAD_SURFACE","ROAD_COND_1","ROAD_COND_2","LIGHTING","CONTROL_DEVICE","CHP_ROAD_TYPE","PEDESTRIAN_ACCIDENT","BICYCLE_ACCIDENT","MOTORCYCLE_ACCIDENT","TRUCK_ACCIDENT","NOT_PRIVATE_PROPERTY","ALCOHOL_INVOLVED","STWD_VEHTYPE_AT_FAULT","CHP_VEHTYPE_AT_FAULT","COUNT_SEVERE_INJ","COUNT_VISIBLE_INJ","COUNT_COMPLAINT_PAIN","COUNT_PED_KILLED","COUNT_PED_INJURED","COUNT_BICYCLIST_KILLED","COUNT_BICYCLIST_INJURED","COUNT_MC_KILLED","COUNT_MC_INJURED","PRIMARY_RAMP","SECONDARY_RAMP","COUNTY","CITY","POINT_X","POINT_Y"
"5100804",2011,2012-03-27,"0109",2011-02-08,"1857","7635","3",2,5,7,"0109",0,0,"0",,0,"34X","98TH AV","BANCROFT AV",30,"S","N","A","-","N",,,,,,,,,,"N",4,0,1,3,"A","-","03",22350,,"N","C","C","A","A","H","-","A","A",0,,,,,"Y",,"A","01",0,0,1,0,0,0,0,0,0,"-","-","ALAMEDA","OAKLAND",-122.16214,37.74843
"5100812",2011,2012-03-27,"0109",2011-02-04,"0951","8606","1",5,5,7,"0109",0,0,"0",,0,"03X","MADISON ST","13TH ST",0,,"Y","A","-","N",,,,,,,,,,"N",4,0,1,2,"A","-","10",21950,"A","N","G","B","B","A","H","-","A","A",0,"Y",,,,"Y",,"A","01",0,0,1,0,1,0,0,0,0,"-","-","ALAMEDA","OAKLAND",-122.26453,37.80086
"5100816",2011,2012-03-27,"0109",2011-02-08,"1623","8217","3",2,5,7,"0109",0,0,"0",,0,"32X","B ST","98TH AV",158,"E","N","A","-","N",,,,,,,,,,"N",4,0,2,2,"A","-","03",22350,,"N","C","C","A","A","H","-","A","D",0,,,,,"Y",,"A","01",0,0,2,0,0,0,0,0,0,"-","-","ALAMEDA","OAKLAND",-122.17361,37.74238
"5100824",2011,2012-03-27,"0109",2011-02-08,"1719","8367",,2,5,7,"0109",0,0,"0",,0,"28X","MACARTHUR BL","PIERSON ST",0,,"Y","A","-","N",,,,,,,,,,"Y",4,0,2,2,"A","-","03",22350,,"N","C","C","A","A","H","-","B","A",0,,,,,"Y",,"A","01",0,0,2,0,0,0,0,0,0,"-","-","ALAMEDA","OAKLAND",-122.18808,37.78317
"5100844",2011,2012-03-27,"0109",2011-02-08,"1921","8023","2",2,5,7,"0109",0,0,"0",,0,"16X","LAKESHORE AV","LAKEPARK AV",0,,"Y","A","-","N",,,,,,,,,,"N",4,0,1,2,"A","-","09",21801,"A","N","D","G","A","A","H","-","C","D",0,,"Y",,,"Y",,"A","01",0,0,1,0,0,0,1,0,0,"-","-","ALAMEDA","OAKLAND",-122.24618,37.80997
"5100847",2011,2012-03-27,"0109",2011-02-13,"1809","8691","3",7,5,7,"0109",0,0,"0",,0,"29X","GARFIELD AV","78TH AV",0,,"Y","A","-","N",,,,,,,,,,"N",3,0,1,2,"A","-","12",22450,,"N","H","G","A","A","H","-","A","D",0,,"Y",,,"Y",,"L","04",0,1,0,0,0,0,1,0,0,"-","-","ALAMEDA","OAKLAND",-122.17283,37.76411
"5100851",2011,2012-03-27,"0109",2011-02-15,"1616","8824","1",2,5,7,"0109",0,0,"0",,0,"09X","WEST MACARTHUR BL","BROADWAY",120,"E","N","B","-","N",,,,,,,,,,"N",4,0,1,1,"A","-","08",22107,,"N","E","I","A","A","H","-","A","D",0,,,,,"Y",,"A","01",0,0,1,0,0,0,0,0,0,"-","-","ALAMEDA","OAKLAND",-122.25838,37.82426
"5100859",2011,2012-03-27,"0109",2011-02-15,"1855","8242","2",2,5,7,"0109",0,0,"0",,0,"13Z","SNAKE RD","MOUNTAIN BL",80,"E","N","B","C","N",,,,,,,,,,"Y",4,0,1,2,"A","-","03",22350,,"N","C","C","A","B","H","-","C","D",0,,,,,"Y",,"A","01",0,0,1,0,0,0,0,0,0,"-","-","ALAMEDA","OAKLAND",-122.2088,37.82444
"5100867",2011,2012-03-27,"0109",2011-02-18,"1000","8605","1",5,5,7,"0109",0,0,"0",,0,"04X","TELEGRAPH AV","BROADWAY",0,,"Y","C","-","N",,,,,,,,,,"N",4,0,1,2,"A","-","03",22350,,"N","C","C","A","B","H","-","A","A",0,,,,,"Y",,"A","08",0,0,1,0,0,0,0,0,0,"-","-","ALAMEDA","OAKLAND",-122.27056,37.80532
"5100871",2011,2012-03-27,"0109",2011-02-17,"0801","7348","1",4,5,7,"0109",0,0,"0",,0,"04X","JEFFERSON ST","17TH ST",0,,"Y","C","-","N",,,,,,,,,,"N",4,0,2,3,"A","-","12",21453,"A","N","D","C","A","B","H","-","A","A",0,,,,,"Y",,"A","07",0,0,2,0,0,0,0,0,0,"-","-","ALAMEDA","OAKLAND",-122.27358,37.80762
"5100875",2011,2012-03-27,"0109",2011-02-21,"1437","8779","3",1,5,7,"0109",0,0,"0",,0,"33X","88TH AV","INTERNATIONAL BL",0,,"Y","B","-","N",,,,,,,,,,"Y",4,0,3,3,"A","-","09",21801,"A","N","D","C","A","A","H","-","A","D",0,,,,,"Y",,"A","01",0,0,3,0,0,0,0,0,0,"-","-","ALAMEDA","OAKLAND",-122.1756,37.7511
"5100879",2011,2012-03-27,"0109",2011-02-05,"2242","9059","3",6,5,7,"0109",0,0,"0",,0,"24X","86TH AV","OLIVE ST",150,"S","N","A","-","N",,,,,,,,,,"Y",4,0,2,2,"A","-","03",22350,,"N","A","E","A","A","H","-","C","A",0,,,,,"Y",,"A","01",0,0,2,0,0,0,0,0,0,"-","-","ALAMEDA","OAKLAND",-122.17046,37.75582
"5100985",2011,2012-03-21,"0109",2011-01-25,"1929","8217","1",2,5,7,"0109",0,0,"0",,0,"03X","14TH ST","WEBSTER ST",0,,"Y","A","-","N",,,,,,,,,,"N",3,0,1,2,"A","-","10",21950,"A","N","G","B","B","A","H","-","C","A",0,"Y",,,,"Y",,"D","22",0,1,0,0,1,0,0,0,0,"-","-","ALAMEDA","OAKLAND",-122.26882,37.80339
"5100989",2011,2012-04-14,"0109",2011-02-19,"1320","8410",,6,5,7,"0109",0,0,"0",,0,"07X","POPLAR ST","WEST GRAND AV",0,,"Y","C","-","N",,,,,,,,,,"Y",4,0,3,4,"A","-","12",21453,"A","N","D","C","A","B","H","-","A","A",0,,,,,"Y",,"A","07",0,0,3,0,0,0,0,0,0,"-","-","ALAMEDA","OAKLAND",-122.28717,37.81619
"5101124",2011,2012-03-28,"0109",2011-02-18,"0845","8769","3",5,5,7,"0109",0,0,"0",,0,"27X","FOOTHILL BL","BROOKDALE AV",0,,"Y","B","C","N",,,,,,,,,,"N",3,0,4,2,"A","-","12",22450,"A","N","D","C","A","B","H","-","A","A",0,,,,,"Y",,"A","01",0,1,3,0,0,0,0,0,0,"-","-","ALAMEDA","OAKLAND",-122.19301,37.77205
"5101127",2011,2012-03-28,"0109",2011-02-21,"1957","8831",,1,5,7,"0109",0,0,"0",,0,,"54TH AV","INTERNATIONAL BL",10,"S","N","A","-","N",,,,,,,,,,"N",4,0,1,3,"A","-","03",22350,,"M","C","C","A","A","H","-","C","D",0,,,,,"Y",,"A","01",0,0,1,0,0,0,0,0,0,"-","-","ALAMEDA","OAKLAND",-122.20551,37.7679
"5101132",2011,2012-03-30,"0109",2011-02-14,"1056","8734","1",1,5,7,"0109",0,0,"0",,0,"03X","9TH ST","ALICE ST",0,,"Y","B","C","N",,,,,,,,,,"N",4,0,3,2,"A","-","09",21802,"A","N","D","C","A","B","H","-","A","A",0,,,,,"Y",,"A","01",0,0,3,0,0,0,0,0,0,"-","-","ALAMEDA","OAKLAND",-122.2686,37.79902
"5101156",2011,2012-03-28,"0109",2011-02-18,"1623","8397",,5,5,7,"0109",0,0,"0",,0,"20X","23RD AV","E 7TH ST",0,,"Y","B","C","N",,,,,,,,,,"N",4,0,1,2,"A","-","09",21801,,"N","A","C","A","B","H","-","A","A",0,,,,,"Y",,"A","01",0,0,1,0,0,0,0,0,0,"-","-","ALAMEDA","OAKLAND",-122.23628,37.77553
"5101179",2011,2012-03-30,"0109",2011-02-19,"1606","8658","2",6,5,7,"0109",0,0,"0",,0,"25X","MACARTHUR BL","HIGH ST",0,,"Y","C","-","N",,,,,,,,,,"Y",4,0,2,2,"A","-","08",22107,,"M","B","C","A","B","H","-","A","A",0,,,,,"Y",,"A","07",0,0,2,0,0,0,0,0,0,"-","-","ALAMEDA","OAKLAND",-122.19481,37.78736
"5101192",2011,2012-03-28,"0109",2011-02-23,"1920","8390","2",3,5,7,"0109",0,0,"0",,0,"08X","TELEGRAPH AV","25TH ST",5,"N","N","A","-","N",,,,,,,,,,"N",3,0,1,2,"A","-","10",21950,"A","N","G","B","B","A","H","-","C","D",0,"Y",,,,"Y",,"A","01",0,1,0,0,1,0,0,0,0,"-","-","ALAMEDA","OAKLAND",-122.26841,37.81433
"5101419",2011,2012-03-15,"0109",2011-01-21,"1135","8217","2",5,5,7,"0109",0,0,"0",,0,"19X","INTERNATIONAL BL","7TH AV",50,"W","N","A","-","N",,,,,,,,,,"N",4,0,1,2,"A","-","17",22517,,"N","H","G","A","A","H","-","A","A",0,,"Y",,,"Y",,"A","01",0,0,1,0,0,0,1,0,0,"-","-","ALAMEDA","OAKLAND",-122.25235,37.7944
"5101449",2011,2012-04-14,"0109",2011-02-18,"1933","8420","3",5,5,7,"0109",0,0,"0",,0,"32X","105TH AV","INTERNATIONAL BL",0,,"Y","C","G","N",,,,,,,,,,"N",4,0,1,2,"A","-","03",22350,,"F","G","B","B","B","H","-","C","A",0,"Y",,,,"Y","Y","D","22",0,0,1,0,1,0,0,0,0,"-","-","ALAMEDA","OAKLAND",-122.16679,37.7392
"5101479",2011,2012-06-07,"9335",2011-02-14,"1123","018688",,1,1,7,"0109",0,1,"1",,1,"082","RT 80","SFOBB METERING LIGHTS",1056,"W","N","C","-","Y","ALA",4,80,"-","-",1.7,"H","-","W","N",4,0,1,2,"A","-","08",22107,,"N","D","-","A","B","H","-","A","D",4,,,,,"Y",,"A","07",0,0,1,0,0,0,0,0,0,"-","-","ALAMEDA","OAKLAND",-122.325,37.82215
"5101493",2011,2012-03-29,"0109",2011-02-11,"1806","8234","3",5,5,7,"0109",0,0,"0",,0,"26X","SAN LEANDRO ST","50TH AV",0,,"Y","A","-","N",,,,,,,,,,"N",2,0,2,2,"A","-","09",21801,"A","F","D","C","A","A","H","-","B","A",0,,,"Y",,"Y",,"D","22",2,0,0,0,0,0,0,0,2,"-","-","ALAMEDA","OAKLAND",-122.21209,37.76641
"5101501",2011,2012-07-02,"0109",2011-02-23,"1059","8339","1",3,5,7,"0109",0,0,"0",,0,"10Y","WEST ST","45TH ST",0,,"Y","B","-","N",,,,,,,,,,"N",4,0,1,2,"A","-","12",22450,"A","N","D","C","A","A","H","-","A","A",0,,,,,"Y",,"D","22",0,0,1,0,0,0,0,0,0,"-","-","ALAMEDA","OAKLAND",-122.27008,37.83398
"5102853",2011,2012-03-30,"0109",2011-02-28,"2147","8846","2",1,5,7,"0109",0,0,"0",,0,"12X","TELEGRAPH AV","49TH ST",5,"N","N","A","-","N",,,,,,,,,,"N",4,0,1,2,"A","-","10",21950,"A","N","G","B","B","A","H","-","C","D",0,"Y",,,,"Y",,"A","01",0,0,1,0,1,0,0,0,0,"-","-","ALAMEDA","OAKLAND",-122.2629,37.83504
"5108807",2011,2012-04-23,"0109",2011-03-16,"0920","8290","1",3,5,7,"0109",0,0,"0",,0,"03X","11TH ST","WEBSTER ST",0,,"Y","B","-","N",,,,,,,,,,"Y",4,0,1,2,"A","-","12",21453,"A","N","D","C","A","A","H","-","A","A",0,,,,,"Y",,"D","22",0,0,1,0,0,0,0,0,0,"-","-","ALAMEDA","OAKLAND",-122.2701,37.80134
"5108839",2011,2012-04-24,"0109",2011-03-14,"0800","7491","1",1,5,7,"0109",0,0,"0",,0,"07X","35TH ST","ADELINE ST",0,,"Y","C","-","N",,,,,,,,,,"N",3,0,3,2,"A","-","12",22450,"A","N","D","C","A","B","H","-","A","A",0,,,,"Y","Y",,"A","01",0,1,2,0,0,0,0,0,0,"-","-","ALAMEDA","OAKLAND",-122.27994,37.82678
"5109922",2011,2012-04-24,"0109",2011-03-01,"1935","8259",,2,5,7,"0109",0,0,"0",,0,"33X","PEARMAIN ST","98TH AV",50,"W","N","A","-","N",,,,,,,,,,"Y",4,0,3,2,"A","-","03",22350,,"N","B","E","A","A","H","-","A","D",0,,,,,"Y",,"A","07",0,0,3,0,0,0,0,0,0,"-","-","ALAMEDA","OAKLAND",-122.1808,37.7382
"5109926",2011,2012-04-24,"0109",2011-03-05,"1415","8779","3",6,5,7,"0109",0,0,"0",,0,"31X","98TH AV","DENSLOWE ST",45,"S","N","B","-","N",,,,,,,,,,"Y",4,0,1,2,"A","-","03",22350,,"N","C","C","A","A","H","-","A","A",0,,,,,"Y",,"A","01",0,0,1,0,0,0,0,0,0,"-","-","ALAMEDA","OAKLAND",-122.1858,37.73357
"5109942",2011,2012-04-24,"0109",2011-03-10,"0824","8862",,4,5,7,"0109",0,0,"0",,0,"001","63RD ST","HERZOG ST",0,,"Y","A","-","N",,,,,,,,,,"N",3,0,1,2,"A","-","12",22450,"A","F","D","C","A","A","H","-","A","A",0,,"Y",,,"Y",,"L","04",0,1,0,0,0,0,1,0,0,"-","-","ALAMEDA","OAKLAND",-122.28297,37.84628
"5109954",2011,2012-04-24,"0109",2011-03-08,"1151","7766",,2,5,7,"0109",0,0,"0",,0,"34X","92ND AV","CHERRY ST",60,"S","N","B","-","N",,,,,,,,,,"N",3,0,1,2,"A","-","03",22350,,"N","A","E","A","A","H","-","A","D",0,,,"Y",,"Y",,"C","03",0,1,0,0,0,0,0,0,1,"-","-","ALAMEDA","OAKLAND",-122.16965,37.7506
"5109982",2011,2012-04-24,"0109",2011-03-08,"1440","8605","1",2,5,7,"0109",0,0,"0",,0,"03X","JACKSON ST","17TH ST",0,,"Y","A","-","N",,,,,,,,,,"N",4,0,1,2,"A","-","05",21650,"1","N","D","G","A","A","H","-","A","A",0,,"Y",,,"Y",,"L","04",0,0,1,0,0,0,1,0,0,"-","-","ALAMEDA","OAKLAND",-122.26363,37.80468
"5110632",2011,2012-04-23,"0109",2011-03-09,"0039","9052","2",3,5,7,"0109",0,0,"0",,0,"24Y","35TH AV","BROOKDALE AV",10,"N","N","A","-","N",,,,,,,,,,"N",4,0,1,2,"A","-","03",22350,,"M","C","D","A","A","H","-","C","D",0,,,,,"Y",,"D","23",0,0,1,0,0,0,0,0,0,"-","-","ALAMEDA","OAKLAND",-122.21037,37.78802
"5110924",2011,2012-05-03,"0109",2011-03-03,"1825","8480","1",4,5,7,"0109",0,0,"0",,0,"04X","JACKSON ST","14TH ST",0,,"Y","A","-","N",,,,,,,,,,"Y",3,0,1,2,"A","-","12",21453,"A","N","D","C","A","A","H","-","C","A",0,,,,,"Y",,"A","01",0,1,0,0,0,0,0,0,0,"-","-","ALAMEDA","OAKLAND",-122.26528,37.80201
"5110928",2011,2012-05-03,"0109",2011-03-07,"0815","8774","3",1,5,7,"0109",0,0,"0",,0,"33X","85TH AV","A ST",135,"S","N","A","B","N",,,,,,,,,,"N",4,0,1,2,"A","-","-",,,"N","G","B","D","A","H","-","A","D",0,"Y",,,,"Y",,"N","60",0,0,1,0,1,0,0,0,0,"-","-","ALAMEDA","OAKLAND",-122.17937,37.75229
"5110936",2011,2012-05-03,"0109",2011-03-07,"1000","8444","3",1,5,7,"0109",0,0,"0",,0,"32Y","OLIVER AV","BURR ST",40,"N","N","A","-","N",,,,,,,,,,"N",4,0,1,1,"A","-","08",22107,,"N","E","I","A","A","H","-","A","D",0,,,,,"Y",,"A","01",0,0,1,0,0,0,0,0,0,"-","-","ALAMEDA","OAKLAND",-122.15356,37.74723
"5110969",2011,2012-06-12,"0109",2011-03-03,"2035","0963",,4,5,7,"0109",0,0,"0",,0,"06X","WEST ST","40TH ST",0,,"Y","A","-","N",,,,,,,,,,"Y",4,0,2,2,"A","-","09",21806,"A","N","D","C","A","A","H","-","C","A",0,,,,,"Y",,"A","01",0,0,2,0,0,0,0,0,0,"-","-","ALAMEDA","OAKLAND",-122.27105,37.83011
"5111926",2011,2012-04-11,"0109",2011-02-28,"1700","8873","3",1,5,7,"0109",0,0,"0",,0,"30Y","BANCROFT AV","81ST AV",0,,"Y","A","-","N",,,,,,,,,,"N",3,0,1,2,"A","-","09",21802,"A","F","A","G","A","A","H","-","A","D",0,,"Y",,,"Y",,"L","04",0,1,0,0,0,0,1,0,0,"-","-","ALAMEDA","OAKLAND",-122.17116,37.76068
"5111938",2011,2012-04-25,"0109",2011-03-04,"2019","8284","3",5,5,7,"0109",0,0,"0",,0,"26X","INTERNATIONAL BL","60TH AV",30,"E","N","A","-","N",,,,,,,,,,"N",4,0,1,2,"A","-","03",22350,,"M","C","C","A","A","H","-","C","D",0,,,,,"Y",,"D","22",0,0,1,0,0,0,0,0,0,"-","-","ALAMEDA","OAKLAND",-122.19867,37.7647
"5111999",2011,2012-09-18,"0109",2011-03-21,"1105","8508","2",1,5,7,"0109",0,0,"0",,0,"19X","INTERNATIONAL BL","14TH AV",0,,"Y","A","-","N",,,,,,,,,,"N",4,0,1,2,"A","-","12",21453,"A","N","D","C","A","A","H","-","A","A",0,,,,,"Y",,"D","22",0,0,1,0,0,0,0,0,0,"-","-","ALAMEDA","OAKLAND",-122.24626,37.78944
"5112328",2011,2012-04-25,"0109",2011-03-13,"1132","8073","1",7,5,7,"0109",0,0,"0",,0,"13Y","THORNHILL DR","GRISBORNE AV",200,"S","N","B","-","N",,,,,,,,,,"N",3,0,1,2,"A","-","09",21801,"A","N","H","G","A","A","B","-","A","D",0,,"Y",,,"Y",,"A","01",0,1,0,0,0,0,1,0,0,"-","-","ALAMEDA","OAKLAND",-122.21424,37.83304
"5112336",2011,2012-04-25,"0109",2011-03-15,"1944","8846","1",2,5,7,"0109",0,0,"0",,0,"08X","WEST GRAND AV","BROADWAY",3,"W","N","C","-","N",,,,,,,,,,"N",4,0,1,2,"A","-","10",21950,"A","N","G","B","B","B","H","-","C","A",0,"Y",,,,"Y",,"A","01",0,0,1,0,1,0,0,0,0,"-","-","ALAMEDA","OAKLAND",-122.26678,37.81148
"5113731",2011,2012-05-10,"0109",2011-03-08,"1459","7635","3",2,5,7,"0109",0,0,"0",,0,"35Y","GOLF LINKS RD","MOUNTAIN BL",30,"N","N","A","-","N",,,,,,,,,,"Y",4,0,1,2,"A","-","03",22350,,"N","C","C","A","A","H","-","A","A",0,,,,,"Y",,"D","22",0,0,1,0,0,0,0,0,0,"-","-","ALAMEDA","OAKLAND",-122.15006,37.75339
"5113739",2011,2012-04-26,"0109",2011-03-09,"1547","8221","3",3,5,7,"0109",0,0,"0",,0,"19X","E 12TH ST","22ND AV",120,"E","N","A","-","N",,,,,,,,,,"N",4,0,1,1,"A","-","08",22107,,"N","E","I","A","A","H","-","A","D",0,,,,,"Y",,"D","22",0,0,1,0,0,0,0,0,0,"-","-","ALAMEDA","OAKLAND",-122.23841,37.78342
"5113981",2011,2012-04-23,"0109",2011-02-27,"1225","8508",,7,5,7,"0109",0,0,"0",,0,"19X","E 15TH ST","8TH AV",0,,"Y","A","-","N",,,,,,,,,,"N",4,0,1,2,"A","-","07",21658,"A","N","B","C","A","A","H","-","A","D",0,,,,,"Y",,"-","-",0,0,1,0,0,0,0,0,0,"-","-","ALAMEDA","OAKLAND",-122.25044,37.79423
"5114032",2011,2012-05-04,"0109",2011-04-04,"0800","8088","3",1,5,7,"0109",0,0,"0",,0,"27X","FOOTHILL BL","HIGH ST",70,"E","N","A","-","N",,,,,,,,,,"Y",4,0,1,2,"A","-","00",20002,,"M","C","C","A","A","H","-","A","A",0,,,,,"Y",,"A","01",0,0,1,0,0,0,0,0,0,"-","-","ALAMEDA","OAKLAND",-122.21159,37.77459
"5115760",2011,2012-04-11,"0109",2011-02-23,"2145","8568","3",3,5,7,"0109",0,0,"0",,0,"34X","90TH AV","SUNNYSIDE ST",50,"N","N","A","-","N",,,,,,,,,,"Y",3,0,1,2,"A","-","08",22107,,"N","C","E","A","A","H","-","C","D",0,,,,,"Y",,"D","22",0,1,0,0,0,0,0,0,0,"-","-","ALAMEDA","OAKLAND",-122.16667,37.75317
"5115968",2011,2012-04-09,"0109",2011-02-05,"1000","8483","3",6,5,7,"0109",0,0,"0",,0,"34X","96TH AV","BANCROFT AV",30,"S","N","A","-","N",,,,,,,,,,"Y",2,0,2,4,"A","-","03",22350,,"F","G","B","F","A","H","-","A","D",0,"Y",,,,"Y",,"A","01",1,0,1,0,2,0,0,0,0,"-","-","ALAMEDA","OAKLAND",-122.16308,37.74971
"5115976",2011,2012-04-09,"0109",2011-02-25,"1821","8119",,5,5,7,"0109",0,0,"0",,0,"26Y","SAN LEANDRO ST","66TH AV",1200,"W","N","A","-","N",,,,,,,,,,"Y",4,0,1,2,"A","-","08",22107,,"N","B","E","A","A","H","-","C","D",0,,,,,"Y",,"A","08",0,0,1,0,0,0,0,0,0,"-","-","ALAMEDA","OAKLAND",-122.20363,37.75923
"5117703",2011,2012-04-11,"0109",2011-02-26,"1409","8454","1",6,5,7,"0109",0,0,"0",,0,"09X","PLEASANT VALLEY AV","BROADWAY",25,"E","N","A","-","N",,,,,,,,,,"N",4,0,1,2,"A","-","03",22350,,"M","C","C","A","A","H","-","A","A",0,,,,,"Y",,"D","22",0,0,1,0,0,0,0,0,0,"-","-","ALAMEDA","OAKLAND",-122.2523,37.83429
"5117707",2011,2012-04-11,"0109",2011-02-24,"1915","8568","3",4,5,7,"0109",0,0,"0",,0,"32Y","99TH AV CT","MACARTHUR BL",0,,"Y","C","-","N",,,,,,,,,,"N",4,0,1,2,"A","-","-",,,"M","G","B","B","B","H","-","C","D",0,"Y",,,,"Y",,"D","22",0,0,1,0,1,0,0,0,0,"-","-","ALAMEDA","OAKLAND",-122.1572,37.74735
"5117722",2011,2012-04-25,"0109",2011-03-03,"2225","8347","2",4,5,7,"0109",0,0,"0",,0,"16X","PARK BL","CHATHAM RD",0,,"Y","A","-","N",,,,,,,,,,"N",3,0,1,2,"A","-","12",21453,"A","N","D","C","A","A","H","-","C","A",0,,,,,"Y",,"A","01",0,1,0,0,0,0,0,0,0,"-","-","ALAMEDA","OAKLAND",-122.23315,37.80453
"5117754",2011,2012-04-25,"0109",2011-03-01,"0615","8508","2",2,5,7,"0109",0,0,"0",,0,"24X","35TH AV","GALINDO ST",78,"S","N","B","-","N",,,,,,,,,,"Y",3,0,1,3,"A","-","08",22107,,"M","C","E","A","A","H","-","A","D",0,,,,,"Y",,"A","01",0,1,0,0,0,0,0,0,0,"-","-","ALAMEDA","OAKLAND",-122.21697,37.78413
"5118967",2011,2012-05-03,"0109",2011-03-13,"1452","8454","1",7,5,7,"0109",0,0,"0",,0,"10Y","MARTIN LUTHER KING JR WY","52ND ST",25,"N","N","C","-","N",,,,,,,,,,"Y",4,0,2,5,"A","-","08",22107,,"N","B","C","A","B","H","-","A","A",0,,,,,"Y",,"A","01",0,0,2,0,0,0,0,0,0,"-","-","ALAMEDA","OAKLAND",-122.26872,37.83722
"5119043",2011,2012-04-23,"0109",2011-03-07,"1515","8846","1",1,5,7,"0109",0,0,"0",,0,"06X","MARTIN LUTHER KING JR WY","SYCAMORE ST",0,,"Y","B","-","N",,,,,,,,,,"N",2,0,1,2,"A","-","05",21650,"1","N","H","G","A","A","H","-","A","D",0,,"Y",,,"Y",,"L","04",1,0,0,0,0,0,1,0,0,"-","-","ALAMEDA","OAKLAND",-122.27199,37.81565
"5120131",2011,2012-04-16,"0109",2011-03-17,"1626","8549","3",4,5,7,"0109",0,0,"0",,0,"29X","CAMDEN ST","60TH AV",0,,"Y","A","-","N",,,,,,,,,,"Y",2,0,5,2,"A","-","12",22450,"A","F","D","C","A","A","H","-","A","A",0,,,,,"Y",,"A","01",2,0,3,0,0,0,0,0,0,"-","-","ALAMEDA","OAKLAND",-122.18468,37.77481
"5120143",2011,2012-04-16,"0109",2011-03-11,"1711","8119",,5,5,7,"0109",0,0,"0",,0,"25X","MACARTHUR BL","HIGH ST",400,"E","N","A","-","N",,,,,,,,,,"N",4,0,1,3,"A","-","03",22350,,"N","C","C","A","A","H","-","A","D",0,,,,,"Y",,"A","01",0,0,1,0,0,0,0,0,0,"-","-","ALAMEDA","OAKLAND",-122.19393,37.78652
"5120830",2011,2012-06-07,"9335",2011-02-24,"1545","020234",,4,2,7,"0109",0,1,"1",,2,"084","RT 80","RT 580",7920,"W","N","B","C","Y","ALA",4,80,"-","-",1.12,"H","-","E","Y",4,0,1,2,"A","-","03",22350,,"N","C","C","A","B","H","-","A","D",4,,,,,"Y",,"-","-",0,0,1,0,0,0,0,0,0,"-","-","ALAMEDA","OAKLAND",-122.32973,37.82128
"5121225",2011,2012-04-05,"0109",2011-03-18,"1309","8779","3",5,5,7,"0109",0,0,"0",,0,"30X","73RD AV","ORRAL ST",100,"S","N","B","C","N",,,,,,,,,,"N",4,0,1,2,"D","-","00",,,"N","B","C","A","B","H","-","A","D",0,,,,,"Y",,"-","-",0,0,1,0,0,0,0,0,0,"-","-","ALAMEDA","OAKLAND",-122.18496,37.76074
"5121229",2011,2012-04-20,"0109",2011-03-18,"0108","8322",,5,5,7,"0109",0,0,"0",,0,"30Y","73RD AV","MACARTHUR BL",12,"N","N","B","-","N",,,,,,,,,,"N",4,0,3,2,"A","-","03",22350,,"N","C","C","A","A","H","-","C","A",0,,,,,"Y",,"A","08",0,0,3,0,0,0,0,0,0,"-","-","ALAMEDA","OAKLAND",-122.17202,37.76912
"5122573",2011,2012-03-19,"0109",2011-01-29,"1423","8106","2",6,5,7,"0109",0,0,"0",,0,"19X","15TH AV","FOOTHILL BL",0,,"Y","A","-","N",,,,,,,,,,"N",4,0,1,2,"A","-","09",21802,"A","N","D","C","A","A","H","-","A","A",0,,,,,"Y",,"A","01",0,0,1,0,0,0,0,0,0,"-","-","ALAMEDA","OAKLAND",-122.24365,37.79064
"5122577",2011,2012-03-19,"0109",2011-01-24,"0850","8261","1",1,5,7,"0109",0,0,"0",,0,"08X","40TH ST","RUBY ST",700,"E","N","A","-","N",,,,,,,,,,"N",4,0,1,2,"A","-","05",21650,,"N","H","G","A","A","H","-","A","D",0,,"Y",,,"Y",,"L","04",0,0,1,0,0,0,1,0,0,"-","-","ALAMEDA","OAKLAND",-122.25969,37.82832
"5123684",2011,2012-05-17,"0109",2011-01-30,"1727","8856","3",7,5,7,"0109",0,0,"0",,0,"30X","FOOTHILL BL","HAVENSCOURT BL",0,,"Y","A","-","N",,,,,,,,,,"N",3,0,1,2,"A","-","12",21453,"A","N","D","C","A","A","H","-","A","A",0,,,,,"Y",,"A","08",0,1,0,0,0,0,0,0,0,"-","-","ALAMEDA","OAKLAND",-122.18181,37.77042