"CASE_ID","ACCIDENT_YEAR","PROC_DATE","JURIS","COLLISION_DATE","COLLISION_TIME","OFFICER_ID","REPORTING_DISTRICT","DAY_OF_WEEK","CHP_SHIFT","POPULATION","CNTY_CITY_LOC","SPECIAL_COND","BEAT_TYPE","CHP_BEAT_TYPE","CITY_DIVISION_LAPD","CHP_BEAT_CLASS","BEAT_NUMBER","PRIMARY_RD","SECONDARY_RD","DISTANCE","DIRECTION","INTERSECTION","WEATHER_1","WEATHER_2","STATE_HWY_IND","CALTRANS_COUNTY","CALTRANS_DISTRICT","STATE_ROUTE","ROUTE_SUFFIX","POSTMILE_PREFIX","POSTMILE","LOCATION_TYPE","RAMP_INTERSECTION","SIDE_OF_HWY","TOW_AWAY","COLLISION_SEVERITY","NUMBER_KILLED","NUMBER_INJURED","PARTY_COUNT","PRIMARY_COLL_FACTOR","PCF_CODE_OF_VIOL","PCF_VIOL_CATEGORY","PCF_VIOLATION","PCF_VIOL_SUBSECTION","HIT_AND_RUN","TYPE_OF_COLLISION","MVIW","PED_ACTION","ROAD_SURFACE","ROAD_COND_1","ROAD_COND_2","LIGHTING","CONTROL_DEVICE","CHP_ROAD_TYPE","PEDESTRIAN_ACCIDENT","BICYCLE_ACCIDENT","MOTORCYCLE_ACCIDENT","TRUCK_ACCIDENT","NOT_PRIVATE_PROPERTY","ALCOHOL_INVOLVED","STWD_VEHTYPE_AT_FAULT","CHP_VEHTYPE_AT_FAULT","COUNT_SEVERE_INJ","COUNT_VISIBLE_INJ","COUNT_COMPLAINT_PAIN","COUNT_PED_KILLED","COUNT_PED_INJURED","COUNT_BICYCLIST_KILLED","COUNT_BICYCLIST_INJURED","COUNT_MC_KILLED","COUNT_MC_INJURED","PRIMARY_RAMP","SECONDARY_RAMP","COUNTY","CITY","POINT_X","POINT_Y"
"5180723",2011,2012-05-17,"0109",2011-04-15,"0829","8259",,5,5,7,"0109",0,0,"0",,0,"34X","SUNNYSIDE ST","94TH AV",0,,"Y","A","-","N",,,,,,,,,,"Y",4,0,2,2,"A","-","12",22450,"A","M","D","C","A","A","H","-","A","A",0,,,,,"Y",,"A","01",0,0,2,0,0,0,0,0,0,"-","-","ALAMEDA","OAKLAND",-122.16502,37.7507
"5180728",2011,2012-05-17,"0109",2011-04-08,"1825","8265","3",5,5,7,"0109",0,0,"0",,0,"30X","BANCROFT AV","PARKER AV",20,"W","N","A","-","N",,,,,,,,,,"N",4,0,3,3,"A","-","03",22350,,"F","C","C","A","A","H","-","A","A",0,,,,,"Y","Y","A","01",0,0,3,0,0,0,0,0,0,"-","-","ALAMEDA","OAKLAND",-122.17333,37.76298
"5180729",2011,2012-06-20,"0109",2011-05-09,"1608","8659",,1,5,7,"0109",0,0,"0",,0,,"23RD AV","E 22ND ST",15,"S","N","A","-","N",,,,,,,,,,"Y",4,0,4,2,"A","-","03",22350,,"N","C","E","A","A","H","-","A","A",0,,,,,"Y",,"A","01",0,0,4,0,0,0,0,0,0,"-","-","ALAMEDA","OAKLAND",-122.23096,37.78944
"5180731",2011,2012-05-17,"0109",2011-04-19,"0751","7348","1",2,5,7,"0109",0,0,"0",,0,"01X","OAK ST","5TH ST",84,"S","N","B","-","N",,,,,,,,,,"N",4,0,1,2,"A","-","17",21663,,"M","G","B","E","A","H","-","A","D",0,"Y",,,,"Y",,"A","01",0,0,1,0,1,0,0,0,0,"-","-","ALAMEDA","OAKLAND",-122.26688,37.79468
"5180735",2011,2012-05-17,"0109",2011-04-25,"1930","8347","1",1,5,7,"0109",0,0,"0",,0,"07X","WEST GRAND AV","LINDEN ST",0,,"Y","A","-","N",,,,,,,,,,"N",4,0,1,2,"A","-","10",21950,"A","M","G","B","B","A","H","-","A","D",0,"Y",,,,"Y",,"-","99",0,0,1,0,1,0,0,0,0,"-","-","ALAMEDA","OAKLAND",-122.28186,37.81499
"5180737",2011,2012-06-20,"0109",2011-05-08,"0806","7651","1",7,5,7,"0109",0,0,"0",,0,"01X","5TH ST","JACKSON ST",0,,"Y","A","-","N",,,,,,,,,,"N",4,0,1,2,"A","-","10",21950,"A","N","G","B","B","A","H","-","A","A",0,"Y",,,,"Y",,"A","01",0,0,1,0,1,0,0,0,0,"-","-","ALAMEDA","OAKLAND",-122.26912,37.79582
"5180747",2011,2012-05-17,"0109",2011-04-23,"1319","8454",,6,5,7,"0109",0,0,"0",,0,"08X","TELEGRAPH AV","WEST MACARTHUR BL",5,"N","N","B","-","N",,,,,,,,,,"N",3,0,1,2,"A","-","17",21663,,"M","G","B","F","A","H","-","A","A",0,"Y","Y",,,"Y",,"L","04",0,1,0,0,1,0,0,0,0,"-","-","ALAMEDA","OAKLAND",-122.26525,37.82632
"5180760",2011,2012-05-17,"0109",2011-04-26,"1050","7910","1",2,5,7,"0109",0,0,"0",,0,"21Y","E 23RD ST","FRUITVALE AV",0,,"Y","A","-","N",,,,,,,,,,"N",4,0,1,3,"A","-","03",22350,,"N","C","C","A","A","H","-","A","A",0,,,,,"Y",,"A","01",0,0,1,0,0,0,0,0,0,"-","-","ALAMEDA","OAKLAND",-122.22207,37.78547
"5180763",2011,2013-01-22,"0109",2011-04-08,"1014","7848","2",5,5,7,"0109",0,0,"0",,0,"23X","INTERNATIONAL BL","FRUITVALE AV",100,"W","N","A","-","N",,,,,,,,,,"N",4,0,1,2,"A","-","08",22107,,"M","B","C","A","A","H","-","A","D",0,,,,,"Y",,"A","01",0,0,1,0,0,0,0,0,0,"-","-","ALAMEDA","OAKLAND",-122.22615,37.77774
"5180779",2011,2012-05-17,"0109",2011-04-19,"1256","7348","1",2,5,7,"0109",0,0,"0",,0,"01X","4TH ST","FRANKLIN ST",0,,"Y","A","-","N",,,,,,,,,,"N",4,0,3,2,"A","-","05",21752,,"F","D","C","A","A","H","-","A","D",0,,,,,"Y",,"A","01",0,0,3,0,0,0,0,0,0,"-","-","ALAMEDA","OAKLAND",-122.27432,37.79697
"5180781",2011,2012-06-20,"0109",2011-05-09,"2215","7702","1",1,5,7,"0109",0,0,"0",,0,"04X","TELEGRAPH AV","17TH ST",0,,"Y","A","-","N",,,,,,,,,,"N",4,0,1,2,"A","-","12",21453,"A","N","D","C","A","A","H","-","C","A",0,,,,,"Y",,"A","01",0,0,1,0,0,0,0,0,0,"-","-","ALAMEDA","OAKLAND",-122.27029,37.80686
"5180783",2011,2012-05-17,"0109",2011-04-16,"1724","8854","3",6,5,7,"0109",0,0,"0",,0,"29X","MACARTHUR BL","68TH AV",310,"W","N","A","-","N",,,,,,,,,,"N",4,0,1,2,"A","-","05",21460,"A","M","B","C","A","A","H","-","A","D",0,,,,,"Y",,"A","01",0,0,1,0,0,0,0,0,0,"-","-","ALAMEDA","OAKLAND",-122.17718,37.7718
"5180795",2011,2012-05-17,"0109",2011-04-03,"1431","8779","3",7,5,7,"0109",0,0,"0",,0,"33X","INTERNATIONAL BL","82ND AV",10,"E","N","A","-","N",,,,,,,,,,"N",4,0,1,3,"A","-","03",22350,,"M","C","C","A","A","H","-","A","A",0,,,,,"Y",,"A","01",0,0,1,0,0,0,0,0,0,"-","-","ALAMEDA","OAKLAND",-122.17952,37.7556
"5181202",2011,2012-04-20,"0109",2011-03-26,"1115","8698","3",6,5,7,"0109",0,0,"0",,0,"27Y","BANCROFT AV","52ND AV",0,,"Y","B","C","N",,,,,,,,,,"Y",4,0,2,2,"A","-","12",22450,,"N","D","D","A","B","H","-","A","A",0,,,,,"Y",,"A","01",0,0,2,0,0,0,0,0,0,"-","-","ALAMEDA","OAKLAND",,
"5181206",2011,2012-04-20,"0109",2011-03-26,"1039","8779","3",6,5,7,"0109",0,0,"0",,0,"31X","EDES AV","HEGENBERGER RD",100,"E","N","B","C","N",,,,,,,,,,"N",4,0,1,2,"A","-","09",21804,"A","N","D","C","A","B","H","-","A","D",0,,,,,"Y",,"A","01",0,0,1,0,0,0,0,0,0,"-","-","ALAMEDA","OAKLAND",-122.19588,37.7447
"5181226",2011,2012-04-20,"0109",2011-03-16,"1654","8765","1",3,5,7,"0109",0,0,"0",,0,"06X","WEST GRAND AV","MARTIN LUTHER KING JR WY",0,,"Y","-","-","N",,,,,,,,,,"N",4,0,1,2,"A","-","09",21801,"A","N","D","C","A","A","-","-","A","A",0,,,"Y",,"Y",,"A","01",0,0,1,0,0,0,0,0,1,"-","-","ALAMEDA","OAKLAND",-122.2728,37.81258
"5181249",2011,2012-04-20,"0109",2011-03-25,"1818","8281","3",5,5,7,"0109",0,0,"0",,0,"31X","SAN LEANDRO ST","HEGENBERGER RD",0,,"Y","B","-","N",,,,,,,,,,"N",4,0,1,2,"A","-","10",21950,"A","M","G","B","B","A","H","-","A","A",0,"Y",,,,"Y",,"A","01",0,0,1,0,1,0,0,0,0,"-","EO","ALAMEDA","OAKLAND",-122.19587,37.75254
"5182327",2011,2012-10-05,"9335",2011-06-06,"0615","13378",,1,1,7,"0109",0,1,"1",,1,"082","RT 80","SFOBB TOLL PLAZA",1066,"W","N","B","-","Y","ALA",4,80,"-","-",1.79,"H","-","W","Y",4,0,1,2,"A","-","07",21658,"A","N","B","C","A","A","H","-","A","D",4,,,"Y","Y","Y",,"F","26",0,0,1,0,0,0,0,0,1,"-","-","ALAMEDA","OAKLAND",-122.3237,37.82236
"5182688",2011,2012-07-31,"0109",2011-05-15,"2007","8655","2",7,5,7,"0109",0,0,"0",,0,"21X","23RD AV","E 19TH ST",0,,"Y","A","-","N",,,,,,,,,,"Y",4,0,2,2,"A","-","09",21802,"A","N","D","C","A","A","H","-","A","A",0,,,,,"Y",,"A","01",0,0,2,0,0,0,0,0,0,"-","-","ALAMEDA","OAKLAND",-122.23251,37.78657
"5182692",2011,2012-07-31,"0109",2011-05-15,"1554","8655","2",7,5,7,"0109",0,0,"0",,0,"21Y","FRUITVALE AV","GALINDO ST",50,"N","N","A","-","N",,,,,,,,,,"N",4,0,2,2,"A","-","03",22350,,"N","C","C","A","A","H","-","A","D",0,,,,,"Y",,"A","01",0,0,2,0,0,0,0,0,0,"-","-","ALAMEDA","OAKLAND",-122.22151,37.78701
"5182700",2011,2012-08-03,"0109",2011-05-13,"1802","8265","3",5,5,7,"0109",0,0,"0",,0,"32Y","MACARTHUR BL","TALBOT AV",0,,"Y","A","-","N",,,,,,,,,,"N",4,0,1,2,"A","-","09",21801,"A","N","B","C","A","A","H","-","A","A",0,,,,,"Y","Y","A","07",0,0,1,0,0,0,0,0,0,"-","-","ALAMEDA","OAKLAND",-122.15289,37.74336
"5182704",2011,2012-07-31,"0109",2011-05-13,"1203","8367",,5,5,7,"0109",0,0,"0",,0,"27X","HIGH ST","FAIRFAX AV",10,"S","N","A","-","N",,,,,,,,,,"Y",4,0,2,2,"A","-","03",22350,,"N","C","C","A","A","H","-","A","A",0,,,,,"Y",,"A","08",0,0,2,0,0,0,0,0,0,"-","-","ALAMEDA","OAKLAND",-122.2059,37.78078
"5182708",2011,2012-07-31,"0109",2011-05-05,"1611","8340","3",4,5,7,"0109",0,0,"0",,0,"30X","73RD AV","INTERNATIONAL BL",50,"N","N","A","-","N",,,,,,,,,,"N",4,0,2,2,"A","-","03",22350,,"N","C","C","A","A","H","-","A","A",0,,,,,"Y",,"A","01",0,0,2,0,0,0,0,0,0,"-","-","ALAMEDA","OAKLAND",-122.187,37.7593
"5182716",2011,2013-01-16,"0109",2011-05-08,"1119","8508",,7,5,7,"0109",0,0,"0",,0,"23X","37TH AV","INTERNATIONAL BL",78,"N","N","A","-","N",,,,,,,,,,"Y",3,0,3,1,"A","-","08",22107,,"N","E","I","A","A","H","-","A","D",0,,,,,"Y",,"A","01",0,1,2,0,0,0,0,0,0,"-","-","ALAMEDA","OAKLAND",-122.22075,37.7754
"5183119",2011,2012-05-17,"0109",2011-04-21,"1237","8275","2",4,5,7,"0109",0,0,"0",,0,"19X","EMBARCADERO E","16TH AV",100,"E","N","A","-","N",,,,,,,,,,"N",4,0,1,2,"D","-","00",,,"N","H","G","A","A","H","-","A","D",0,,"Y",,,"Y",,"-","-",0,0,1,0,0,0,1,0,0,"-","-","ALAMEDA","OAKLAND",-122.24318,37.78381
"5183691",2011,2013-01-29,"0109",2011-04-08,"1635","8549","3",5,5,7,"0109",0,0,"0",,0,"31X","HEGENBERGER RD","RT 880",0,,"Y","B","-","Y","ALA",4,880,"-","-",25.678,"R","4","S","Y",4,0,2,2,"A","-","12",21453,"A","N","D","C","A","A","H","-","A","A",0,,,,,"Y",,"A","01",0,0,2,0,0,0,0,0,0,"-","SF","ALAMEDA","OAKLAND",-122.19968,37.74415
"5183727",2011,2012-05-24,"0109",2011-04-24,"1515","8751","3",7,5,7,"0109",0,0,"0",,0,"26X","E 12TH ST","51ST AV",0,,"Y","A","-","N",,,,,,,,,,"Y",4,0,3,2,"A","-","09",21801,"A","N","A","C","A","A","H","-","A","D",0,,,,,"Y",,"A","01",0,0,3,0,0,0,0,0,0,"-","-","ALAMEDA","OAKLAND",-122.20992,37.76714
"5183731",2011,2013-01-22,"0109",2011-04-24,"0051","8942","1",7,5,7,"0109",0,0,"0",,0,"02X","7TH ST","ADELINE ST",0,,"Y","C","-","N",,,,,,,,,,"Y",4,0,2,2,"A","-","09",21801,"A","N","A","C","A","B","H","-","C","A",0,,,,,"Y","Y","A","01",0,0,2,0,0,0,0,0,0,"-","-","ALAMEDA","OAKLAND",-122.28824,37.80382
"5183735",2011,2012-05-23,"0109",2011-04-22,"2119","7561","3",5,5,7,"0109",0,0,"0",,0,"19X","4TH AV","12TH ST",0,,"Y","A","-","N",,,,,,,,,,"Y",4,0,1,2,"A","-","09",21802,"A","N","D","C","A","A","H","-","C","A",0,,,,,"Y",,"A","08",0,0,1,0,0,0,0,0,0,"-","-","ALAMEDA","OAKLAND",-122.25569,37.7958
"5183759",2011,2012-05-23,"0109",2011-04-26,"0835","7766",,2,5,7,"0109",0,0,"0",,0,"23X","37TH AV","12TH ST",6,"N","N","A","-","N",,,,,,,,,,"N",4,0,2,3,"A","-","10",21950,"A","N","G","B","B","A","H","-","A","A",0,"Y",,,,"Y",,"A","01",0,0,2,0,2,0,0,0,0,"-","-","ALAMEDA","OAKLAND",-122.2217,37.77415
"5185587",2011,2012-06-20,"0109",2011-05-23,"2100","8662","2",1,5,7,"0109",0,0,"0",,0,"22X","WESTFIELD WY","CREIGHTON WY",60,"N","N","A","-","N",,,,,,,,,,"N",3,0,1,2,"C","-","18",,,"N","C","E","A","A","G","-","C","D",0,,,,,"Y",,"-","-",0,1,0,0,0,0,0,0,0,"-","-","ALAMEDA","OAKLAND",-122.17849,37.79848
"5185591",2011,2012-06-20,"0109",2011-05-21,"1530","8619","2",6,5,7,"0109",0,0,"0",,0,"23X","INTERNATIONAL BL","37TH AV",0,,"Y","A","-","N",,,,,,,,,,"N",4,0,1,2,"A","-","-",,,"N","H","G","A","A","H","-","A","A",0,,"Y",,,"Y",,"L","04",0,0,1,0,0,0,1,0,0,"-","-","ALAMEDA","OAKLAND",-122.22088,37.77521
"5185595",2011,2012-10-04,"0109",2011-06-02,"1442","8549","3",4,5,7,"0109",0,0,"0",,0,"07X","WEST GRAND AV","WAKE AV",0,,"Y","A","-","N",,,,,,,,,,"Y",4,0,2,3,"A","-","12",21453,"A","N","D","C","A","A","H","-","A","A",0,,,,,"Y",,"A","01",0,0,2,0,0,0,0,0,0,"-","-","ALAMEDA","OAKLAND",-122.30039,37.82267
"5186208",2011,2012-07-16,"0109",2011-05-03,"1547","8257","3",2,5,7,"0109",0,0,"0",,0,"33X","81ST AV","RUDSDALE ST",0,,"Y","A","-","N",,,,,,,,,,"Y",3,0,1,3,"A","-","12",22450,"A","F","D","C","A","A","H","-","A","A",0,,,,,"Y",,"A","01",0,1,0,0,0,0,0,0,0,"-","-","ALAMEDA","OAKLAND",-122.18501,37.75327
"5186224",2011,2012-07-16,"0109",2011-05-05,"2250","7993","3",4,5,7,"0109",0,0,"0",,0,"26Y","66TH AV","SAN LEANDRO ST",40,"S","N","A","-","N",,,,,,,,,,"N",4,0,1,2,"A","-","21",22106,,"N","C","C","A","A","H","-","C","A",0,,,,,"Y",,"A","01",0,0,1,0,0,0,0,0,0,"-","-","ALAMEDA","OAKLAND",-122.20091,37.75678
"5187002",2011,2012-08-15,"0109",2011-06-13,"1242","8238",,1,5,7,"0109",0,0,"0",,0,"27X","SEMINARY AV","E 16TH ST",0,,"Y","A","-","N",,,,,,,,,,"Y",4,0,1,2,"A","-","03",22350,,"N","C","C","A","A","H","-","A","D",0,,,,"Y","Y",,"A","01",0,0,1,0,0,0,0,0,0,"-","-","ALAMEDA","OAKLAND",-122.19812,37.76609
"5187010",2011,2012-04-24,"0109",2011-03-08,"0526","8704","3",2,5,7,"0109",0,0,"0",,0,"35X","GOLF LINKS RD","COSGRAVE AV",35,"W","N","C","-","N",,,,,,,,,,"N",4,0,1,3,"A","-","01",23152,"A","N","A","E","A","B","G","-","C","D",0,,,,,"Y","Y","A","01",0,0,1,0,0,0,0,0,0,"-","-","ALAMEDA","OAKLAND",-122.16316,37.76248
"5187207",2011,2012-08-15,"0109",2011-05-14,"1659","8466","3",6,5,7,"0109",0,0,"0",,0,"35X","90TH AV","MACARTHUR BL",0,,"Y","A","-","N",,,,,,,,,,"N",4,0,2,2,"A","-","09",21801,"A","N","D","C","A","A","H","-","A","A",0,,,,,"Y",,"A","01",0,0,2,0,0,0,0,0,0,"-","-","ALAMEDA","OAKLAND",-122.16135,37.7556
"5187211",2011,2012-08-15,"0109",2011-05-08,"1509","8652","2",7,5,7,"0109",0,0,"0",,0,"19X","E 15TH ST","11TH AV",6,"W","N","A","-","N",,,,,,,,,,"N",3,0,2,2,"A","-","07",21658,"A","N","B","C","A","A","H","-","A","D",0,,,,,"Y",,"A","08",0,1,1,0,0,0,0,0,0,"-","-","ALAMEDA","OAKLAND",-122.24799,37.79203
"5187219",2011,2012-08-15,"0109",2011-05-10,"1155","8178","2",2,5,7,"0109",0,0,"0",,0,"17Y","BEAUMONT AV","MACARTHUR BL",0,,"Y","A","-","N",,,,,,,,,,"N",4,0,1,2,"A","-","08",22107,,"N","B","C","A","A","H","-","A","A",0,,,,,"Y",,"A","07",0,0,1,0,0,0,0,0,0,"-","-","ALAMEDA","OAKLAND",-122.22899,37.80053
"5187223",2011,2012-08-15,"0109",2011-05-10,"1637","8691","3",2,5,7,"0109",0,0,"0",,0,"26X","E 12TH ST","HIGH ST",0,,"Y","A","-","N",,,,,,,,,,"N",4,0,2,2,"A","-","12",21453,"A","N","D","C","A","A","H","-","A","A",0,,,,,"Y",,"A","08",0,0,2,0,0,0,0,0,0,"-","-","ALAMEDA","OAKLAND",-122.21609,37.77142
"5187231",2011,2012-10-08,"0109",2011-05-12,"1415","8414","1",4,5,7,"0109",0,0,"0",,0,"03X","8TH ST","BROADWAY",20,"W","N","A","-","N",,,,,,,,,,"N",4,0,1,2,"A","-","10",21950,"A","N","G","B","B","A","H","-","A","A",0,"Y",,,,"Y",,"A","01",0,0,1,0,1,0,0,0,0,"-","-","ALAMEDA","OAKLAND",-122.27396,37.80026
"5187235",2011,2012-08-15,"0109",2011-05-04,"1314","8414","1",3,5,7,"0109",0,0,"0",,0,"04X","14TH ST","BROADWAY",361,"W","N","A","-","N",,,,,,,,,,"N",4,0,1,2,"A","-","08",22102,,"N","D","G","A","A","H","-","A","A",0,,"Y",,,"Y",,"L","04",0,0,1,0,0,0,1,0,0,"-","-","ALAMEDA","OAKLAND",-122.2723,37.80477
"5187250",2011,2012-08-15,"0109",2011-05-17,"1520","8107","3",2,5,7,"0109",0,0,"0",,0,"026","SAN LEANDRO ST","75TH AV",0,,"Y","B","-","N",,,,,,,,,,"Y",4,0,1,3,"A","-","09",21801,"A","N","D","C","A","A","H","-","A","A",0,,,,,"Y",,"A","07",0,0,1,0,0,0,0,0,0,"-","-","ALAMEDA","OAKLAND",-122.19538,37.75215
"5187259",2011,2013-01-25,"0109",2011-05-02,"1016","8210","3",1,5,7,"0109",0,0,"0",,0,"29X","FOOTHILL BL","62ND AV",0,,"Y","A","-","N",,,,,,,,,,"N",4,0,1,2,"A","-","09",21802,"A","N","B","C","A","A","H","-","A","D",0,,,,,"Y",,"A","01",0,0,1,0,0,0,0,0,0,"-","-","ALAMEDA","OAKLAND",-122.18667,37.77104
"5187262",2011,2012-08-15,"0109",2011-05-29,"1820","8549","3",7,5,7,"0109",0,0,"0",,0,"31X","HEGENBERGER RD","BALDWIN ST",100,"N","N","A","-","N",,,,,,,,,,"Y",4,0,2,3,"A","-","08",22107,,"N","B","C","A","A","H","-","A","D",0,,,,,"Y",,"A","01",0,0,2,0,0,0,0,0,0,"-","-","ALAMEDA","OAKLAND",-122.19654,37.75084
"5187267",2011,2012-08-15,"0109",2011-05-02,"2125","8660","1",1,5,7,"0109",0,0,"0",,0,"12X","TELEGRAPH AV","40TH ST",25,"N","N","A","-","N",,,,,,,,,,"N",3,0,1,2,"A","-","11",21950,"B","N","G","B","D","A","H","-","C","A",0,"Y",,,,"Y",,"N","60",0,1,0,0,1,0,0,0,0,"-","-","ALAMEDA","OAKLAND",-122.26449,37.82914
"5189131",2011,2012-05-17,"0109",2011-04-20,"1917","7738","1",3,5,7,"0109",0,0,"0",,0,"03X","FRANKLIN ST","6TH ST",66,"N","N","B","-","N",,,,,,,,,,"Y",4,0,3,5,"A","-","03",22350,,"N","B","E","-","A","H","-","A","D",0,"Y",,,,"Y",,"A","07",0,0,3,0,1,0,0,0,0,"-","-","ALAMEDA","OAKLAND",-122.27334,37.79852
"5189135",2011,2012-05-17,"0109",2011-04-30,"1148","8631","3",6,5,7,"0109",0,0,"0",,0,"26Y","HEGENBERGER RD","HAMILTON ST",0,,"Y","A","-","N",,,,,,,,,,"N",4,0,1,2,"A","-","08",22100,"B","N","C","C","A","A","H","-","A","A",0,,,"Y",,"Y",,"A","01",0,0,1,0,0,0,0,0,1,"-","-","ALAMEDA","OAKLAND",-122.19035,37.75646
"5189204",2011,2012-07-26,"0109",2011-05-21,"1556","8662","2",6,5,7,"0109",0,0,"0",,0,"21X","COOLIDGE AV","HAROLD ST",0,,"Y","A","-","N",,,,,,,,,,"N",4,0,1,2,"A","-","12",22450,"A","N","D","C","A","A","H","-","A","A",0,,,,,"Y",,"A","01",0,0,1,0,0,0,0,0,0,"-","-","ALAMEDA","OAKLAND",-122.21095,37.79635
"5189228",2011,2012-07-26,"0109",2011-05-18,"1633","8120",,3,5,7,"0109",0,0,"0",,0,"20X","23RD AV","E 7TH ST",0,,"Y","A","-","N",,,,,,,,,,"N",3,0,3,3,"A","-","09",21801,"A","N","A","C","A","A","H","-","A","A",0,,,,,"Y",,"A","01",0,1,2,0,0,0,0,0,0,"-","-","ALAMEDA","OAKLAND",-122.23628,37.77553
"5189232",2011,2012-07-26,"0109",2011-05-20,"1917","8443","1",5,5,7,"0109",0,0,"0",,0,"01X","MARTIN LUTHER KING JR WY","5TH ST",0,,"Y","A","-","N",,,,,,,,,,"N",4,0,3,3,"A","-","12",21453,"A","N","D","C","A","A","H","-","A","A",0,,,"Y",,"Y",,"A","01",0,0,3,0,0,0,0,0,2,"-","-","ALAMEDA","OAKLAND",-122.27982,37.79999
"5189275",2011,2012-07-26,"0109",2011-05-21,"1850","8658","2",6,5,7,"0109",0,0,"0",,0,"25X","35TH AV","KANSAS ST",150,"S","N","A","-","N",,,,,,,,,,"N",3,0,1,2,"A","-","11",21950,"B","N","G","B","D","A","H","-","A","D",0,"Y",,,,"Y",,"N","60",0,1,0,0,1,0,0,0,0,"-","-","ALAMEDA","OAKLAND",-122.19977,37.79438
"5189606",2011,2011-07-22,"0109",2011-02-15,"1801","8483T",,2,5,7,"0109",0,0,"0",,0,,"GRAND AV","WELDON AV",151,"S","N","B","-","N",,,,,,,,,,"N",1,1,0,2,"A","-","11",21954,"A","N","G","B","E","A","H","-","C","D",0,"Y",,,,"Y",,"N","60",0,0,0,1,0,0,0,0,0,"-","-","ALAMEDA","OAKLAND",-122.24566,37.81594
"5189950",2011,2013-03-26,"9370",2011-04-14,"1958","018843",,4,2,7,"0109",0,1,"1",,2,"178","RT 880","WEST GRAND AV",2293,"S","N","A","-","Y","ALA",4,880,"-","R",34.32,"H","-","N","Y",1,1,1,2,"A","-","01",23152,"A","N","C","C","A","A","H","-","B","D",1,,,,,"Y","Y","A","01",1,0,0,0,0,0,0,0,0,"-","-","ALAMEDA","OAKLAND",-122.29628,37.81792
"5192346",2011,2012-10-05,"9335",2011-05-27,"0407","020011",,5,3,7,"0109",0,1,"1",,1,"082","RT 80","SAN FRANCISCO/ALAMEDA COUTNY LINE",150,"E","N","A","-","Y","ALA",4,80,"-","-",0.03,"H","-","W","Y",3,0,1,1,"A","-","01",23152,"A","M","E","I","A","A","H","-","C","D",4,,,,,"Y","Y","A","01",0,1,0,0,0,0,0,0,0,"-","-","ALAMEDA","OAKLAND",-122.34882,37.8175
"5192642",2011,2012-06-15,"0109",2011-02-24,"1815","8223",,4,5,7,"0109",0,0,"0",,0,"20X","FRUITVALE AV","INTERNATIONAL BL",0,,"Y","B","C","N",,,,,,,,,,"N",4,0,1,2,"A","-","10",21950,"A","N","G","B","B","B","H","-","C","A",0,"Y",,,,"Y",,"A","01",0,0,1,0,1,0,0,0,0,"-","-","ALAMEDA","OAKLAND",-122.22584,37.7776
"5192705",2011,2012-04-09,"0109",2011-02-24,"1855","8265",,4,5,7,"0109",0,0,"0",,0,,"MACARTHUR BL","35TH AV",100,"N","N","C","-","N",,,,,,,,,,"N",4,0,1,2,"A","-","03",22350,,"N","B","C","A","B","H","-","C","A",0,,,,,"Y",,"A","01",0,0,1,0,0,0,0,0,0,"-","-","ALAMEDA","OAKLAND",-122.2009,37.79406
"5193108",2011,2012-10-16,"0109",2011-06-13,"1108","8606","1",1,5,7,"0109",0,0,"0",,0,"03X","8TH ST","OAK ST",0,,"Y","A","-","N",,,,,,,,,,"N",4,0,1,2,"A","-","12",21453,"A","N","D","C","A","A","H","-","A","A",0,,,,,"Y",,"D","22",0,0,1,0,0,0,0,0,0,"-","-","ALAMEDA","OAKLAND",-122.26549,37.79696
"5193112",2011,2012-04-24,"0109",2011-03-31,"0949","8217","1",4,5,7,"0109",0,0,"0",,0,"09X","PIEDMONT AV","41ST ST",0,,"Y","A","-","N",,,,,,,,,,"N",4,0,1,3,"A","-","09",21801,"A","N","D","E","A","A","H","-","A","A",0,,,,,"Y",,"A","01",0,0,1,0,0,0,0,0,0,"-","-","ALAMEDA","OAKLAND",-122.25247,37.82637
"5193459",2011,2012-10-17,"0109",2011-06-06,"0932","8217","1",1,5,7,"0109",0,0,"0",,0,"12X","MARTIN LUTHER KING JR WY","51ST ST",305,"S","N","C","-","N",,,,,,,,,,"N",4,0,1,2,"A","-","07",21658,"A","N","D","-","A","B","H","-","A","D",0,,,,"Y","Y",,"F","26",0,0,1,0,0,0,0,0,0,"-","-","ALAMEDA","OAKLAND",-122.26731,37.83565
"5193467",2011,2012-08-24,"0109",2011-06-18,"1407","8895",,6,5,7,"0109",0,0,"0",,0,"02X","8TH ST","MANDELA PKWY",0,,"Y","A","-","N",,,,,,,,,,"Y",4,0,1,2,"A","-","12",21453,"A","M","D","C","A","A","H","-","A","A",0,,,,,"Y",,"A","08",0,0,1,0,0,0,0,0,0,"-","-","ALAMEDA","OAKLAND",-122.29327,37.80612
"5193556",2011,2012-10-09,"0109",2011-06-07,"0155","7993","3",2,5,7,"0109",0,0,"0",,0,"29X","64TH AV","BUENA VENTURA AV",30,"S","N","A","-","N",,,,,,,,,,"Y",2,0,2,3,"A","-","03",22350,,"N","E","E","A","A","H","-","C","D",0,,,,,"Y",,"A","01",1,0,1,0,0,0,0,0,0,"-","-","ALAMEDA","OAKLAND",-122.1763,37.77681