"CASE_ID","ACCIDENT_YEAR","PROC_DATE","JURIS","COLLISION_DATE","COLLISION_TIME","OFFICER_ID","REPORTING_DISTRICT","DAY_OF_WEEK","CHP_SHIFT","POPULATION","CNTY_CITY_LOC","SPECIAL_COND","BEAT_TYPE","CHP_BEAT_TYPE","CITY_DIVISION_LAPD","CHP_BEAT_CLASS","BEAT_NUMBER","PRIMARY_RD","SECONDARY_RD","DISTANCE","DIRECTION","INTERSECTION","WEATHER_1","WEATHER_2","STATE_HWY_IND","CALTRANS_COUNTY","CALTRANS_DISTRICT","STATE_ROUTE","ROUTE_SUFFIX","POSTMILE_PREFIX","POSTMILE","LOCATION_TYPE","RAMP_INTERSECTION","SIDE_OF_HWY","TOW_AWAY","COLLISION_SEVERITY","NUMBER_KILLED","NUMBER_INJURED","PARTY_COUNT","PRIMARY_COLL_FACTOR","PCF_CODE_OF_VIOL","PCF_VIOL_CATEGORY","PCF_VIOLATION","PCF_VIOL_SUBSECTION","HIT_AND_RUN","TYPE_OF_COLLISION","MVIW","PED_ACTION","ROAD_SURFACE","ROAD_COND_1","ROAD_COND_2","LIGHTING","CONTROL_DEVICE","CHP_ROAD_TYPE","PEDESTRIAN_ACCIDENT","BICYCLE_ACCIDENT","MOTORCYCLE_ACCIDENT","TRUCK_ACCIDENT","NOT_PRIVATE_PROPERTY","ALCOHOL_INVOLVED","STWD_VEHTYPE_AT_FAULT","CHP_VEHTYPE_AT_FAULT","COUNT_SEVERE_INJ","COUNT_VISIBLE_INJ","COUNT_COMPLAINT_PAIN","COUNT_PED_KILLED","COUNT_PED_INJURED","COUNT_BICYCLIST_KILLED","COUNT_BICYCLIST_INJURED","COUNT_MC_KILLED","COUNT_MC_INJURED","PRIMARY_RAMP","SECONDARY_RAMP","COUNTY","CITY","POINT_X","POINT_Y"
"5308496",2011,2012-10-01,"9370",2011-06-15,"1330","14769",,3,1,7,"0109",0,1,"1",,2,"053","RT 580","PARK BL",600,"E","N","A","-","Y","ALA",4,580,"-","R",42.41,"H","-","W","N",4,0,1,2,"A","-","07",21658,"A","F","B","C","A","A","H","-","A","D",1,,,,,"Y",,"A","01",0,0,1,0,0,0,0,0,0,"-","-","ALAMEDA","OAKLAND",-122.22989,37.80168
"5308498",2011,2012-11-27,"9370",2011-06-28,"1315","017232",,2,1,7,"0109",0,1,"1",,2,"178","RT 880","MANDELA PKWY",430,"S","N","B","C","Y","ALA",4,880,"-","R",32.68,"H","-","N","Y",4,0,1,2,"A","-","03",22350,,"F","C","C","A","B","H","-","A","D",1,,,,,"Y",,"A","01",0,0,1,0,0,0,0,0,0,"-","-","ALAMEDA","OAKLAND",-122.2945,37.80227
"5308512",2011,2012-09-27,"9370",2011-06-15,"1745","19160",,3,2,7,"0109",0,1,"3",,2,"025","RT 24","52ND ST",500,"W","N","A","-","Y","ALA",4,24,"-","R",2.67,"H","-","E","Y",3,0,3,3,"A","-","03",22350,,"N","C","C","A","A","H","-","A","D",1,,,,,"Y",,"A","01",0,2,1,0,0,0,0,0,0,"-","-","ALAMEDA","OAKLAND",-122.26547,37.83643
"5308514",2011,2012-10-30,"9370",2011-06-28,"1817","017208",,2,2,7,"0109",0,1,"1",,2,"176","RT 880","66TH AV",1500,"N","N","B","C","Y","ALA",4,880,"-","-",26.89,"H","-","S","N",4,0,1,3,"A","-","03",22350,,"N","C","C","A","B","H","-","A","D",1,,,,,"Y",,"A","01",0,0,1,0,0,0,0,0,0,"-","-","ALAMEDA","OAKLAND",-122.21215,37.75841
"5308515",2011,2012-10-16,"9370",2011-06-09,"1845","20286",,4,2,7,"0109",0,1,"1",,2,"053","RT 580","35TH AV",1056,"W","N","A","-","Y","ALA",4,580,"-","R",40.85,"H","-","E","N",4,0,1,2,"A","-","03",22350,,"N","C","C","A","A","H","-","A","D",1,,,,,"Y",,"A","01",0,0,1,0,0,0,0,0,0,"-","-","ALAMEDA","OAKLAND",-122.20631,37.79447
"5308525",2011,2012-09-12,"9370",2011-06-26,"0727","019771",,7,1,7,"0109",0,1,"1",,2,"054","RT 580","GRAND AV",757,"W","N","A","-","Y","ALA",4,580,"-","-",43.77,"H","-","W","Y",4,0,1,1,"A","-","08",22107,,"N","E","I","A","A","H","-","A","D",1,,,,,"Y",,"A","01",0,0,1,0,0,0,0,0,0,"-","-","ALAMEDA","OAKLAND",-122.24997,37.81157
"5308527",2011,2012-10-15,"9370",2011-06-08,"1700","19561",,3,2,7,"0109",0,1,"1",,2,"098","RT 580","TELEGRAPH AV",240,"E","N","A","-","Y","ALA",4,580,"-","-",44.861,"R","2","W","Y",3,0,1,2,"A","-","07",21658,"A","F","B","C","A","A","H","-","A","D",1,,,,,"Y",,"A","01",0,1,0,0,0,0,0,0,0,"TO","-","ALAMEDA","OAKLAND",-122.26174,37.8229
"5308529",2011,2013-01-18,"9370",2011-06-24,"1339","019771",,5,1,7,"0109",0,1,"1",,2,"054","RT 580","CHETWOOD ST",75,"E","N","A","-","Y","ALA",4,580,"-","-",44.06,"H","-","W","Y",4,0,4,2,"A","-","03",22350,,"N","C","C","A","A","H","-","A","D",1,,,,,"Y",,"A","07",0,0,4,0,0,0,0,0,0,"-","-","ALAMEDA","OAKLAND",-122.25113,37.81496
"5308539",2011,2012-09-27,"9370",2011-06-04,"1245","19852",,6,1,7,"0109",0,1,"3",,2,"024","RT 24","GOLDEN GATE AV",495,"E","N","C","-","Y","ALA",4,24,"-","R",3.9,"H","-","W","Y",3,0,2,1,"A","-","08",22107,,"N","E","I","A","B","H","-","A","D",0,,,,,"Y",,"A","08",0,1,1,0,0,0,0,0,0,"-","-","ALAMEDA","OAKLAND",-122.24905,37.84584
"5308543",2011,2012-10-01,"9370",2011-06-04,"0147","020287",,6,3,7,"0109",0,1,"1",,2,"177","RT 880","MADISON ST",175,"N","N","B","C","Y","ALA",4,880,"-","-",31.12,"H","-","S","Y",4,0,1,1,"A","-","01",23152,"A","N","E","I","A","B","H","-","D","D",1,,,,,"Y","Y","A","01",0,0,1,0,0,0,0,0,0,"-","-","ALAMEDA","OAKLAND",-122.26592,37.79479
"5308551",2011,2012-10-15,"9370",2011-06-14,"1455","14769",,2,2,7,"0109",0,1,"1",,2,"053","RT 580","FRUITVALE AV",122,"W","N","A","-","Y","ALA",4,580,"-","R",41.56,"H","-","E","Y",2,0,1,1,"A","-","03",22350,,"N","F","A","A","A","H","-","A","D",1,,,"Y",,"Y",,"C","02",1,0,0,0,0,0,0,0,1,"-","-","ALAMEDA","OAKLAND",-122.21818,37.79851
"5308553",2011,2013-01-17,"9370",2011-06-23,"1800","018206",,4,2,7,"0109",0,1,"1",,2,"054","RT 580","BOSTON AV",200,"W","N","B","-","Y","ALA",4,580,"-","R",41.37,"H","-","E","Y",4,0,2,3,"A","-","03",22350,,"N","C","C","A","A","H","-","A","D",1,,,,,"Y",,"A","07",0,0,2,0,0,0,0,0,0,"-","-","ALAMEDA","OAKLAND",-122.21435,37.79752
"5308555",2011,2012-10-16,"9370",2011-06-13,"1740","14769",,1,2,7,"0109",0,1,"3",,2,"024","RT 24","CALDECOTT TNL",175,"W","N","A","-","Y","ALA",4,24,"-","R",5.9,"H","-","E","N",4,0,2,3,"A","-","03",22350,,"N","C","C","A","A","H","-","A","D",0,,,,,"Y",,"A","01",0,0,2,0,0,0,0,0,0,"-","-","ALAMEDA","OAKLAND",-122.21943,37.85427
"5308558",2011,2012-09-17,"9370",2011-06-09,"2100","020286",,4,2,7,"0109",0,1,"1",,2,"098","RT 980","18TH ST",320,"E","N","A","-","Y","ALA",4,980,"-","-",0.96,"H","-","E","Y",3,0,1,1,"A","-","01",23152,"A","N","E","I","A","A","H","-","C","D",1,,,,,"Y","Y","A","08",0,1,0,0,0,0,0,0,0,"-","-","ALAMEDA","OAKLAND",-122.27499,37.8109
"5308559",2011,2012-10-15,"9370",2011-06-11,"0030","17296",,6,3,7,"0109",0,1,"1",,2,"176","RT 880","66TH AV",1700,"N","N","A","-","Y","ALA",4,880,"-","-",26.93,"H","-","N","N",4,0,1,2,"A","-","03",22350,,"N","C","C","A","A","H","-","C","D",1,,,,,"Y",,"A","07",0,0,1,0,0,0,0,0,0,"-","-","ALAMEDA","OAKLAND",-122.21244,37.75904
"5308565",2011,2012-11-26,"9370",2011-05-31,"1718","017232",,2,2,7,"0109",0,1,"1",,2,"055","RT 580","HOLLIS ST",727,"W","N","B","-","Y","ALA",4,580,"-","-",46.38,"H","-","W","Y",4,0,2,3,"A","-","07",21658,"A","N","C","C","A","A","H","-","A","D",1,,,,,"Y",,"A","01",0,0,2,0,0,0,0,0,0,"-","-","ALAMEDA","OAKLAND",-122.2933,37.82926
"5308580",2011,2012-11-26,"9370",2011-05-31,"1710","13964",,2,2,7,"0109",0,1,"1",,2,"055","RT 580","SAN PABLO AV",100,"W","N","A","-","Y","ALA",4,580,"-","-",45.78,"H","-","W","N",4,0,1,2,"A","-","03",22350,,"N","C","C","A","A","H","-","A","D",1,,,,,"Y",,"A","01",0,0,1,0,0,0,0,0,0,"-","-","ALAMEDA","OAKLAND",-122.28166,37.8275
"5308593",2011,2012-11-08,"9370",2011-05-22,"0150","019169",,7,3,7,"0109",0,1,"1",,2,"176","RT 880","98TH AV",2216,"S","N","A","-","Y","ALA",4,880,"-","-",24.32,"H","-","N","Y",4,0,2,2,"A","-","01",23152,"A","M","C","C","A","A","H","-","D","D",1,,,,,"Y","Y","A","07",0,0,2,0,0,0,0,0,0,"-","-","ALAMEDA","OAKLAND",-122.1841,37.72669
"5308594",2011,2012-11-08,"9370",2011-05-22,"2243","020292",,7,3,7,"0109",0,1,"1",,2,"177","RT 880","5TH AV",2138,"S","N","A","-","Y","ALA",4,880,"-","-",29.98,"H","-","S","Y",4,0,1,1,"A","-","08",22107,,"N","E","I","A","A","H","-","D","D",1,,,,,"Y",,"A","01",0,0,1,0,0,0,0,0,0,"-","-","ALAMEDA","OAKLAND",-122.24961,37.78793
"5308605",2011,2012-11-27,"9370",2011-05-19,"1039","019645",,4,1,7,"0109",0,1,"3",,2,"025","RT 24","55TH ST",35,"E","N","A","-","Y","ALA",4,24,"-","R",3.04,"H","-","E","Y",4,0,1,1,"A","-","08",22107,,"N","E","I","A","A","H","-","A","D",1,,,,,"Y",,"A","01",0,0,1,0,0,0,0,0,0,"-","-","ALAMEDA","OAKLAND",-122.2643,37.83939
"5308611",2011,2012-10-15,"9370",2011-05-22,"0152","18896",,7,3,7,"0109",0,1,"1",,2,"176","RT 880","98TH AV",2135,"S","N","A","-","Y","ALA",4,880,"-","-",24.34,"H","-","N","Y",3,0,2,6,"A","-","01",23152,"A","N","B","C","E","A","H","-","D","D",1,"Y",,,,"Y","Y","A","01",0,2,0,0,2,0,0,0,0,"-","-","ALAMEDA","OAKLAND",-122.18426,37.72688
"5308622",2011,2012-11-26,"9370",2011-05-28,"1755","020292",,6,2,7,"0109",0,1,"1",,2,"054","RT 580","GRAND AV",195,"E","N","C","-","Y","ALA",4,580,"-","-",43.67,"H","-","W","N",4,0,1,2,"A","-","04",21703,,"N","C","C","A","B","H","-","A","D",1,,,,,"Y",,"A","01",0,0,1,0,0,0,0,0,0,"-","-","ALAMEDA","OAKLAND",-122.24808,37.8103
"5308625",2011,2012-11-26,"9370",2011-05-16,"0340","020287",,1,3,7,"0109",0,1,"1",,2,"053","RT 580","PARK BL",200,"E","N","B","-","Y","ALA",4,580,"-","-",42.63,"H","-","E","Y",3,0,1,1,"A","-","01",23152,"A","N","F","A","A","B","H","-","C","D",1,,,,,"Y","Y","A","07",0,1,0,0,0,0,0,0,0,"-","-","ALAMEDA","OAKLAND",-122.23286,37.80369
"5308627",2011,2013-01-04,"9370",2011-05-13,"0202","17296",,5,3,7,"0109",0,1,"1",,2,"052","RT 580","DAVENPORT AV",510,"E","N","A","-","Y","ALA",4,580,"-","R",39.27,"H","-","E","Y",3,0,1,1,"A","-","01",23152,,"M","E","I","A","A","H","-","C","D",1,,,,,"Y","Y","A","01",0,1,0,0,0,0,0,0,0,"-","-","ALAMEDA","OAKLAND",-122.17947,37.78379
"5308633",2011,2012-11-08,"9370",2011-05-24,"0931","020258",,2,1,7,"0109",0,1,"1",,2,"177","RT 880","5TH AV",1969,"S","N","A","-","Y","ALA",4,880,"-","-",30.01,"H","-","N","N",4,0,2,2,"A","-","03",22350,,"N","C","C","A","A","H","-","A","D",1,,,,,"Y",,"A","07",0,0,2,0,0,0,0,0,0,"-","-","ALAMEDA","OAKLAND",-122.24869,37.78781
"5308634",2011,2012-11-08,"9370",2011-05-08,"1103","019852",,7,1,7,"0109",0,1,"1",,2,"176","RT 880","HIGH ST",2208,"S","N","A","-","Y","ALA",4,880,"-","-",27.21,"H","-","N","N",4,0,2,2,"A","-","03",22350,,"N","C","C","A","A","H","-","A","D",1,,,,,"Y",,"A","01",0,0,2,0,0,0,0,0,0,"-","-","ALAMEDA","OAKLAND",-122.21421,37.76106
"5308639",2011,2012-12-10,"9370",2011-05-28,"1250","16710",,6,1,7,"0109",0,1,"1",,2,"177","RT 880","OAK ST",935,"S","N","B","-","Y","ALA",4,880,"-","-",30.961,"R","1","S","Y",4,0,1,2,"A","-","03",22350,,"N","C","C","A","A","H","-","A","D",1,,,,,"Y",,"A","01",0,0,1,0,0,0,0,0,0,"-","-","ALAMEDA","OAKLAND",-122.26431,37.79371
"5308730",2011,2012-05-01,"0109",2011-07-22,"2359","8751","3",5,5,7,"0109",0,0,"0",,0,"26X","INTERNATIONAL BL","SEMINARY AV",50,"W","N","A","-","N",,,,,,,,,,"N",4,0,1,2,"A","-","03",22350,,"M","C","C","A","A","H","-","C","A",0,,,,,"Y",,"A","01",0,0,1,0,0,0,0,0,0,"-","-","ALAMEDA","OAKLAND",-122.19968,37.76518
"5308760",2011,2012-07-16,"9370",2011-01-08,"2150","19156",,6,2,7,"0109",0,1,"1",,2,"055","RT 580","40TH ST",21,"W","N","A","-","Y","ALA",4,580,"-","-",45.041,"R","2","E","N",4,0,1,2,"A","-","07",21658,"A","N","F","A","A","A","H","-","D","D",1,,,"Y",,"Y",,"A","01",0,0,1,0,0,0,0,0,1,"TO","-","ALAMEDA","OAKLAND",-122.26534,37.82348
"5308763",2011,2012-04-18,"9370",2011-01-27,"0850","19469",,4,1,7,"0109",0,1,"1",,2,"052","RT 580","KELLER AV",1460,"W","N","A","-","Y","ALA",4,580,"-","R",38.08,"H","-","W","Y",4,0,1,4,"A","-","03",22350,,"N","C","C","A","A","H","-","A","D",1,,,,,"Y",,"A","01",0,0,1,0,0,0,0,0,0,"-","-","ALAMEDA","OAKLAND",-122.16187,37.77535
"5308764",2011,2012-05-31,"9370",2011-01-05,"1403","18499",,3,2,7,"0109",0,1,"1",,2,"055","RT 580","WEBSTER ST",10,"W","N","A","-","Y","ALA",4,580,"-","-",44.8,"H","-","W","Y",4,0,1,1,"A","-","08",22107,,"N","E","I","A","A","H","-","A","D",1,,,,,"Y",,"A","01",0,0,1,0,0,0,0,0,0,"-","-","ALAMEDA","OAKLAND",-122.26105,37.82273
"5308783",2011,2012-06-06,"9370",2011-01-27,"1915","18843",,4,2,7,"0109",0,1,"1",,2,"176","RT 880","HIGH ST",400,"S","N","A","-","Y","ALA",4,880,"-","-",27.55,"H","-","N","N",4,0,1,2,"A","-","03",22350,,"N","C","C","A","A","H","-","C","D",1,,,,,"Y",,"A","01",0,0,1,0,0,0,0,0,0,"-","-","ALAMEDA","OAKLAND",-122.21645,37.76358
"5308800",2011,2012-04-17,"9370",2011-01-25,"1725","13964",,2,2,7,"0109",0,1,"1",,2,"176","RT 880","98TH AV",350,"N","N","A","-","Y","ALA",4,880,"-","-",24.81,"H","-","S","N",4,0,3,3,"A","-","03",22350,,"N","C","C","A","A","H","-","D","D",1,,,,,"Y",,"A","07",0,0,3,0,0,0,0,0,0,"-","-","ALAMEDA","OAKLAND",-122.18835,37.73127
"5308805",2011,2012-04-17,"9370",2011-01-15,"0443","19967",,6,3,7,"0109",0,1,"1",,2,"176","RT 880","HEGENBERGER RD",1337,"N","N","A","-","Y","ALA",4,880,"-","-",25.75,"H","-","S","Y",2,0,1,2,"A","-","03",22350,,"N","D","C","A","A","H","-","C","D",1,,,,,"Y",,"A","01",1,0,0,0,0,0,0,0,0,"-","-","ALAMEDA","OAKLAND",-122.20026,37.7448
"5308810",2011,2012-06-14,"9370",2011-01-05,"1420","20155",,3,2,7,"0109",0,1,"1",,2,"177","RT 880","16TH AV",2112,"N","N","A","-","Y","ALA",4,880,"-","-",31.1,"H","-","S","N",4,0,2,2,"A","-","03",22350,,"N","C","C","A","A","H","-","A","D",1,,,,,"Y",,"A","01",0,0,2,0,0,0,0,0,0,"FR","-","ALAMEDA","OAKLAND",-122.26571,37.79467
"5308833",2011,2012-06-05,"9370",2011-01-12,"1840","13964",,3,2,7,"0109",0,1,"3",,2,"024","RT 24","KAY AV",400,"E","N","A","-","Y","ALA",4,24,"-","R",5.55,"H","-","E","Y",4,0,1,2,"A","-","07",21658,"A","N","C","C","A","A","H","-","D","D",0,,,"Y",,"Y",,"A","01",0,0,1,0,0,0,0,0,1,"-","-","ALAMEDA","OAKLAND",-122.22308,37.85043
"5308837",2011,2012-08-28,"9370",2011-01-10,"1830","18896",,1,2,7,"0109",0,1,"1",,2,"058","RT 580","WESTERN AV",510,"E","N","A","-","Y","CC",4,580,"-","-",6,"R","3","W","Y",4,0,1,1,"A","-","08",22107,,"N","E","I","A","A","H","-","C","D",1,,,,,"Y",,"A","07",0,0,1,0,0,0,0,0,0,"TO","-","ALAMEDA","OAKLAND",-121.6601,37.71955
"5308840",2011,2013-01-08,"9370",2011-04-25,"1715","14769",,1,2,7,"0109",0,1,"1",,2,"054","RT 580","CHETWOOD ST",560,"E","N","A","-","Y","ALA",4,580,"-","-",43.96,"H","-","W","Y",3,0,1,3,"A","-","03",22350,,"N","C","C","A","A","H","-","A","D",1,,,,,"Y",,"A","07",0,1,0,0,0,0,0,0,0,"-","-","ALAMEDA","OAKLAND",-122.25109,37.81485
"5308841",2011,2012-04-17,"9370",2011-01-12,"0330","18424",,3,3,7,"0109",0,1,"1",,2,"176","RT 880","98TH AV",800,"N","N","A","-","Y","ALA",4,880,"-","-",24.89,"H","-","N","Y",2,0,1,2,"A","-","07",21658,"A","F","B","C","A","A","H","-","D","D",1,,,,,"Y",,"-","99",1,0,0,0,0,0,0,0,0,"-","-","ALAMEDA","OAKLAND",-122.19129,37.73498
"5308845",2011,2012-06-14,"9370",2011-01-05,"1809","18579",,3,2,7,"0109",0,1,"1",,2,"008","RT 80","SFOBB ADMIN BLDG",337,"E","N","A","B","Y","ALA",4,80,"-","-",2.06,"H","-","W","Y",4,0,1,2,"A","-","08",22107,,"N","D","C","A","A","H","-","C","D",6,,,"Y",,"Y",,"A","01",0,0,1,0,0,0,0,0,1,"-","-","ALAMEDA","OAKLAND",-122.31993,37.82332
"5308849",2011,2012-04-17,"9370",2011-01-05,"1455","18804",,3,2,7,"0109",0,1,"1",,2,"177","RT 880","16TH AV",300,"N","N","A","-","Y","ALA",4,880,"-","-",29.66,"H","-","S","N",4,0,1,2,"A","-","03",22350,,"N","C","C","A","A","H","-","A","D",1,,,,,"Y",,"A","01",0,0,1,0,0,0,0,0,0,"-","-","ALAMEDA","OAKLAND",-122.24575,37.78628
"5308852",2011,2013-01-08,"9370",2011-04-26,"1250","14769",,2,1,7,"0109",0,1,"1",,2,"054","RT 580","HARRISON ST",800,"W","N","A","-","Y","ALA",4,580,"-","-",44.51,"H","-","W","Y",3,0,2,3,"A","-","03",22350,,"N","C","C","A","A","H","-","A","D",1,,,"Y",,"Y",,"A","01",0,1,1,0,0,0,0,0,1,"-","-","ALAMEDA","OAKLAND",-122.25794,37.82151
"5308858",2011,2012-04-18,"9370",2011-01-18,"1955","18192",,2,2,7,"0109",0,1,"1",,2,"052","RT 580","98TH AV",1500,"W","N","A","-","Y","ALA",4,580,"-","R",36.66,"H","-","E","Y",3,0,1,1,"A","-","01",23152,"A","N","E","I","A","A","H","-","C","D",1,,,,,"Y","Y","A","01",0,1,0,0,0,0,0,0,0,"-","-","ALAMEDA","OAKLAND",-122.14795,37.75851
"5308868",2011,2012-10-09,"9370",2011-04-19,"2223","19967",,2,3,7,"0109",0,1,"1",,2,"176","RT 880","66TH AV",2112,"N","N","A","-","Y","ALA",4,880,"-","-",27.01,"H","-","N","Y",4,0,1,2,"A","-","01",23152,"A","N","C","C","A","A","H","-","D","D",1,,,,,"Y","Y","A","01",0,0,1,0,0,0,0,0,0,"-","-","ALAMEDA","OAKLAND",-122.21294,37.75961
"5310128",2011,2012-12-10,"0109",2011-08-16,"1831","8691","2",2,5,7,"0109",0,0,"0",,0,"27X","FOOTHILL BL","50TH AV",0,,"Y","A","-","N",,,,,,,,,,"N",2,0,3,2,"A","-","03",22350,,"N","D","C","A","A","H","-","A","D",0,,,,,"Y",,"A","01",1,0,2,0,0,0,0,0,0,"-","-","ALAMEDA","OAKLAND",-122.2064,37.77265
"5310129",2011,2012-12-10,"0109",2011-08-31,"0708","8911","1",3,5,7,"0109",0,0,"0",,0,"08X","PEARL ST","HARRISON",0,,"Y","A","-","N",,,,,,,,,,"Y",4,0,1,3,"A","-","12",21453,"A","F","D","D","A","A","H","-","A","A",0,,,,,"Y",,"A","01",0,0,1,0,0,0,0,0,0,"-","-","ALAMEDA","OAKLAND",-122.25581,37.81822
"5310130",2011,2012-12-12,"0109",2011-09-15,"1142","8458","2",4,5,7,"0109",0,0,"0",,0,"32Y","MACARTHUR BL","99TH AV",0,,"Y","A","-","N",,,,,,,,,,"Y",4,0,1,2,"A","-","09",21804,"A","N","B","C","A","A","H","-","A","D",0,,,,,"Y",,"D","22",0,0,1,0,0,0,0,0,0,"-","-","ALAMEDA","OAKLAND",-122.1572,37.74735
"5311272",2011,2012-11-26,"9370",2011-04-01,"2343","018192",,5,3,7,"0109",0,1,"1",,2,"054","RT 580","BEAUMONT AV",25,"W","N","A","-","Y","ALA",4,580,"-","R",42.22,"H","-","W","Y",4,0,2,2,"A","-","01",23152,"A","N","B","C","A","A","H","-","C","D",1,,,,,"Y","Y","A","08",0,0,2,0,0,0,0,0,0,"-","-","ALAMEDA","OAKLAND",-122.22715,37.80065
"5311275",2011,2012-12-27,"9370",2011-04-20,"1130","19572",,3,1,7,"0109",0,1,"3",,2,"024","RT 24","WEST PORTAL EDGE",166,"W","N","B","-","Y","ALA",4,24,"-","R",5.82,"H","-","W","Y",3,0,1,1,"A","-","03",22350,,"N","F","A","A","A","H","-","A","D",0,,,,,"Y",,"J","49",0,1,0,0,0,0,0,0,0,"-","-","ALAMEDA","OAKLAND",-122.22012,37.8543
"5311279",2011,2013-01-15,"9370",2011-04-20,"1045","019561",,3,1,7,"0109",0,1,"1",,2,"055","RT 580","WEST MACARTHUR BL",150,"W","N","B","-","Y","ALA",4,580,"-","-",45.462,"R","2","E","Y",3,0,1,1,"C","-","18",,,"N","F","A","A","A","H","-","A","D",1,,,"Y",,"Y",,"-","-",0,1,0,0,0,0,0,0,1,"TO","-","ALAMEDA","OAKLAND",-122.27534,37.8258
"5311334",2011,2013-02-12,"9370",2011-07-27,"1858","17208",,3,2,7,"0109",0,1,"3",,2,"024","RT 24","CALDECOTT TNL",177,"E","N","A","-","Y","ALA",4,24,"-","R",5.51,"H","-","W","Y",4,0,1,1,"A","-","08",22107,,"N","E","I","A","A","H","-","A","D",0,,,,,"Y",,"A","01",0,0,1,0,0,0,0,0,0,"-","-","ALAMEDA","OAKLAND",-122.22293,37.85143
"5311750",2011,2013-03-14,"9370",2011-07-31,"1700","16710",,7,2,7,"0109",0,1,"1",,2,"176","RT 880","HIGH ST",1700,"S","N","A","-","Y","ALA",4,880,"-","-",27.31,"H","-","N","N",4,0,1,2,"A","-","03",22350,,"N","C","C","A","A","H","-","A","D",1,,,,,"Y",,"A","01",0,0,1,0,0,0,0,0,0,"-","-","ALAMEDA","OAKLAND",-122.21484,37.76178
"5312576",2011,2012-12-01,"0109",2011-08-30,"1531","8817","1",2,5,7,"0109",0,0,"0",,0,"09X","WEST MACARTHUR BL","KEMPTON WY",0,,"Y","A","-","N",,,,,,,,,,"N",4,0,2,2,"A","-","09",21801,"A","N","D","C","A","A","H","-","A","D",0,,,,,"Y",,"A","01",0,0,2,0,0,0,0,0,0,"-","-","ALAMEDA","OAKLAND",-122.25519,37.8221
"5312745",2011,2013-04-17,"0109",2011-07-18,"1029","8210","2",1,5,7,"0109",0,0,"0",,0,"29X","60TH AV","CAMDEN AV",0,,"Y","A","-","N",,,,,,,,,,"N",4,0,1,2,"A","-","09",21802,"A","N","D","C","A","A","H","-","A","A",0,,,,,"Y",,"A","01",0,0,1,0,0,0,0,0,0,"-","-","ALAMEDA","OAKLAND",-122.18468,37.77481
"5312954",2011,2012-08-28,"0109",2011-06-22,"1919","8100","1",3,5,7,"0109",0,0,"0",,0,"012","TELEGRAPH AV","46TH ST",35,"N","N","A","-","N",,,,,,,,,,"N",4,0,1,2,"A","-","05",21650,"1","N","H","G","A","A","H","-","A","D",0,,"Y",,,"Y",,"L","04",0,0,1,0,0,0,1,0,0,"-","-","ALAMEDA","OAKLAND",-122.26327,37.83373
"5314325",2011,2012-05-31,"9370",2011-03-01,"1531","020235",,2,2,7,"0109",0,1,"1",,2,"053","RT 580","SHEFFIELD AV",370,"W","N","A","-","Y","ALA",4,580,"-","R",41.82,"H","-","E","N",4,0,1,3,"A","-","01",23152,"A","N","C","C","A","A","H","-","A","D",1,,,,,"Y","Y","A","01",0,0,1,0,0,0,0,0,0,"-","-","ALAMEDA","OAKLAND",-122.22225,37.7994
"5314334",2011,2012-06-14,"9370",2011-03-11,"0755","019558",,5,1,7,"0109",0,1,"1",,2,"052","RT 580","SEMINARY AV",211,"W","N","A","-","Y","ALA",4,580,"-","R",39.491,"R","2","E","Y",4,0,1,1,"A","-","08",22107,,"N","F","I","A","A","H","-","A","D",1,,,,,"Y",,"A","01",0,0,1,0,0,0,0,0,0,"TO","-","ALAMEDA","OAKLAND",-122.18444,37.78399
"5314338",2011,2012-06-06,"9370",2011-03-11,"1550","020235",,5,2,7,"0109",0,1,"1",,2,"177","RT 880","BROADWAY",180,"S","N","A","-","Y","ALA",4,880,"-","-",31.28,"H","-","S","N",3,0,1,1,"A","-","08",22107,,"N","E","I","A","A","H","-","A","D",1,,,,,"Y",,"A","07",0,1,0,0,0,0,0,0,0,"-","-","ALAMEDA","OAKLAND",-122.2678,37.79559
"5314358",2011,2012-06-06,"9370",2011-03-10,"1450","019801",,4,2,7,"0109",0,1,"1",,2,"176","RT 880","23RD AV",150,"S","N","B","C","Y","ALA",4,880,"-","-",28.9,"H","-","N","N",4,0,1,2,"A","-","07",21658,"A","N","B","C","A","B","H","-","A","D",1,,,,,"Y",,"A","07",0,0,1,0,0,0,0,0,0,"-","-","ALAMEDA","OAKLAND",-122.2362,37.7768