"CASE_ID","ACCIDENT_YEAR","PROC_DATE","JURIS","COLLISION_DATE","COLLISION_TIME","OFFICER_ID","REPORTING_DISTRICT","DAY_OF_WEEK","CHP_SHIFT","POPULATION","CNTY_CITY_LOC","SPECIAL_COND","BEAT_TYPE","CHP_BEAT_TYPE","CITY_DIVISION_LAPD","CHP_BEAT_CLASS","BEAT_NUMBER","PRIMARY_RD","SECONDARY_RD","DISTANCE","DIRECTION","INTERSECTION","WEATHER_1","WEATHER_2","STATE_HWY_IND","CALTRANS_COUNTY","CALTRANS_DISTRICT","STATE_ROUTE","ROUTE_SUFFIX","POSTMILE_PREFIX","POSTMILE","LOCATION_TYPE","RAMP_INTERSECTION","SIDE_OF_HWY","TOW_AWAY","COLLISION_SEVERITY","NUMBER_KILLED","NUMBER_INJURED","PARTY_COUNT","PRIMARY_COLL_FACTOR","PCF_CODE_OF_VIOL","PCF_VIOL_CATEGORY","PCF_VIOLATION","PCF_VIOL_SUBSECTION","HIT_AND_RUN","TYPE_OF_COLLISION","MVIW","PED_ACTION","ROAD_SURFACE","ROAD_COND_1","ROAD_COND_2","LIGHTING","CONTROL_DEVICE","CHP_ROAD_TYPE","PEDESTRIAN_ACCIDENT","BICYCLE_ACCIDENT","MOTORCYCLE_ACCIDENT","TRUCK_ACCIDENT","NOT_PRIVATE_PROPERTY","ALCOHOL_INVOLVED","STWD_VEHTYPE_AT_FAULT","CHP_VEHTYPE_AT_FAULT","COUNT_SEVERE_INJ","COUNT_VISIBLE_INJ","COUNT_COMPLAINT_PAIN","COUNT_PED_KILLED","COUNT_PED_INJURED","COUNT_BICYCLIST_KILLED","COUNT_BICYCLIST_INJURED","COUNT_MC_KILLED","COUNT_MC_INJURED","PRIMARY_RAMP","SECONDARY_RAMP","COUNTY","CITY","POINT_X","POINT_Y"
"5439065",2011,2013-04-16,"0109",2011-10-26,"1142","8947","2",3,5,7,"0109",0,0,"0",,0,"23X","SAN LEANDRO BL","39TH AV",0,,"Y","A","-","N",,,,,,,,,,"Y",4,0,3,2,"A","-","09",21802,"A","N","D","C","A","A","H","-","A","A",0,,,,,"Y",,"A","01",0,0,3,0,0,0,0,0,0,"-","-","ALAMEDA","OAKLAND",-122.22059,37.77229
"5439069",2011,2013-01-18,"0109",2011-10-08,"0929","8346","1",6,5,7,"0109",0,0,"0",,0,"14X","MACARTHUR BL","GRAND AV",96,"W","N","A","-","N",,,,,,,,,,"N",4,0,1,2,"B","-","22",,,"M","D","C","A","A","H","-","A","D",0,,,,,"Y",,"J","48",0,0,1,0,0,0,0,0,0,"-","-","ALAMEDA","OAKLAND",-122.24903,37.81026
"5441324",2011,2012-07-09,"0109",2011-05-26,"2313","8576","3",4,5,7,"0109",0,0,"0",,0,"26X","INTERNATIONAL BL","50TH AV",0,,"Y","A","-","N",,,,,,,,,,"Y",4,0,1,1,"A","-","12",22450,"A","N","A","I","A","A","H","-","E","A",0,,,,,"Y","Y","A","01",0,0,1,0,0,0,0,0,0,"-","-","ALAMEDA","OAKLAND",-122.20874,37.7695
"5441328",2011,2012-08-27,"0109",2011-06-24,"2323","8459","2",5,5,7,"0109",0,0,"0",,0,"15X","LAKESHORE AV","E 18TH ST",264,"N","N","B","-","N",,,,,,,,,,"Y",4,0,1,1,"A","-","01",23152,,"N","F","I","A","A","H","-","C","D",0,,,,,"Y","Y","A","01",0,0,1,0,0,0,0,0,0,"-","-","ALAMEDA","OAKLAND",-122.25436,37.80128
"5441336",2011,2012-12-18,"0109",2011-07-21,"0916","8942","2",4,5,7,"0109",0,0,"0",,0,"034","82ND AV","OLIVE ST",0,,"Y","A","-","N",,,,,,,,,,"Y",4,0,1,3,"A","-","12",22450,"A","M","H","C","A","A","H","-","A","A",0,,,,,"Y",,"A","01",0,0,1,0,0,0,0,0,0,"-","-","ALAMEDA","OAKLAND",-122.17231,37.75914
"5442949",2011,2013-01-31,"0109",2011-12-15,"1740","7635","2",4,5,7,"0109",0,0,"0",,0,"30X","BANCROFT AV","HAVENSCOURT BL",0,,"Y","A","-","N",,,,,,,,,,"Y",4,0,1,2,"D","-","00",,,"N","D","C","A","A","H","-","C","A",0,,,,,"Y",,"-","-",0,0,1,0,0,0,0,0,0,"-","-","ALAMEDA","OAKLAND",-122.18199,37.76961
"5443842",2011,2013-02-01,"0109",2011-12-03,"1200","8624","1",6,5,7,"0109",0,0,"0",,0,"08X","TELEGRAPH AV","40TH ST",3,"S","N","A","-","N",,,,,,,,,,"N",3,0,1,2,"A","-","05",21650,"1","N","H","G","A","A","H","-","A","A",0,,"Y",,,"Y",,"L","04",0,1,0,0,0,0,1,0,0,"-","-","ALAMEDA","OAKLAND",-122.26452,37.82907
"5443858",2011,2013-03-15,"0109",2011-12-22,"1024","8675","1",4,5,7,"0109",0,0,"0",,0,"10Y","46TH ST","WEST ST",140,"E","N","A","-","N",,,,,,,,,,"N",4,0,1,4,"C","-","18",,,"N","C","C","A","A","H","-","A","D",0,,,,,"Y",,"-","-",0,0,1,0,0,0,0,0,0,"-","-","ALAMEDA","OAKLAND",-122.26944,37.83461
"5443866",2011,2013-02-01,"0109",2011-12-13,"0008","8938","1",2,5,7,"0109",0,0,"0",,0,"03X","7TH ST","MADISON ST",0,,"Y","A","-","N",,,,,,,,,,"N",4,0,1,2,"A","-","12",21453,"A","N","D","C","A","A","H","-","C","A",0,,,,,"Y",,"A","01",0,0,1,0,0,0,0,0,0,"-","-","ALAMEDA","OAKLAND",-122.2671,37.79672
"5443870",2011,2013-02-01,"0109",2011-12-07,"1904","8444","1",3,5,7,"0109",0,0,"0",,0,"13Z","MORAGA AV","THORNHILL DR",2640,"E","N","A","-","N",,,,,,,,,,"N",3,0,1,2,"A","-","10",21950,"A","N","G","B","C","A","H","-","C","D",0,"Y",,,,"Y",,"A","01",0,1,0,0,1,0,0,0,0,"-","-","ALAMEDA","OAKLAND",-122.21005,37.82558
"5443881",2011,2013-02-01,"0109",2011-12-17,"1016","8454","1",6,5,7,"0109",0,0,"0",,0,"12X","BROADWAY","42ND ST",0,,"Y","-","-","N",,,,,,,,,,"N",4,0,2,2,"A","-","07",21658,"A","N","B","C","A","A","H","-","A","A",0,,,,,"Y",,"A","01",0,0,2,0,0,0,0,0,0,"-","-","ALAMEDA","OAKLAND",-122.25448,37.83124
"5443897",2011,2013-02-01,"0109",2011-12-23,"1710","8119","2",5,5,7,"0109",0,0,"0",,0,"20X","INTERNATIONAL BL","28TH AV",15,"E","N","A","-","N",,,,,,,,,,"N",4,0,1,2,"A","-","08",22107,,"N","B","C","A","A","H","-","A","A",0,,,,,"Y",,"A","01",0,0,1,0,0,0,0,0,0,"-","-","ALAMEDA","OAKLAND",-122.22997,37.77981
"5443901",2011,2013-02-01,"0109",2011-12-23,"1352","11-06166","2",5,5,7,"0109",0,0,"0",,0,"31X","INTERNATIONAL BL","104TH AV",27,"E","N","A","-","N",,,,,,,,,,"N",2,0,1,2,"A","-","11",21954,"A","N","G","B","E","A","H","-","A","A",0,"Y",,,,"Y",,"N","60",1,0,0,0,1,0,0,0,0,"-","-","ALAMEDA","OAKLAND",-122.16752,37.7402
"5443905",2011,2013-02-01,"0109",2011-12-23,"0545","8919","1",5,5,7,"0109",0,0,"0",,0,"02X","7TH ST","MARKET ST",0,,"Y","A","-","N",,,,,,,,,,"N",4,0,1,2,"A","-","09",21801,"A","N","D","C","A","A","H","-","C","A",0,,,,,"Y",,"A","07",0,0,1,0,0,0,0,0,0,"-","-","ALAMEDA","OAKLAND",-122.28301,37.80267
"5443909",2011,2013-02-01,"0109",2011-12-21,"1547","8919","1",3,5,7,"0109",0,0,"0",,0,"003","CLAY ST","10TH ST",20,"S","N","A","-","N",,,,,,,,,,"N",2,0,1,2,"A","-","11",21954,"A","N","G","B","D","A","H","-","A","A",0,"Y",,,,"Y",,"N","60",1,0,0,0,1,0,0,0,0,"-","-","ALAMEDA","OAKLAND",-122.2754,37.80248
"5444811",2011,2013-01-25,"0109",2011-11-23,"2037","8914","2",3,5,7,"0109",0,0,"0",,0,"27Y","SEMINARY AV","E 16TH ST",0,,"Y","A","-","N",,,,,,,,,,"N",4,0,1,2,"A","-","03",22350,,"M","E","C","A","A","H","-","C","A",0,,,,,"Y","Y","A","01",0,0,1,0,0,0,0,0,0,"-","-","ALAMEDA","OAKLAND",-122.19812,37.76609
"5445538",2011,2013-02-01,"0109",2011-12-21,"0925","8606","1",3,5,7,"0109",0,0,"0",,0,"02X","7TH ST","UNION ST",0,,"Y","A","-","N",,,,,,,,,,"N",4,0,1,2,"A","-","10",21950,"A","N","G","B","B","A","H","-","A","A",0,"Y",,,,"Y",,"D","22",0,0,1,0,1,0,0,0,0,"-","-","ALAMEDA","OAKLAND",-122.29043,37.80428
"5445546",2011,2013-01-31,"0109",2011-12-23,"1830","7561",,5,5,7,"0109",0,0,"0",,0,"19X","E 12TH ST","22ND AV",0,,"Y","A","-","N",,,,,,,,,,"N",4,0,1,3,"A","-","09",21801,"A","N","A","C","A","A","H","-","C","A",0,,,"Y",,"Y",,"C","02",0,0,1,0,0,0,0,0,1,"-","-","ALAMEDA","OAKLAND",-122.23872,37.78362
"5445554",2011,2013-02-01,"0109",2011-12-19,"1717","8817",,1,5,7,"0109",0,0,"0",,0,"02X","UNION ST","7TH ST",3,"S","N","A","-","N",,,,,,,,,,"N",4,0,1,2,"A","-","10",21950,"A","N","G","B","B","A","H","-","C","A",0,"Y",,,,"Y",,"D","22",0,0,1,0,1,0,0,0,0,"-","-","ALAMEDA","OAKLAND",-122.29045,37.80428
"5445566",2011,2013-02-01,"0109",2011-12-17,"0839","8606","1",6,5,7,"0109",0,0,"0",,0,"03X","12TH ST","MADISON ST",5,"W","N","A","-","N",,,,,,,,,,"N",4,0,1,1,"A","-","08",22107,,"N","E","I","A","A","H","-","A","A",0,,,,,"Y",,"D","22",0,0,1,0,0,0,0,0,0,"-","-","ALAMEDA","OAKLAND",-122.26499,37.80017
"5445570",2011,2013-05-21,"0109",2011-12-19,"1145","8214","3",1,5,7,"0109",0,0,"0",,0,"31X","HEGENBERGER RD","EDGEWATER DR",1056,"N","N","A","-","Y","ALA",4,880,"-","-",25.471,"R","4","S","Y",4,0,4,2,"A","-","03",22350,,"N","C","C","A","A","H","-","A","D",0,,,,,"Y",,"A","01",0,0,4,0,0,0,0,0,0,"-","-","ALAMEDA","OAKLAND",-122.19564,37.73958
"5445586",2011,2012-12-28,"0109",2011-10-29,"1802","8955","1",6,5,7,"0109",0,0,"0",,0,"13X","COLTON BL","MENDOZA DR",400,"N","N","A","-","N",,,,,,,,,,"N",4,0,1,2,"A","-","05",21460,"A","N","B","C","A","A","H","-","A","D",0,,,,,"Y",,"A","07",0,0,1,0,0,0,0,0,0,"-","-","ALAMEDA","OAKLAND",-122.20799,37.832
"5445598",2011,2013-02-01,"0109",2011-12-08,"1259","7574","1",4,5,7,"0109",0,0,"0",,0,"03Y","12TH ST","BRUSH ST",0,,"Y","A","-","N",,,,,,,,,,"Y",4,0,2,2,"A","-","12",21453,"A","N","D","C","A","A","H","-","A","A",0,,,,,"Y",,"D","22",0,0,2,0,0,0,0,0,0,"-","-","ALAMEDA","OAKLAND",-122.27957,37.80589
"5446041",2011,2013-01-30,"0109",2011-12-27,"1335","8079",,2,5,7,"0109",0,0,"0",,0,"21Y","COOLIDGE AV","FOOTHILL BL",0,,"Y","A","-","N",,,,,,,,,,"N",4,0,2,3,"A","-","03",22350,,"N","C","C","A","A","H","-","A","A",0,,,,,"Y",,"D","22",0,0,2,0,0,0,0,0,0,"-","-","ALAMEDA","OAKLAND",-122.22132,37.78325
"5446285",2011,2013-01-26,"0109",2011-12-27,"1543","8576",,2,5,7,"0109",0,0,"0",,0,"34X","INTERNATIONAL BL","84TH AV",100,"E","N","A","-","N",,,,,,,,,,"N",4,0,1,2,"A","-","11",21954,"A","N","G","B","D","A","H","-","A","D",0,"Y",,,,"Y",,"N","60",0,0,1,0,1,0,0,0,0,"-","-","ALAMEDA","OAKLAND",-122.17782,37.7541
"5446309",2011,2013-01-26,"0109",2011-12-29,"1450","7561",,4,5,7,"0109",0,0,"0",,0,"17Y","13TH AV","E 22ND ST",0,,"Y","B","-","N",,,,,,,,,,"Y",4,0,2,2,"A","-","12",22450,"A","N","D","C","A","A","H","-","A","A",0,,,,,"Y",,"A","07",0,0,2,0,0,0,0,0,0,"-","-","ALAMEDA","OAKLAND",-122.23981,37.79512
"5446750",2011,2013-05-08,"9370",2011-12-09,"0830","19742",,5,1,7,"0109",0,1,"1",,2,"176","RT 880","98TH AV",1400,"S","N","A","-","Y","ALA",4,880,"-","-",24.47,"H","-","N","Y",3,0,1,3,"A","-","07",21658,"A","F","B","C","A","A","H","-","A","D",1,,,,"Y","Y",,"A","01",0,1,0,0,0,0,0,0,0,"-","-","ALAMEDA","OAKLAND",-122.18529,37.72808
"5446816",2011,2013-05-16,"9370",2011-12-14,"1830","18192",,3,2,7,"0109",0,1,"1",,2,"054","RT 580","PARK BL",528,"W","N","A","-","Y","ALA",4,580,"-","-",42.8,"H","-","E","Y",4,0,1,4,"A","-","03",22350,,"N","C","C","A","A","H","-","C","D",1,,,,,"Y",,"A","01",0,0,1,0,0,0,0,0,0,"-","-","ALAMEDA","OAKLAND",-122.23528,37.80529
"5447489",2011,2013-01-31,"0109",2011-12-08,"2159","8367",,4,5,7,"0109",0,0,"0",,0,"32X","98TH AV","BIRCH ST",0,,"Y","A","-","N",,,,,,,,,,"N",4,0,2,2,"A","-","12",21453,"A","N","D","C","A","A","H","-","C","A",0,,,,,"Y",,"A","01",0,0,2,0,0,0,0,0,0,"-","-","ALAMEDA","OAKLAND",-122.1651,37.7469
"5447497",2011,2013-01-31,"0109",2011-12-14,"1315","8328","1",3,5,7,"0109",0,0,"0",,0,"10X","ADELLE ST","MARKET ST",20,"S","N","A","-","N",,,,,,,,,,"N",4,0,1,3,"A","-","03",22350,,"N","C","C","A","A","H","-","A","A",0,,,,,"Y",,"A","01",0,0,1,0,0,0,0,0,0,"-","-","ALAMEDA","OAKLAND",,
"5447505",2011,2013-01-31,"0109",2011-12-06,"1750","8414","2",2,5,7,"0109",0,0,"0",,0,"24Y","35TH AV","BROOKDALE AV",0,,"Y","A","-","N",,,,,,,,,,"Y",3,0,1,2,"A","-","09",21802,"A","N","A","C","A","A","H","-","C","A",0,,,,,"Y",,"A","01",0,1,0,0,0,0,0,0,0,"-","-","ALAMEDA","OAKLAND",-122.21038,37.788
"5447527",2011,2013-02-02,"0109",2011-12-17,"1055","8887","1",6,5,7,"0109",0,0,"0",,0,"08X","27TH ST","VALDEZ ST",0,,"Y","A","-","N",,,,,,,,,,"Y",4,0,2,2,"A","-","12",21453,"A","N","D","C","A","A","H","-","A","A",0,,,,,"Y",,"A","01",0,0,2,0,0,0,0,0,0,"-","-","ALAMEDA","OAKLAND",-122.26326,37.81503
"5447531",2011,2013-02-02,"0109",2011-12-17,"1526","8376","1",6,5,7,"0109",0,0,"0",,0,"13Y","CLAREMONT AVE","GRIZZLY PEAK BL",300,"S","N","A","-","N",,,,,,,,,,"Y",4,0,1,1,"A","-","03",22350,,"N","F","A","A","A","H","-","A","D",0,,,"Y",,"Y",,"C","02",0,0,1,0,0,0,0,0,1,"-","-","ALAMEDA","OAKLAND",-122.21827,37.8691
"5447539",2011,2013-02-02,"0109",2011-12-16,"1827","7635","2",5,5,7,"0109",0,0,"0",,0,"33X","SAN LEANDRO ST","85TH AV",0,,"Y","A","-","N",,,,,,,,,,"Y",4,0,2,2,"A","-","09",21801,"A","N","D","C","A","A","H","-","C","A",0,,,,,"Y",,"A","01",0,0,2,0,0,0,0,0,0,"-","-","ALAMEDA","OAKLAND",-122.18909,37.74703
"5447543",2011,2013-02-02,"0109",2011-12-16,"1916","7635","2",5,5,7,"0109",0,0,"0",,0,"29X","MACARTHUR BL","SEMINARY AV",0,,"Y","A","-","N",,,,,,,,,,"Y",4,0,1,2,"A","-","12",21453,"A","N","D","C","A","A","H","-","A","A",0,,,,,"Y",,"A","01",0,0,1,0,0,0,0,0,0,"-","-","ALAMEDA","OAKLAND",-122.18535,37.77541
"5447551",2011,2013-02-02,"0109",2011-12-23,"1840","8214","3",5,5,7,"0109",0,0,"0",,0,"33X","E ST","ELMHURST",309,"E","N","A","-","N",,,,,,,,,,"N",3,0,1,3,"C","-","18",,,"N","B","E","A","A","H","-","C","C",0,,,,,"Y",,"-","-",0,1,0,0,0,0,0,0,0,"-","-","ALAMEDA","OAKLAND",-122.17729,37.74245
"5447555",2011,2013-02-02,"0109",2011-12-21,"1019","8328","1",3,5,7,"0109",0,0,"0",,0,"09X","BROADWAY","41ST ST",0,,"Y","A","-","N",,,,,,,,,,"N",4,0,1,2,"A","-","09",21801,"A","N","D","G","A","A","H","-","A","A",0,,"Y",,,"Y",,"A","01",0,0,1,0,0,0,1,0,0,"-","-","ALAMEDA","OAKLAND",-122.25618,37.82849
"5447588",2011,2013-02-02,"0109",2011-12-01,"1722","7561",,4,5,7,"0109",0,0,"0",,0,"19X","E 12TH ST","11TH AV",55,"E","N","A","-","N",,,,,,,,,,"N",4,0,1,2,"A","-","11",21954,"A","N","G","B","D","A","H","-","C","A",0,"Y",,,,"Y",,"N","60",0,0,1,0,1,0,0,0,0,"-","-","ALAMEDA","OAKLAND",-122.24973,37.79056
"5447593",2011,2013-01-30,"0109",2011-12-18,"2210","8445",,7,5,7,"0109",0,0,"0",,0,"17Y","BEAUMONT AV","MACARTHUR BL",0,,"Y","A","-","N",,,,,,,,,,"N",4,0,1,2,"A","-","12",21453,"A","M","D","C","A","A","H","-","C","A",0,,,,,"Y",,"A","01",0,0,1,0,0,0,0,0,0,"-","-","ALAMEDA","OAKLAND",-122.22899,37.80053
"5447600",2011,2013-02-02,"0109",2011-12-13,"2340","8913","3",2,5,7,"0109",0,0,"0",,0,"22X","MACARTHUR BL","MAPLE AV",0,,"Y","A","-","N",,,,,,,,,,"N",4,0,1,2,"A","-","03",22350,,"N","D","C","A","B","H","-","C","A",0,,,,,"Y",,"A","01",0,0,1,0,0,0,0,0,0,"-","-","ALAMEDA","OAKLAND",-122.20496,37.7974
"5447720",2011,2012-12-27,"0109",2011-09-19,"1802","8831","3",1,5,7,"0109",0,0,"0",,0,"23X","INTERNATIONAL BL","35TH AV",0,,"Y","A","-","N",,,,,,,,,,"Y",4,0,3,7,"A","-","03",22350,,"F","H","C","A","A","H","-","A","A",0,,,,,"Y",,"A","01",0,0,3,0,0,0,0,0,0,"-","-","ALAMEDA","OAKLAND",-122.22272,37.77609
"5447773",2011,2013-01-24,"0109",2011-11-30,"1236","8113","2",3,5,7,"0109",0,0,"0",,0,"24X","SAN LEANDRO BL","HIGH ST",0,,"Y","A","-","N",,,,,,,,,,"N",4,0,1,2,"A","-","09",21801,"A","N","H","G","A","A","H","-","A","A",0,,"Y",,,"Y",,"A","07",0,0,1,0,0,0,1,0,0,"-","-","ALAMEDA","OAKLAND",-122.21715,37.77065
"5447778",2011,2013-01-09,"0109",2011-10-11,"1558","9017","1",2,5,7,"0109",0,0,"0",,0,"10X","ALCATRAZ AV","SAN PABLO AV",0,,"Y","A","-","N",,,,,,,,,,"N",4,0,1,2,"A","-","09",21801,"A","N","H","G","A","A","H","-","A","A",0,,"Y",,,"Y",,"A","07",0,0,1,0,0,0,1,0,0,"-","-","ALAMEDA","OAKLAND",-122.28502,37.84691
"5448714",2011,2013-01-29,"0109",2011-12-14,"1213","7910","2",3,5,7,"0109",0,0,"0",,0,"023","FOOTHILL BL","39TH AV",0,,"Y","A","-","N",,,,,,,,,,"N",3,0,1,2,"A","-","12",21453,"A","N","D","C","A","A","H","-","A","A",0,,,"Y","Y","Y",,"C","03",0,1,0,0,0,0,0,0,1,"-","-","ALAMEDA","OAKLAND",-122.21604,37.77846
"5448718",2011,2013-01-29,"0109",2011-12-16,"1657","8964","2",5,5,7,"0109",0,0,"0",,0,"008","HARRISON ST","PEARL ST",246,"S","N","A","-","N",,,,,,,,,,"N",4,0,2,2,"A","-","03",22350,,"N","C","C","A","A","H","-","A","A",0,,,,"Y","Y",,"A","01",0,0,2,0,0,0,0,0,0,"-","-","ALAMEDA","OAKLAND",-122.25652,37.81784
"5449571",2011,2013-01-30,"0109",2011-11-17,"1030","8337","3",4,5,7,"0109",0,0,"0",,0,"016","PARK BL","DOLORES",50,"S","N","B","-","N",,,,,,,,,,"Y",3,0,1,1,"A","-","08",22107,,"N","E","I","A","A","H","-","A","D",0,,,,,"Y","Y","A","01",0,1,0,0,0,0,0,0,0,"-","-","ALAMEDA","OAKLAND",-122.21713,37.81016
"5449575",2011,2013-01-30,"0109",2011-11-13,"1544","8815","2",7,5,7,"0109",0,0,"0",,0,"035","88TH AV","MACARTHUR BL",0,,"Y","A","-","N",,,,,,,,,,"N",4,0,1,2,"A","-","08",22107,,"N","A","C","A","A","H","-","A","A",0,,,,,"Y",,"A","07",0,0,1,0,0,0,0,0,0,"-","-","ALAMEDA","OAKLAND",-122.16194,37.75722
"5449579",2011,2013-01-30,"0109",2011-11-27,"1635","8751","3",7,5,7,"0109",0,0,"0",,0,"019","12TH ST","14TH AV",0,,"Y","A","-","N",,,,,,,,,,"Y",4,0,1,2,"A","-","12",21453,"A","N","D","C","A","A","H","-","B","A",0,,,,,"Y",,"-","-",0,0,1,0,0,0,0,0,0,"-","-","ALAMEDA","OAKLAND",-122.24735,37.78836
"5449587",2011,2013-07-18,"0109",2011-11-29,"1529","8420",,2,5,7,"0109",0,0,"0",,0,"031","98TH AV","RT 880",0,,"Y","A","-","Y","ALA",4,880,"-","-",24.584,"R","4","N","Y",4,0,1,2,"A","-","12",21453,"A","N","D","C","A","A","H","-","A","A",0,,,"Y",,"Y",,"A","01",0,0,1,0,0,0,0,0,1,"-","TO","ALAMEDA","OAKLAND",-122.18619,37.72913
"5449599",2011,2013-01-30,"0109",2011-11-22,"1552","8751","3",2,5,7,"0109",0,0,"0",,0,"016","PARK BL","HOLLYWOOD AV",135,"S","N","A","-","N",,,,,,,,,,"Y",3,0,1,4,"A","-","08",22107,,"N","C","E","A","A","H","-","A","D",0,,,,,"Y",,"A","07",0,1,0,0,0,0,0,0,0,"-","-","ALAMEDA","OAKLAND",-122.21584,37.81116
"5449656",2011,2013-01-02,"0109",2011-10-29,"1605","9017","1",6,5,7,"0109",0,0,"0",,0,"10X","MARTIN LUTHER KING JR WY","60TH ST",0,,"Y","A","-","N",,,,,,,,,,"Y",4,0,3,2,"A","-","09",21802,"A","N","D","C","A","A","D","-","A","A",0,,,,,"Y",,"A","01",0,0,3,0,0,0,0,0,0,"-","-","ALAMEDA","OAKLAND",-122.27093,37.84512
"5449668",2011,2013-01-02,"0109",2011-10-17,"1635","8244","1",1,5,7,"0109",0,0,"0",,0,"03X","12TH ST","OAK ST",0,,"Y","A","-","N",,,,,,,,,,"N",4,0,3,3,"A","-","12",21453,"A","N","D","C","A","A","H","-","A","A",0,,,,,"Y",,"A","01",0,0,3,0,0,0,0,0,0,"-","-","ALAMEDA","OAKLAND",-122.2638,37.79968
"5450180",2011,2013-01-31,"0109",2011-12-07,"1908","8221","1",3,5,7,"0109",0,0,"0",,0,"18X","E 27TH ST","21ST AV",200,"E","N","A","-","N",,,,,,,,,,"N",4,0,1,2,"A","-","21",22106,,"F","G","B","F","A","H","-","C","D",0,"Y",,,,"Y",,"A","01",0,0,1,0,1,0,0,0,0,"-","-","ALAMEDA","OAKLAND",-122.22934,37.79441
"5450285",2011,2013-01-25,"0109",2011-12-07,"1202","8275",,3,5,7,"0109",0,0,"0",,0,,"BANCROFT AV","84TH AV",0,,"Y","A","-","N",,,,,,,,,,"N",4,0,2,2,"A","-","03",22350,,"F","C","C","A","A","H","-","A","A",0,,,,,"Y",,"A","01",0,0,2,0,0,0,0,0,0,"-","-","ALAMEDA","OAKLAND",-122.16938,37.75839
"5450557",2011,2013-05-08,"9370",2011-11-19,"0230","20292",,6,3,7,"0109",0,1,"1",,2,"177","RT 880","OAK ST",957,"S","N","B","C","Y","ALA",4,880,"-","-",30.89,"H","-","S","Y",4,0,1,2,"A","-","01",23152,"A","N","B","C","A","B","D","-","D","D",1,,,,"Y","Y","Y","A","01",0,0,1,0,0,0,0,0,0,"-","-","ALAMEDA","OAKLAND",-122.26335,37.79293
"5450730",2011,2013-05-08,"9370",2011-12-02,"1745","20129",,5,2,7,"0109",0,1,"1",,2,"177","RT 880","BROADWAY",200,"S","N","A","-","Y","ALA",4,880,"-","-",31.431,"R","1","N","Y",4,0,2,2,"A","-","03",22350,,"N","C","C","A","A","H","-","D","D",1,,,,,"Y",,"A","08",0,0,2,0,0,0,0,0,0,"TO","-","ALAMEDA","OAKLAND",-122.27316,37.7979
"5450734",2011,2013-05-21,"9370",2011-12-06,"0235","18804",,2,3,7,"0109",0,1,"1",,2,"055","RT 580","HOLLIS ST",400,"E","N","A","-","Y","ALA",4,580,"-","-",46.16,"H","-","W","Y",3,0,1,1,"A","-","01",23152,"A","N","E","I","A","A","H","-","C","D",1,,,,,"Y","Y","A","01",0,1,0,0,0,0,0,0,0,"FR","-","ALAMEDA","OAKLAND",-122.28975,37.82698
"5450741",2011,2013-05-16,"9370",2011-12-15,"0130","17208",,4,3,7,"0109",0,1,"1",,2,"054","RT 580","RICHMOND BL",200,"E","N","B","-","Y","ALA",4,580,"-","-",44.47,"H","-","E","Y",3,0,3,1,"A","-","08",22107,,"N","E","I","A","A","H","-","D","D",1,,,,,"Y","Y","A","01",0,3,0,0,0,0,0,0,0,"-","-","ALAMEDA","OAKLAND",-122.25711,37.82084
"5450742",2011,2013-05-16,"9370",2011-12-03,"1800","19160",,6,2,7,"0109",0,1,"3",,2,"024","RT 24","RT 13",400,"E","N","A","-","Y","ALA",4,24,"-","R",5.22,"H","-","W","N",4,0,1,3,"A","-","03",22350,,"N","C","C","A","A","H","-","C","D",0,,,,,"Y",,"A","01",0,0,1,0,0,0,0,0,0,"-","-","ALAMEDA","OAKLAND",-122.22481,37.84917
"5450753",2011,2013-05-16,"9370",2011-12-15,"1235","18954",,4,1,7,"0109",0,1,"1",,2,"054","RT 580","HARRISON ST",92,"W","N","A","-","Y","ALA",4,580,"-","-",44.551,"R","2","E","Y",4,0,2,1,"A","-","08",22107,,"N","E","I","A","A","H","-","A","D",1,,,,,"Y",,"A","01",0,0,2,0,0,0,0,0,0,"-","-","ALAMEDA","OAKLAND",-122.25878,37.82167
"5450808",2011,2013-05-08,"9370",2011-12-14,"0910","019561",,3,1,7,"0109",0,1,"1",,2,"177","RT 880","23RD AV",500,"N","N","A","-","Y","ALA",4,880,"-","-",29.07,"H","-","S","N",4,0,1,2,"A","-","03",22350,,"N","C","C","A","A","H","-","A","D",1,,,,,"Y",,"A","01",0,0,1,0,0,0,0,0,0,"-","-","ALAMEDA","OAKLAND",-122.23819,37.77954
"5450841",2011,2013-05-08,"9370",2011-12-15,"1202","019561",,4,1,7,"0109",0,1,"1",,2,"176","RT 880","66TH AV",600,"N","N","A","-","Y","ALA",4,880,"-","-",26.72,"H","-","N","Y",3,0,2,5,"A","-","03",22350,,"N","C","C","A","A","H","-","A","D",1,,,,,"Y",,"A","01",0,1,1,0,0,0,0,0,0,"-","-","ALAMEDA","OAKLAND",-122.21007,37.75632
"5450871",2011,2013-05-16,"9370",2011-12-15,"0821","018579",,4,1,7,"0109",0,1,"1",,2,"052","RT 580","RUSTING AV",347,"W","N","B","C","Y","ALA",4,580,"-","R",39.281,"R","2","W","N",3,0,2,1,"A","-","08",22107,,"N","E","I","A","B","H","-","A","D",1,,,,,"Y",,"A","01",0,1,1,0,0,0,0,0,0,"-","-","ALAMEDA","OAKLAND",-122.18038,37.78404