"CASE_ID","ACCIDENT_YEAR","PROC_DATE","JURIS","COLLISION_DATE","COLLISION_TIME","OFFICER_ID","REPORTING_DISTRICT","DAY_OF_WEEK","CHP_SHIFT","POPULATION","CNTY_CITY_LOC","SPECIAL_COND","BEAT_TYPE","CHP_BEAT_TYPE","CITY_DIVISION_LAPD","CHP_BEAT_CLASS","BEAT_NUMBER","PRIMARY_RD","SECONDARY_RD","DISTANCE","DIRECTION","INTERSECTION","WEATHER_1","WEATHER_2","STATE_HWY_IND","CALTRANS_COUNTY","CALTRANS_DISTRICT","STATE_ROUTE","ROUTE_SUFFIX","POSTMILE_PREFIX","POSTMILE","LOCATION_TYPE","RAMP_INTERSECTION","SIDE_OF_HWY","TOW_AWAY","COLLISION_SEVERITY","NUMBER_KILLED","NUMBER_INJURED","PARTY_COUNT","PRIMARY_COLL_FACTOR","PCF_CODE_OF_VIOL","PCF_VIOL_CATEGORY","PCF_VIOLATION","PCF_VIOL_SUBSECTION","HIT_AND_RUN","TYPE_OF_COLLISION","MVIW","PED_ACTION","ROAD_SURFACE","ROAD_COND_1","ROAD_COND_2","LIGHTING","CONTROL_DEVICE","CHP_ROAD_TYPE","PEDESTRIAN_ACCIDENT","BICYCLE_ACCIDENT","MOTORCYCLE_ACCIDENT","TRUCK_ACCIDENT","NOT_PRIVATE_PROPERTY","ALCOHOL_INVOLVED","STWD_VEHTYPE_AT_FAULT","CHP_VEHTYPE_AT_FAULT","COUNT_SEVERE_INJ","COUNT_VISIBLE_INJ","COUNT_COMPLAINT_PAIN","COUNT_PED_KILLED","COUNT_PED_INJURED","COUNT_BICYCLIST_KILLED","COUNT_BICYCLIST_INJURED","COUNT_MC_KILLED","COUNT_MC_INJURED","PRIMARY_RAMP","SECONDARY_RAMP","COUNTY","CITY","POINT_X","POINT_Y"
"5596138",2012,2013-08-28,"0109",2012-04-06,"0747","8203","1",5,5,7,"0109",0,0,"0",,0,"14X","GRAND AV","LAKE PARK AV",0,,"Y","A","-","N",,,,,,,,,,"N",4,0,2,2,"A","-","09",21801,"A","N","D","C","A","A","H","-","A","A",0,,,,,"Y",,"A","01",0,0,2,0,0,0,0,0,0,"-","-","ALAMEDA","OAKLAND",-122.24797,37.81141
"5597178",2012,2013-08-17,"0109",2012-04-10,"1144","8697","2",2,5,7,"0109",0,0,"0",,0,"24X","FOOTHILL BL","36TH AV",0,,"Y","C","-","N",,,,,,,,,,"N",4,0,1,2,"A","-","03",22350,,"M","C","C","A","B","H","-","A","A",0,,,,,"Y",,"A","01",0,0,1,0,0,0,0,0,0,"-","-","ALAMEDA","OAKLAND",-122.2187,37.78084
"5597182",2012,2013-08-17,"0109",2012-04-21,"2224","8655","2",6,5,7,"0109",0,0,"0",,0,"23X","35TH AV","E 18TH ST",0,,"Y","A","-","N",,,,,,,,,,"Y",3,0,2,3,"A","-","12",22450,"A","F","D","C","A","A","H","-","C","A",0,,,,,"Y",,"A","01",0,1,1,0,0,0,0,0,0,"-","-","ALAMEDA","OAKLAND",-122.22009,37.78075
"5597186",2012,2013-08-17,"0109",2012-04-09,"1745","8658","2",1,5,7,"0109",0,0,"0",,0,"27X","72ND AV","HAWLEY ST",315,"N","N","A","-","N",,,,,,,,,,"N",2,0,1,3,"A","-","21",22106,,"M","B","E","F","A","H","-","A","D",0,"Y",,,,"Y","Y","A","01",1,0,0,0,1,0,0,0,0,"-","-","ALAMEDA","OAKLAND",-122.19406,37.7557
"5597352",2012,2013-10-21,"0109",2012-03-30,"1207","8107","2",5,5,7,"0109",0,0,"0",,0,"31X","DOOLITTLE DR","SWAN WY",525,"W","N","B","-","N",,,,,,,,,,"N",2,0,1,2,"A","-","17",21209,"A","N","H","G","A","A","H","-","A","D",0,,"Y",,,"Y",,"A","07",1,0,0,0,0,0,1,0,0,"-","-","ALAMEDA","OAKLAND",-122.20912,37.73049
"5598777",2012,2014-01-23,"9335",2012-04-10,"2155","019666",,2,2,7,"0109",0,1,"1",,1,"082","RT 80","SFOBB METERING LIGHTS",1320,"W","N","C","-","Y","ALA",4,80,"-","-",1.65,"H","-","W","Y",4,0,1,2,"A","-","04",21703,,"N","C","C","A","B","H","-","C","D",4,,,,,"Y",,"A","01",0,0,1,0,0,0,0,0,0,"-","-","ALAMEDA","OAKLAND",-122.32572,37.82202
"5600324",2012,2014-01-23,"9335",2012-04-27,"1922","20267",,5,2,7,"0109",0,1,"1",,1,"082","RT 80","SAN FRANCISCO OAKLAND BAY BRIDGE",1320,"W","N","A","-","Y","ALA",4,80,"-","-",1.65,"H","-","W","Y",4,0,2,3,"A","-","04",21703,,"N","C","C","A","A","H","-","A","D",4,,,,,"Y",,"A","01",0,0,2,0,0,0,0,0,0,"-","-","ALAMEDA","OAKLAND",-122.32572,37.82202
"5600525",2012,2013-08-28,"0109",2012-04-25,"1912","8397","2",3,5,7,"0109",0,0,"0",,0,"20X","FRUITVALE AV","16TH ST",0,,"Y","C","-","N",,,,,,,,,,"N",4,0,1,2,"A","-","09",21801,"A","N","D","C","A","B","H","-","B","A",0,,,,,"Y",,"A","01",0,0,1,0,0,0,0,0,0,"-","-","ALAMEDA","OAKLAND",-122.22477,37.77978
"5600529",2012,2013-08-28,"0109",2012-04-11,"1007","7657","2",3,5,7,"0109",0,0,"0",,0,"23X","FRUITVALE AV","E 15TH ST",0,,"Y","B","-","N",,,,,,,,,,"N",4,0,1,2,"A","-","12",21453,"A","N","H","G","A","A","H","-","A","A",0,,"Y",,,"Y",,"L","04",0,0,1,0,0,0,1,0,0,"-","-","ALAMEDA","OAKLAND",-122.22529,37.77876
"5600533",2012,2013-08-28,"0109",2012-04-11,"1452","8328","1",3,5,7,"0109",0,0,"0",,0,"03X","14TH ST","JACKSON ST",0,,"Y","A","-","N",,,,,,,,,,"N",3,0,1,2,"A","-","10",21950,"A","N","G","B","B","A","H","-","A","A",0,"Y",,,,"Y",,"A","01",0,1,0,0,1,0,0,0,0,"-","-","ALAMEDA","OAKLAND",-122.26529,37.80201
"5603696",2012,2013-07-22,"0109",2012-03-25,"1154","8427","1",7,5,7,"0109",0,0,"0",,0,"06X","25TH ST","SAN PABLO AV",0,,"-","A","-","N",,,,,,,,,,"Y",4,0,1,2,"A","-","09",21801,"A","N","D","C","A","A","H","-","A","D",0,,,,,"Y",,"A","01",0,0,1,0,0,0,0,0,0,"-","-","ALAMEDA","OAKLAND",-122.2748,37.81541
"5603700",2012,2013-07-22,"0109",2012-03-08,"1010","7704","1",4,5,7,"0109",0,0,"0",,0,"14X","GRAND AV","STATEN AV",0,,"Y","A","-","N",,,,,,,,,,"N",2,0,1,2,"A","-","10",21950,"A","N","G","B","B","A","H","-","A","A",0,"Y",,,,"Y",,"A","01",1,0,0,0,1,0,0,0,0,"-","-","ALAMEDA","OAKLAND",-122.25388,37.80876
"5604244",2012,2013-09-16,"0109",2012-05-03,"1636","8113","1",4,5,7,"0109",0,0,"0",,0,"03X","9TH ST","HARRISON ST",0,,"Y","C","-","N",,,,,,,,,,"N",4,0,2,2,"A","-","12",21453,"A","M","D","C","A","B","H","-","A","A",0,,,,,"Y",,"A","01",0,0,2,0,0,0,0,0,0,"-","-","ALAMEDA","OAKLAND",-122.26981,37.7995
"5604478",2012,2013-08-24,"0109",2012-04-04,"1532","8217","2",3,5,7,"0109",0,0,"0",,0,"23X","35TH AV","18TH ST",0,,"Y","A","-","N",,,,,,,,,,"N",4,0,1,2,"A","-","09",21802,"A","N","D","C","A","A","H","-","A","A",0,,,,,"Y",,"A","01",0,0,1,0,0,0,0,0,0,"-","-","ALAMEDA","OAKLAND",-122.22009,37.78075
"5609054",2012,2013-09-17,"0109",2012-05-05,"1515","8751","2",6,5,7,"0109",0,0,"0",,0,"32Y","BANCROFT AV","103RD AV",300,"E","N","A","-","N",,,,,,,,,,"N",4,0,1,3,"A","-","03",22350,,"M","C","C","A","A","H","-","A","A",0,,,,,"Y",,"-","-",0,0,1,0,0,0,0,0,0,"-","-","ALAMEDA","OAKLAND",-122.1579,37.74285
"5609146",2012,2013-08-20,"0109",2012-04-16,"1806","8113","1",1,5,7,"0109",0,0,"0",,0,"03X","POSEY TUBE TNL","7TH ST",1000,"S","N","A","-","N",,,,,,,,,,"Y",4,0,4,2,"A","-","07",21658,"A","N","B","C","A","A","H","-","C","D",0,,,,,"Y",,"I","11",0,0,4,0,0,0,0,0,0,"-","-","ALAMEDA","OAKLAND",,
"5609150",2012,2013-08-10,"0109",2012-04-17,"1639","8585","2",2,5,7,"0109",0,0,"0",,0,"23X","35TH AV","INTERNATIONAL BL",0,,"Y","A","-","N",,,,,,,,,,"N",4,0,1,2,"A","-","09",21801,"A","N","D","C","A","A","H","-","A","A",0,,,,,"Y",,"D","22",0,0,1,0,0,0,0,0,0,"-","-","ALAMEDA","OAKLAND",-122.22273,37.77609
"5609154",2012,2013-10-24,"0109",2012-04-19,"1739","8374","2",4,5,7,"0109",0,0,"0",,0,"08X","WEST MACARTHUR BL","WEBSTER",0,,"Y","A","-","N",,,,,,,,,,"N",4,0,1,2,"A","-","11",21453,"D","N","G","B","B","A","H","-","A","A",0,"Y",,,,"Y",,"N","60",0,0,1,0,1,0,0,0,0,"-","-","ALAMEDA","OAKLAND",-122.26166,37.82515
"5609162",2012,2013-09-17,"0109",2012-05-03,"1020","7910","2",4,5,7,"0109",0,0,"0",,0,"30X","FOOTHILL BL","CHURCH ST",0,,"Y","B","-","N",,,,,,,,,,"N",4,0,1,3,"A","-","12",21453,"A","M","A","C","A","A","H","-","A","A",0,,,,,"Y",,"A","01",0,0,1,0,0,0,0,0,0,"-","-","ALAMEDA","OAKLAND",-122.17744,37.76983
"5609186",2012,2013-08-21,"0109",2012-04-30,"1430","8339","1",1,5,7,"0109",0,0,"0",,0,"02X","BRUSH ST","5TH ST",0,,"Y","A","-","N",,,,,,,,,,"Y",4,0,1,2,"A","-","12",21453,"A","M","D","D","A","A","H","-","A","A",0,,,,"Y","Y",,"F","25",0,0,1,0,0,0,0,0,0,"-","-","ALAMEDA","OAKLAND",-122.28221,37.80092
"5609310",2012,2013-08-29,"0109",2012-04-25,"2215","7644","1",3,5,7,"0109",0,0,"0",,0,"03X","BRUSH ST","47TH ST",0,,"Y","C","-","N",,,,,,,,,,"Y",4,0,1,2,"A","-","12",21453,"A","N","D","C","A","B","G","-","C","A",0,,,"Y",,"Y",,"-","-",0,0,1,0,0,0,0,0,1,"-","-","ALAMEDA","OAKLAND",,
"5609330",2012,2013-08-29,"0109",2012-04-21,"1129","8363","1",6,5,7,"0109",0,0,"0",,0,"05Y","PERALTA ST","14TH ST",0,,"Y","A","-","N",,,,,,,,,,"Y",4,0,1,2,"A","-","12",21453,"A","N","D","C","A","A","H","-","A","A",0,,,,,"Y",,"A","01",0,0,1,0,0,0,0,0,0,"-","-","ALAMEDA","OAKLAND",-122.29401,37.81135
"5609334",2012,2013-08-29,"0109",2012-04-23,"2128","8749","2",1,5,7,"0109",0,0,"0",,0,"30X","INTERNATIONAL BL","72ND AV",0,,"Y","A","-","N",,,,,,,,,,"N",4,0,1,2,"A","-","08",22107,,"N","H","G","A","A","H","-","C","A",0,,"Y",,,"Y",,"A","01",0,0,1,0,0,0,1,0,0,"-","-","ALAMEDA","OAKLAND",-122.18821,37.75972
"5609338",2012,2013-08-29,"0109",2012-04-21,"1225","8427","1",6,5,7,"0109",0,0,"0",,0,"07X","WEST GRAND AV","100TH AV",25,"E","N","A","-","N",,,,,,,,,,"N",3,0,2,2,"A","-","08",22100,"B","N","H","G","A","A","H","-","A","D",0,,"Y",,,"Y",,"L","04",0,1,1,0,0,0,1,0,0,"-","-","ALAMEDA","OAKLAND",,
"5609342",2012,2013-08-29,"0109",2012-04-23,"0852","8419",,1,5,7,"0109",0,0,"0",,0,"07X","ADELLE ST","34TH ST",20,"N","N","B","-","N",,,,,,,,,,"N",4,0,1,2,"A","-","08",22107,,"N","H","G","A","A","H","-","A","A",0,,"Y",,,"Y",,"L","04",0,0,1,0,0,0,1,0,0,"-","-","ALAMEDA","OAKLAND",,
"5609346",2012,2013-08-29,"0109",2012-04-29,"1522","8606","1",7,5,7,"0109",0,0,"0",,0,"03X","13TH ST","JACKSON ST",30,"E","N","A","-","N",,,,,,,,,,"Y",4,0,1,2,"A","-","03",22350,,"M","C","C","A","A","H","-","A","A",0,,,,,"Y",,"A","01",0,0,1,0,0,0,0,0,0,"-","-","ALAMEDA","OAKLAND",-122.26564,37.80129
"5609787",2012,2013-09-10,"0109",2012-05-01,"1626","8508","1",2,5,7,"0109",0,0,"0",,0,"17Y","8TH AV","PARK BL",3,"S","N","A","-","N",,,,,,,,,,"N",3,0,1,2,"A","-","05",21202,"A","N","D","G","A","A","H","-","A","A",0,,"Y",,,"Y",,"L","04",0,1,0,0,0,0,1,0,0,"-","-","ALAMEDA","OAKLAND",-122.23885,37.80274
"5609811",2012,2013-09-10,"0109",2012-05-01,"0804","8508","1",2,5,7,"0109",0,0,"0",,0,"19X","E 12TH ST","14TH AV",0,,"Y","A","-","N",,,,,,,,,,"Y",3,0,1,2,"A","-","-",,,"N","C","A","A","D","A","-","A","B",0,,,"Y",,"Y",,"C","02",0,1,0,0,0,0,0,0,1,"-","-","ALAMEDA","OAKLAND",-122.24736,37.78836
"5609835",2012,2013-09-10,"0109",2012-05-03,"2155","7626","1",4,5,7,"0109",0,0,"0",,0,"04X","WEST GRAND AV","MARTIN LUTHER KING JR WY",0,,"Y","A","-","N",,,,,,,,,,"N",4,0,2,2,"A","-","12",21453,"A","M","D","C","A","A","H","-","C","A",0,,,,,"Y",,"A","01",0,0,2,0,0,0,0,0,0,"-","-","ALAMEDA","OAKLAND",-122.27281,37.81258
"5609928",2012,2013-08-10,"0109",2012-04-25,"1956","8113","1",3,5,7,"0109",0,0,"0",,0,"06X","37TH ST","LINDEN ST",500,"E","N","C","-","N",,,,,,,,,,"N",3,0,1,2,"A","-","03",22350,,"N","D","C","A","B","H","-","C","D",0,,,,,"Y",,"A","01",0,1,0,0,0,0,0,0,0,"-","-","ALAMEDA","OAKLAND",-122.27586,37.82729
"5609936",2012,2013-08-10,"0109",2012-04-25,"1112","8222","1",3,5,7,"0109",0,0,"0",,0,"10Y","52ND ST","GENOA ST",0,,"N","B","-","N",,,,,,,,,,"N",4,0,1,2,"A","-","09",21804,"A","N","D","C","A","A","H","-","A","D",0,,,,,"Y",,"A","01",0,0,1,0,0,0,0,0,0,"-","-","ALAMEDA","OAKLAND",-122.2712,37.83683
"5609940",2012,2013-08-10,"0109",2012-04-05,"1739","8551","2",4,5,7,"0109",0,0,"0",,0,"24X","35TH AV","HARPER ST",4,"S","N","A","-","N",,,,,,,,,,"N",4,0,1,2,"A","-","12",22450,"A","N","H","G","A","A","H","-","A","A",0,,"Y",,,"Y",,"L","04",0,0,1,0,0,0,1,0,0,"-","-","ALAMEDA","OAKLAND",-122.21754,37.78373
"5610694",2012,2013-08-23,"0109",2012-04-04,"1542","8919","1",3,5,7,"0109",0,0,"0",,0,"03X","14TH ST","JEFFERSON ST",0,,"Y","A","-","N",,,,,,,,,,"N",4,0,1,2,"A","-","12",21453,"A","N","D","C","A","A","H","-","A","A",0,,,,,"Y",,"A","01",0,0,1,0,0,0,0,0,0,"-","-","ALAMEDA","OAKLAND",-122.2748,37.80576
"5610698",2012,2013-08-23,"0109",2012-04-04,"1817","8221","1",3,5,7,"0109",0,0,"0",,0,"19X","INTERNATIONAL BL","19TH AV",15,"W","N","A","-","N",,,,,,,,,,"N",4,0,1,2,"A","-","21",22106,,"N","H","C","A","A","H","-","A","D",0,,,,,"Y",,"A","01",0,0,1,0,0,0,0,0,0,"-","-","ALAMEDA","OAKLAND",-122.24109,37.78648
"5610702",2012,2013-08-23,"0109",2012-04-04,"1448","8275","2",3,5,7,"0109",0,0,"0",,0,"26X","78TH AV","INTERNATIONAL BL",0,,"Y","A","-","N",,,,,,,,,,"N",4,0,2,2,"A","-","09",21802,"A","N","D","C","A","A","H","-","A","A",0,,,,,"Y",,"A","01",0,0,2,0,0,0,0,0,0,"-","-","ALAMEDA","OAKLAND",-122.18353,37.75748
"5610710",2012,2013-08-23,"0109",2012-04-04,"2128","8919","1",3,5,7,"0109",0,0,"0",,0,"14X","GRAND AV","EUCLID AV",500,"W","N","A","-","N",,,,,,,,,,"N",4,0,1,4,"C","-","18",,,"N","C","E","A","A","H","-","C","D",0,,,,,"Y",,"-","-",0,0,1,0,0,0,0,0,0,"-","-","ALAMEDA","OAKLAND",-122.25347,37.80873
"5610807",2012,2013-10-17,"9370",2012-02-27,"1510","00001",,1,2,7,"0109",0,1,"1",,2,"176","RT 880","98TH AV",528,"S","N","A","-","Y","ALA",4,880,"-","-",24.64,"H","-","S","N",4,0,1,2,"A","-","08",22107,,"N","B","C","A","A","H","-","A","D",1,,,,"Y","Y",,"G","25",0,0,1,0,0,0,0,0,0,"-","-","ALAMEDA","OAKLAND",-122.18628,37.72893
"5610810",2012,2013-10-15,"9370",2012-03-08,"0900","19572",,4,1,7,"0109",0,1,"1",,2,"177","RT 880","JACKSON ST",300,"S","N","A","-","Y","ALA",4,880,"-","-",31.17,"H","-","N","Y",3,0,1,3,"A","-","03",22350,,"N","C","C","A","A","H","-","A","D",1,,,,"Y","Y",,"D","22",0,1,0,0,0,0,0,0,0,"-","-","ALAMEDA","OAKLAND",-122.26665,37.79531
"5610812",2012,2014-01-23,"9370",2012-04-05,"1345","19169",,4,1,7,"0109",0,1,"1",,2,"177","RT 880","23RD AV",550,"N","N","A","-","Y","ALA",4,880,"-","-",29.03,"H","-","S","Y",4,0,1,3,"A","-","04",21703,,"N","C","C","A","A","H","-","A","D",1,,,,,"Y",,"A","01",0,0,1,0,0,0,0,0,0,"-","-","ALAMEDA","OAKLAND",-122.23795,37.77886
"5610816",2012,2013-10-08,"9370",2012-03-26,"2325","19169",,1,3,7,"0109",0,1,"3",,2,"013","RT 13","JOAQUIN MILLER RD",1000,"S","N","B","-","Y","ALA",4,13,"-","-",6.28,"H","-","S","Y",3,0,1,2,"A","-","01",23152,"A","N","B","C","A","A","H","-","D","D",1,,,,"Y","Y","Y","D","22",0,1,0,0,0,0,0,0,0,"-","-","ALAMEDA","OAKLAND",-122.19498,37.80831
"5610818",2012,2013-10-17,"9370",2012-03-15,"0759","19771",,4,1,7,"0109",0,1,"1",,2,"052","RT 580","EDWARDS AV",100,"E","N","C","-","Y","ALA",4,580,"-","R",38.29,"H","-","W","Y",4,0,1,2,"A","-","03",22350,,"N","C","C","A","B","H","-","A","D",1,,,,,"Y",,"A","01",0,0,1,0,0,0,0,0,0,"-","-","ALAMEDA","OAKLAND",-122.1652,37.77695
"5610819",2012,2013-10-08,"9370",2012-03-15,"1335","18182",,4,1,7,"0109",0,1,"3",,2,"013","RT 13","PARK BL",500,"N","N","B","C","Y","ALA",4,13,"-","-",7.49,"H","-","N","N",3,0,1,2,"A","-","07",21658,"A","N","B","C","A","B","H","-","A","D",1,,,,,"Y",,"D","22",0,1,0,0,0,0,0,0,0,"-","-","ALAMEDA","OAKLAND",-122.2083,37.82305
"5610822",2012,2013-10-17,"9370",2012-03-14,"1210","09561",,3,1,7,"0109",0,1,"1",,2,"052","RT 580","GOLF LINKS RD",200,"W","N","B","C","Y","ALA",4,580,"-","R",36.8,"H","-","W","Y",3,0,1,1,"A","-","08",22107,,"N","E","I","A","B","H","-","A","D",1,,,,,"Y",,"D","22",0,1,0,0,0,0,0,0,0,"-","-","ALAMEDA","OAKLAND",-122.14791,37.7599
"5610836",2012,2013-10-17,"9370",2012-03-19,"1520","018499",,1,2,7,"0109",0,1,"1",,2,"052","RT 580","DAVENPORT AV",1520,"W","N","A","-","Y","ALA",4,580,"-","R",39.08,"H","-","E","Y",4,0,1,2,"A","-","03",22350,,"N","C","C","A","A","H","-","A","D",1,,,,,"Y",,"D","22",0,0,1,0,0,0,0,0,0,"-","-","ALAMEDA","OAKLAND",-122.17581,37.78219
"5610841",2012,2013-10-15,"9370",2012-03-08,"1510","19572",,4,2,7,"0109",0,1,"1",,2,"177","RT 880","5TH AV",130,"S","N","A","-","Y","ALA",4,880,"-","-",30.36,"H","-","S","Y",4,0,1,4,"A","-","03",22350,,"N","C","C","A","A","H","-","A","D",1,,,,"Y","Y",,"G","25",0,0,1,0,0,0,0,0,0,"-","-","ALAMEDA","OAKLAND",-122.25458,37.78922
"5610845",2012,2013-10-08,"9370",2012-03-17,"2020","019160",,6,2,7,"0109",0,1,"3",,2,"025","RT 24","SHATTUCK AV",595,"E","N","B","-","Y","ALA",4,24,"-","R",2.79,"H","-","W","Y",3,0,3,2,"A","-","08",22107,,"N","C","E","A","A","H","-","D","D",1,,,,,"Y","Y","A","07",0,1,2,0,0,0,0,0,0,"-","-","ALAMEDA","OAKLAND",-122.26556,37.83785
"5610851",2012,2013-10-15,"9370",2012-03-13,"1015","20215",,2,1,7,"0109",0,1,"1",,2,"177","RT 880","JEFFERSON ST",45,"N","N","B","C","Y","ALA",4,880,"-","R",31.82,"H","-","S","Y",4,0,1,2,"A","-","07",21658,"A","F","E","I","A","B","H","-","A","D",1,,,,"Y","Y",,"G","25",0,0,1,0,0,0,0,0,0,"-","-","ALAMEDA","OAKLAND",-122.27753,37.79939
"5610859",2012,2014-01-23,"9370",2012-04-09,"1415","018896",,1,2,7,"0109",0,1,"1",,2,"008","RT 80","SFOBB TOLL PLAZA",450,"E","N","A","-","Y","ALA",4,80,"-","-",2.08,"H","-","W","Y",2,0,3,2,"A","-","07",21658,"A","N","C","C","A","A","H","-","A","D",6,,,,,"Y",,"D","22",1,1,1,0,0,0,0,0,0,"-","-","ALAMEDA","OAKLAND",-122.31967,37.82343
"5610887",2012,2014-02-19,"9370",2012-04-11,"1225","019572",,3,1,7,"0109",0,1,"1",,2,"098","RT 980","11TH ST",200,"W","N","A","-","Y","ALA",4,980,"-","-",0.5,"H","-","W","N",3,0,1,2,"A","-","00",22650,,"N","C","C","A","A","H","-","A","D",1,,,,"Y","Y",,"G","25",0,1,0,0,0,0,0,0,0,"-","-","ALAMEDA","OAKLAND",-122.28023,37.80332
"5610894",2012,2013-10-17,"9370",2012-03-07,"1349","17736",,3,1,7,"0109",0,1,"1",,2,"055","RT 580","TELEGRAPH AV",834,"E","N","A","-","Y","ALA",4,580,"-","-",44.861,"R","2","W","Y",4,0,1,3,"A","-","03",22350,,"N","C","C","E","A","H","-","A","D",1,"Y",,,,"Y",,"A","01",0,0,1,0,1,0,0,0,0,"TO","-","ALAMEDA","OAKLAND",-122.26174,37.8229
"5610900",2012,2014-01-17,"9370",2012-04-04,"1135","19561",,3,1,7,"0109",0,1,"1",,2,"176","RT 880","98TH AV",1500,"S","N","A","-","Y","ALA",4,880,"-","-",24.46,"H","-","N","Y",4,0,3,7,"A","-","03",22350,,"N","C","C","A","A","H","-","A","D",1,,,,"Y","Y",,"A","01",0,0,3,0,0,0,0,0,0,"-","-","ALAMEDA","OAKLAND",-122.18521,37.72799
"5610919",2012,2013-07-27,"9370",2012-03-22,"0750","019887",,4,1,7,"0109",1,4,"S",,2,"901","INTERNATIONAL BL","88TH AV",15,"N","N","B","-","N",,,,,,,,,,"N",4,0,1,2,"A","-","09",21802,"A","N","B","C","A","A","H","-","A","D",0,,,,,"Y",,"H","13",0,0,1,0,0,0,0,0,0,"-","-","ALAMEDA","OAKLAND",-122.17564,37.75117
"5611116",2012,2013-07-24,"0109",2012-03-08,"0609","8414",,4,5,7,"0109",0,0,"0",,0,,"HARRISON ST","GRAND AV",25,"S","N","A","-","N",,,,,,,,,,"N",4,0,1,3,"A","-","11",21453,"D","N","G","B","C","A","H","-","A","A",0,"Y",,,,"Y",,"N","60",0,0,1,0,1,0,0,0,0,"-","-","ALAMEDA","OAKLAND",-122.26239,37.81083
"5611117",2012,2013-07-24,"0109",2012-03-14,"1944","8520","2",3,5,7,"0109",0,0,"0",,0,"33X","82ND AV","INTERNATIONAL BL",0,,"Y","C","-","N",,,,,,,,,,"N",4,0,1,2,"A","-","10",21950,"A","N","G","B","B","B","H","-","C","A",0,"Y",,,,"Y",,"A","08",0,0,1,0,1,0,0,0,0,"-","-","ALAMEDA","OAKLAND",-122.17955,37.75556
"5611118",2012,2013-07-24,"0109",2012-03-18,"1225","8697","2",7,5,7,"0109",0,0,"0",,0,"27X","COLE ST","FOOTHILL BL",0,,"Y","A","-","N",,,,,,,,,,"N",3,0,1,2,"A","-","05",21650,"1","N","H","G","A","A","H","-","A","A",0,,"Y",,,"Y",,"L","04",0,1,0,0,0,0,1,0,0,"-","-","ALAMEDA","OAKLAND",-122.19858,37.77264
"5611478",2012,2013-08-10,"0109",2012-04-14,"0130","8792","2",6,5,7,"0109",0,0,"0",,0,"032","98TH AV","SUNNYSIDE ST",15,"S","N","A","-","N",,,,,,,,,,"N",4,0,1,2,"A","-","03",22350,,"M","C","C","A","A","H","-","A","A",0,,,,,"Y",,"A","01",0,0,1,0,0,0,0,0,0,"-","-","ALAMEDA","OAKLAND",-122.16301,37.74788
"5611479",2012,2013-08-10,"0109",2012-04-15,"2350","8929","2",7,5,7,"0109",0,0,"0",,0,"26X","HIGH ST","INTERNATIONAL BL",0,,"Y","B","-","N",,,,,,,,,,"N",4,0,1,2,"A","-","09",21801,"A","N","D","C","A","A","H","-","C","A",0,,,,,"Y",,"A","01",0,0,1,0,0,0,0,0,0,"-","-","ALAMEDA","OAKLAND",-122.21487,37.77234
"5611480",2012,2013-08-10,"0109",2012-04-15,"1236","8756","2",7,5,7,"0109",0,0,"0",,0,"23X","FOOTHILL BL","34TH AV",50,"W","N","A","-","N",,,,,,,,,,"N",4,0,1,2,"A","-","21",22106,,"N","B","C","A","A","H","-","A","D",0,,,,,"Y",,"A","01",0,0,1,0,0,0,0,0,0,"-","-","ALAMEDA","OAKLAND",-122.22083,37.78309
"5613442",2012,2013-10-15,"9370",2012-03-11,"0338","20145",,7,3,7,"0109",0,1,"1",,2,"176","RT 880","29TH AV",200,"S","N","A","-","Y","ALA",4,880,"-","-",28.63,"H","-","S","Y",4,0,1,1,"A","-","03",22350,,"N","F","A","A","A","H","-","C","D",1,,,"Y",,"Y",,"C","02",0,0,1,0,0,0,0,0,1,"-","-","ALAMEDA","OAKLAND",-122.23225,37.77455
"5613462",2012,2013-10-17,"9370",2012-03-14,"2300","18719",,3,3,7,"0109",0,1,"1",,2,"176","RT 880","98TH AV",1320,"N","N","C","-","Y","ALA",4,880,"-","-",24.99,"H","-","S","Y",3,0,2,3,"A","-","07",21658,"A","N","C","C","A","B","H","-","D","D",1,,,,,"Y",,"A","01",0,1,1,0,0,0,0,0,0,"-","-","ALAMEDA","OAKLAND",-122.19198,37.73541
"5613466",2012,2013-10-17,"9370",2012-03-20,"0836","18579",,2,1,7,"0109",0,1,"1",,2,"052","RT 580","RT 13",2006,"W","N","B","-","Y","ALA",4,580,"-","R",39.62,"H","-","W","Y",3,0,1,1,"A","-","08",22107,,"N","E","I","A","A","H","-","A","D",1,,,,,"Y",,"A","07",0,1,0,0,0,0,0,0,0,"-","-","ALAMEDA","OAKLAND",-122.18401,37.78417
"5613470",2012,2013-10-17,"9370",2012-03-13,"1630","19572",,2,2,7,"0109",0,1,"1",,2,"052","RT 580","GOLF LINKS RD",1380,"W","N","C","-","Y","ALA",4,580,"-","R",36.64,"H","-","E","Y",4,0,1,2,"A","-","07",21658,"A","M","B","C","A","B","H","-","A","D",1,,,,,"Y",,"A","01",0,0,1,0,0,0,0,0,0,"-","-","ALAMEDA","OAKLAND",-122.14797,37.75824
"5613473",2012,2013-11-19,"9370",2012-03-14,"0645","19469",,3,1,7,"0109",0,1,"3",,2,"025","RT 24","TELEGRAPH AV",290,"E","N","B","C","Y","ALA",4,580,"-","-",45.051,"R","2","W","Y",3,0,1,1,"A","-","08",22107,,"N","E","I","A","B","H","-","E","D",1,,,,,"Y",,"A","07",0,1,0,0,0,0,0,0,0,"-","-","ALAMEDA","OAKLAND",-122.26206,37.82297