"CASE_ID","ACCIDENT_YEAR","PROC_DATE","JURIS","COLLISION_DATE","COLLISION_TIME","OFFICER_ID","REPORTING_DISTRICT","DAY_OF_WEEK","CHP_SHIFT","POPULATION","CNTY_CITY_LOC","SPECIAL_COND","BEAT_TYPE","CHP_BEAT_TYPE","CITY_DIVISION_LAPD","CHP_BEAT_CLASS","BEAT_NUMBER","PRIMARY_RD","SECONDARY_RD","DISTANCE","DIRECTION","INTERSECTION","WEATHER_1","WEATHER_2","STATE_HWY_IND","CALTRANS_COUNTY","CALTRANS_DISTRICT","STATE_ROUTE","ROUTE_SUFFIX","POSTMILE_PREFIX","POSTMILE","LOCATION_TYPE","RAMP_INTERSECTION","SIDE_OF_HWY","TOW_AWAY","COLLISION_SEVERITY","NUMBER_KILLED","NUMBER_INJURED","PARTY_COUNT","PRIMARY_COLL_FACTOR","PCF_CODE_OF_VIOL","PCF_VIOL_CATEGORY","PCF_VIOLATION","PCF_VIOL_SUBSECTION","HIT_AND_RUN","TYPE_OF_COLLISION","MVIW","PED_ACTION","ROAD_SURFACE","ROAD_COND_1","ROAD_COND_2","LIGHTING","CONTROL_DEVICE","CHP_ROAD_TYPE","PEDESTRIAN_ACCIDENT","BICYCLE_ACCIDENT","MOTORCYCLE_ACCIDENT","TRUCK_ACCIDENT","NOT_PRIVATE_PROPERTY","ALCOHOL_INVOLVED","STWD_VEHTYPE_AT_FAULT","CHP_VEHTYPE_AT_FAULT","COUNT_SEVERE_INJ","COUNT_VISIBLE_INJ","COUNT_COMPLAINT_PAIN","COUNT_PED_KILLED","COUNT_PED_INJURED","COUNT_BICYCLIST_KILLED","COUNT_BICYCLIST_INJURED","COUNT_MC_KILLED","COUNT_MC_INJURED","PRIMARY_RAMP","SECONDARY_RAMP","COUNTY","CITY","POINT_X","POINT_Y"
"5613481",2012,2013-10-17,"9370",2012-03-22,"1507","19783",,4,2,7,"0109",0,1,"1",,2,"179","RT 880","POWELL ST",3830,"S","N","A","-","Y","ALA",4,880,"-","R",35.64,"H","-","N","Y",4,0,1,2,"A","-","07",21658,"A","N","C","C","A","A","H","-","A","D",1,,,,,"Y",,"A","07",0,0,1,0,0,0,0,0,0,"-","-","ALAMEDA","OAKLAND",37.49411,-122.17318
"5613493",2012,2013-10-08,"9370",2012-03-13,"1330","18499",,2,1,7,"0109",0,1,"3",,2,"024","RT 24","WEST MACARTHUR BL",40,"W","N","C","-","Y","ALA",4,580,"-","-",44.861,"R","2","W","Y",4,0,2,2,"A","-","07",21658,"A","N","B","C","A","B","H","-","A","D",1,,,,,"Y",,"A","01",0,0,2,0,0,0,0,0,0,"TO","-","ALAMEDA","OAKLAND",-122.26174,37.8229
"5613505",2012,2013-10-17,"9370",2012-03-12,"1515","20129",,1,2,7,"0109",0,1,"1",,2,"176","RT 880","HEGENBERGER RD",350,"N","N","A","-","Y","ALA",4,880,"-","-",25.6,"R","1","N","Y",4,0,3,2,"A","-","03",22350,,"N","C","C","A","A","H","-","A","A",1,,,,,"Y",,"A","01",0,0,3,0,0,0,0,0,0,"FR","-","ALAMEDA","OAKLAND",-122.19926,37.74401
"5613513",2012,2013-10-08,"9370",2012-03-21,"0915","19572",,3,1,7,"0109",0,1,"3",,2,"024","RT 24","TELEGRAPH ST",320,"E","N","A","-","Y","ALA",4,24,"-","R",3.2,"H","-","W","Y",3,0,2,3,"A","-","07",21658,"A","N","B","C","A","A","H","-","A","D",1,,,,,"Y",,"A","01",0,1,1,0,0,0,0,0,0,"-","-","ALAMEDA","OAKLAND",-122.26229,37.84117
"5613556",2012,2014-01-24,"9370",2012-04-12,"2220","19663",,4,3,7,"0109",0,1,"3",,2,"024","RT 24","BROADWAY",1135,"E","N","C","-","Y","ALA",4,24,"-","R",4.48,"H","-","W","Y",3,0,1,1,"A","-","01",23152,"A","N","F","I","A","B","H","-","C","D",0,,,,,"Y",,"A","01",0,1,0,0,0,0,0,0,0,"-","-","ALAMEDA","OAKLAND",-122.23724,37.84974
"5613562",2012,2014-01-17,"9370",2012-04-05,"1345","19572",,4,1,7,"0109",0,1,"1",,2,"177","RT 880","OAK ST",1300,"S","N","A","-","Y","ALA",4,880,"-","-",30.84,"H","-","N","Y",4,0,1,2,"A","-","03",22350,,"N","C","C","A","A","H","-","A","D",1,,,,,"Y",,"A","01",0,0,1,0,0,0,0,0,0,"-","-","ALAMEDA","OAKLAND",-122.26228,37.79226
"5613564",2012,2014-01-17,"9370",2012-04-09,"2105","18843",,1,2,7,"0109",0,1,"1",,2,"177","RT 880","OAK ST",245,"S","N","A","-","Y","ALA",4,880,"-","-",31.02,"H","-","N","Y",3,0,1,3,"A","-","03",22350,,"M","C","C","A","A","H","-","C","D",1,,,"Y",,"Y",,"A","01",0,1,0,0,0,0,0,0,1,"-","-","ALAMEDA","OAKLAND",-122.26451,37.79409
"5613566",2012,2014-02-06,"9370",2012-04-02,"0852","18579",,1,1,7,"0109",0,1,"1",,2,"052","RT 580","38TH AV",200,"E","N","B","-","Y","ALA",4,580,"-","R",40.35,"H","-","W","N",4,0,1,2,"A","-","21",22106,,"N","C","C","A","A","H","-","A","D",0,,,,,"Y",,"A","01",0,0,1,0,0,0,0,0,0,"-","-","ALAMEDA","OAKLAND",-122.201,37.78978
"5613572",2012,2014-01-17,"9370",2012-04-11,"1410","18954",,3,2,7,"0109",0,1,"1",,2,"176","RT 880","HIGH ST",1024,"N","N","A","B","Y","ALA",4,880,"-","-",28.15,"H","-","N","Y",4,0,2,2,"A","-","03",22350,,"N","C","C","A","A","H","-","A","D",1,,,,,"Y",,"A","01",0,0,2,0,0,0,0,0,0,"-","-","ALAMEDA","OAKLAND",-122.22494,37.77229
"5613576",2012,2014-02-05,"9370",2012-04-10,"0551","18499",,2,3,7,"0109",0,1,"1",,2,"052","RT 580","RT 13",475,"W","N","C","-","Y","ALA",4,580,"-","R",39.33,"H","-","W","Y",4,0,1,1,"A","-","08",22107,,"N","E","I","A","-","H","-","C","D",1,,,,,"Y",,"A","01",0,0,1,0,0,0,0,0,0,"-","-","ALAMEDA","OAKLAND",-122.18134,37.78408
"5613580",2012,2014-04-03,"9370",2012-04-10,"0550","18499",,2,3,7,"0109",0,1,"1",,2,"052","RT 580","RT 13",330,"W","N","C","-","Y","ALA",4,580,"-","R",39.18,"H","-","W","Y",4,0,1,1,"A","-","08",22107,,"N","E","I","A","B","H","-","C","D",1,,,,,"Y",,"A","01",0,0,1,0,0,0,0,0,0,"-","-","ALAMEDA","OAKLAND",-122.17789,37.78365
"5613584",2012,2014-01-17,"9370",2012-04-02,"1900","18719",,1,2,7,"0109",0,1,"1",,2,"176","RT 880","98TH AV",300,"S","N","A","-","Y","ALA",4,880,"-","-",24.68,"H","-","S","N",4,0,1,2,"A","-","07",21658,"A","N","B","C","A","A","H","-","A","D",1,,,,,"Y",,"A","01",0,0,1,0,0,0,0,0,0,"-","-","ALAMEDA","OAKLAND",-122.18657,37.72922
"5613592",2012,2014-01-27,"9370",2012-04-05,"2300","17208",,4,3,7,"0109",0,1,"1",,2,"055","RT 580","TELEGRAPH AV",700,"E","N","A","-","Y","ALA",4,580,"-","-",44.9,"H","-","W","Y",4,0,2,1,"A","-","08",22107,,"N","E","I","A","A","H","-","D","D",1,,,,,"Y",,"A","01",0,0,2,0,0,0,0,0,0,"-","-","ALAMEDA","OAKLAND",-122.26181,37.82292
"5613596",2012,2014-01-17,"9370",2012-04-06,"1600","19801",,5,2,7,"0109",0,1,"1",,2,"177","RT 880","OAK ST",150,"N","N","A","-","Y","ALA",4,880,"-","-",31.28,"H","-","S","Y",4,0,1,2,"A","-","03",22350,,"N","C","C","A","A","H","-","A","D",1,,,,,"Y",,"I","11",0,0,1,0,0,0,0,0,0,"-","-","ALAMEDA","OAKLAND",-122.2678,37.79559
"5613600",2012,2014-02-05,"9370",2012-04-03,"1800","17208",,2,2,7,"0109",0,1,"1",,2,"052","RT 580","HIGH ST",528,"E","N","B","-","Y","ALA",4,580,"-","R",39.98,"H","-","E","N",4,0,3,2,"A","-","03",22350,,"N","C","C","A","A","H","-","A","D",1,,,,,"Y",,"A","07",0,0,3,0,0,0,0,0,0,"-","-","ALAMEDA","OAKLAND",-122.19617,37.78682
"5613762",2012,2013-12-04,"9370",2012-03-28,"0510","18719",,3,3,7,"0109",0,1,"1",,2,"055","RT 580","POWELL ST",2500,"W","N","C","-","Y","ALA",4,580,"-","-",46.251,"R","2","W","Y",4,0,1,3,"A","-","03",22350,,"N","C","C","A","B","H","-","D","D",1,,,,,"Y",,"A","01",0,0,1,0,0,0,0,0,0,"TO","-","ALAMEDA","OAKLAND",-122.29156,37.82762
"5613765",2012,2014-01-17,"9370",2012-04-04,"0900","019469",,3,1,7,"0109",0,1,"1",,2,"176","RT 880","29TH AV OVPS",995,"S","N","A","-","Y","ALA",4,880,"-","-",28.5,"H","-","N","Y",4,0,1,3,"A","-","03",22350,,"N","C","C","A","A","H","-","A","D",1,,,,,"Y",,"A","01",0,0,1,0,0,0,0,0,0,"-","-","ALAMEDA","OAKLAND",-122.22957,37.7738
"5613769",2012,2014-01-17,"9370",2012-04-12,"1750","16710",,4,2,7,"0109",0,1,"1",,2,"176","RT 880","66TH AV",835,"N","N","B","-","Y","ALA",4,880,"-","-",26.77,"H","-","S","Y",4,0,1,3,"A","-","03",22350,,"N","C","C","A","A","H","-","A","D",1,,,,,"Y",,"A","07",0,0,1,0,0,0,0,0,0,"-","-","ALAMEDA","OAKLAND",-122.21059,37.75663
"5613773",2012,2014-01-24,"9370",2012-04-12,"0950","019558",,4,1,7,"0109",0,1,"3",,2,"025","RT 24","52ND ST",120,"E","N","C","-","Y","ALA",4,24,"-","R",2.84,"H","-","W","Y",4,0,2,3,"A","-","03",22350,,"N","C","C","A","B","H","-","A","D",1,,,,,"Y",,"-","-",0,0,2,0,0,0,0,0,0,"-","-","ALAMEDA","OAKLAND",-122.26537,37.83835
"5613774",2012,2013-10-08,"9370",2012-03-15,"0414","18878",,4,3,7,"0109",0,1,"3",,2,"013","RT 13","PARK BL",167,"S","N","C","-","Y","ALA",4,13,"-","-",7.37,"H","-","S","Y",3,0,1,1,"A","-","03",22350,,"N","E","J","A","B","C","-","D","D",1,,,,,"Y",,"A","01",0,1,0,0,0,0,0,0,0,"-","-","ALAMEDA","OAKLAND",-122.2073,37.82156
"5613781",2012,2014-01-17,"9370",2012-04-01,"1730","018182",,7,2,7,"0109",0,1,"1",,2,"176","RT 880","HIGH ST",600,"N","N","A","-","Y","ALA",4,880,"-","-",28.07,"H","-","N","Y",3,0,1,3,"A","-","07",21658,"A","N","B","C","A","A","D","-","A","D",1,,,,,"Y",,"A","07",0,1,0,0,0,0,0,0,0,"-","-","ALAMEDA","OAKLAND",-122.22387,37.77193
"5613786",2012,2013-10-17,"9370",2012-03-24,"0926","18876",,6,1,7,"0109",0,1,"1",,2,"055","RT 580","WEBSTER ST",210,"W","N","C","-","Y","ALA",4,580,"-","-",44.87,"H","-","W","Y",3,0,2,1,"A","-","08",22107,,"N","E","I","A","B","H","-","A","D",1,,,,,"Y",,"A","01",0,1,1,0,0,0,0,0,0,"-","-","ALAMEDA","OAKLAND",-122.26176,37.82291
"5613789",2012,2014-01-23,"9370",2012-04-04,"1315","018896",,3,1,7,"0109",0,1,"1",,2,"081","RT 80","ASHBY AV",60,"E","N","A","-","Y","ALA",4,80,"-","-",4.46,"H","-","W","Y",4,0,1,2,"A","-","03",22350,,"N","C","C","A","A","H","-","A","D",6,,,,,"Y",,"A","01",0,0,1,0,0,0,0,0,0,"-","-","ALAMEDA","OAKLAND",-122.29843,37.84609
"5613794",2012,2013-10-15,"9370",2012-03-31,"0900","19801",,6,1,7,"0109",0,1,"1",,2,"177","RT 880","ADELINE ST",800,"N","N","B","C","Y","ALA",4,880,"-","R",32.56,"H","-","S","Y",4,0,1,1,"A","-","08",22107,,"N","E","I","A","B","H","-","A","D",1,,,,,"Y",,"A","01",0,0,1,0,0,0,0,0,0,"-","-","ALAMEDA","OAKLAND",-122.29162,37.80254
"5613798",2012,2013-10-15,"9370",2012-03-31,"2350","20146",,6,3,7,"0109",0,1,"1",,2,"177","RT 880","5TH AV",745,"N","N","A","B","Y","ALA",4,880,"-","-",31,"H","-","S","N",4,0,1,3,"A","-","03",22350,,"N","C","C","A","A","H","-","D","A",1,,,,,"Y",,"A","01",0,0,1,0,0,0,0,0,0,"-","-","ALAMEDA","OAKLAND",-122.26468,37.794
"5613801",2012,2013-10-15,"9370",2012-03-27,"1820","18804",,2,2,7,"0109",0,1,"1",,2,"177","RT 880","ADELINE ST",400,"S","N","C","-","Y","ALA",4,880,"-","R",32.33,"H","-","S","Y",4,0,1,1,"A","-","08",22107,,"N","E","I","A","B","H","-","B","D",1,,,,,"Y",,"A","01",0,0,1,0,0,0,0,0,0,"-","-","ALAMEDA","OAKLAND",-122.28677,37.80266
"5613805",2012,2013-10-17,"9370",2012-03-13,"0955","19572",,2,1,7,"0109",0,1,"1",,2,"052","RT 580","HIGH ST",140,"W","N","C","-","Y","ALA",4,580,"-","R",40.191,"R","2","W","Y",2,0,2,1,"A","-","08",22107,,"N","E","I","A","B","H","-","A","D",0,,,,,"Y",,"A","01",1,1,0,0,0,0,0,0,0,"FR","-","ALAMEDA","OAKLAND",-122.19901,37.78842
"5613813",2012,2013-10-17,"9370",2012-03-28,"1028","18579",,3,1,7,"0109",0,1,"1",,2,"053","RT 580","BEAUMONT AV",60,"E","N","B","-","Y","ALA",4,580,"-","R",42.17,"H","-","W","Y",3,0,1,2,"A","-","08",22107,,"N","D","C","A","A","H","-","A","D",1,,,,,"Y",,"A","01",0,1,0,0,0,0,0,0,0,"-","-","ALAMEDA","OAKLAND",-122.22638,37.80049
"5613818",2012,2013-10-08,"9370",2012-03-27,"1904","18837",,2,2,7,"0109",0,1,"3",,2,"024","RT 24","GOLDEN GATE AV",490,"W","N","B","C","Y","ALA",4,24,"-","R",4.36,"H","-","W","Y",3,0,1,1,"A","-","01",23152,"A","N","F","J","A","B","H","-","B","D",0,,,,,"Y","Y","A","07",0,1,0,0,0,0,0,0,0,"-","-","ALAMEDA","OAKLAND",-122.23928,37.8501
"5613821",2012,2013-10-15,"9370",2012-03-23,"0839","19852",,5,1,7,"0109",0,1,"3",,2,"025","RT 24","40TH ST",46,"W","N","B","-","Y","ALA",4,24,"-","R",2.19,"H","-","W","Y",4,0,1,2,"A","-","07",21658,"A","N","B","C","A","A","H","-","A","D",1,,,,,"Y",,"A","07",0,0,1,0,0,0,0,0,0,"-","-","ALAMEDA","OAKLAND",-122.26704,37.83068
"5613822",2012,2013-10-08,"9370",2012-03-27,"1810","18837",,2,2,7,"0109",0,1,"3",,2,"024","RT 24","GOLDEN GATE AV",325,"E","N","B","C","Y","ALA",4,24,"-","R",4.54,"H","-","W","Y",4,0,1,1,"A","-","08",22107,,"N","F","J","A","B","H","-","A","D",0,,,,,"Y",,"A","01",0,0,1,0,0,0,0,0,0,"-","-","ALAMEDA","OAKLAND",-122.23639,37.84936
"5613825",2012,2013-10-17,"9370",2012-03-26,"0040","19160",,1,3,7,"0109",0,1,"1",,2,"054","RT 580","GRAND AV",523,"W","N","B","-","Y","ALA",4,580,"-","-",43.73,"H","-","W","Y",3,0,1,1,"A","-","01",23152,"A","N","E","I","A","A","H","-","C","D",1,,,,,"Y","Y","A","01",0,1,0,0,0,0,0,0,0,"-","-","ALAMEDA","OAKLAND",-122.24903,37.81075
"5613829",2012,2013-10-15,"9370",2012-03-31,"0923","20258",,6,1,7,"0109",0,1,"1",,2,"177","RT 880","7TH ST",2376,"S","N","C","-","Y","ALA",4,880,"-","R",33.05,"H","-","N","Y",4,0,1,1,"A","-","08",22107,,"N","E","I","A","B","H","-","A","D",0,,,,,"Y",,"A","01",0,0,1,0,0,0,0,0,0,"-","-","ALAMEDA","OAKLAND",-122.2999,37.80278
"5614407",2012,2014-01-06,"9335",2012-05-09,"1105","019510",,3,1,7,"0109",0,1,"1",,1,"082","RT 80","TOLL PLZ",600,"W","N","A","-","Y","ALA",4,80,"-","-",1.88,"H","-","W","N",4,0,1,3,"A","-","03",22350,,"N","C","C","A","A","H","-","A","D",4,,,,,"Y",,"A","07",0,0,1,0,0,0,0,0,0,"-","-","ALAMEDA","OAKLAND",-122.32241,37.8226
"5614431",2012,2013-09-07,"0109",2012-05-05,"0936","8508","1",6,5,7,"0109",0,0,"0",,0,"15X","MACARTHUR BL","LAKE PARK AV",0,,"Y","A","-","N",,,,,,,,,,"N",3,0,1,2,"A","-","09",21802,"A","N","H","G","A","A","H","-","A","A",0,,"Y",,,"Y",,"A","01",0,1,0,0,0,0,1,0,0,"-","-","ALAMEDA","OAKLAND",-122.24186,37.80749
"5614435",2012,2014-01-06,"9335",2012-05-12,"1555","019820",,6,2,7,"0109",0,1,"1",,1,"082","RT 80","METERING LIGHTS",500,"W","N","A","-","Y","ALA",4,80,"-","-",1.81,"H","-","W","N",4,0,1,2,"A","-","03",22350,,"N","C","C","A","A","H","-","A","D",4,,,,,"Y",,"A","01",0,0,1,0,0,0,0,0,0,"-","-","ALAMEDA","OAKLAND",-122.32341,37.82242
"5614439",2012,2013-09-07,"0109",2012-05-07,"0748","8508","1",1,5,7,"0109",0,0,"0",,0,"17Y","PARK BL","34TH ST",6,"S","N","A","-","N",,,,,,,,,,"N",4,0,1,2,"A","-","10",21950,"A","N","G","B","B","A","H","-","A","A",0,"Y",,,,"Y",,"A","01",0,0,1,0,1,0,0,0,0,"-","-","ALAMEDA","OAKLAND",-122.23468,37.80345
"5614443",2012,2013-09-07,"0109",2012-05-05,"1332","8606","1",6,5,7,"0109",0,0,"0",,0,"03X","WEBSTER ST","14TH ST",0,,"Y","A","-","N",,,,,,,,,,"N",4,0,5,2,"A","-","12",21453,"A","N","D","C","A","A","H","-","A","A",0,,,,,"Y",,"A","07",0,0,5,0,0,0,0,0,0,"-","-","ALAMEDA","OAKLAND",-122.26883,37.80339
"5614564",2012,2013-07-27,"0109",2012-03-22,"1118","7704","1",4,5,7,"0109",0,0,"0",,0,"12X","SHAFTER AV","50TH ST",0,,"Y","B","-","N",,,,,,,,,,"N",4,0,1,2,"A","-","09",21801,"A","N","B","C","A","A","H","-","A","A",0,,,,,"Y",,"A","07",0,0,1,0,0,0,0,0,0,"-","-","ALAMEDA","OAKLAND",-122.25856,37.83594
"5614568",2012,2013-07-27,"0109",2012-03-24,"2024","9001","2",6,5,7,"0109",0,0,"0",,0,"08X","WEST MACARTHUR BL","TELEGRAPH AV",6,"E","N","C","-","N",,,,,,,,,,"N",3,0,1,2,"A","-","11",21453,"D","N","G","B","B","B","H","-","C","A",0,"Y",,,,"Y","Y","N","60",0,1,0,0,1,0,0,0,0,"-","-","ALAMEDA","OAKLAND",-122.26524,37.8263
"5614580",2012,2013-07-27,"0109",2012-03-30,"1800","8662","1",5,5,7,"0109",0,0,"0",,0,"06X","WEST MACARTHUR BL","WEST ST",30,"E","N","A","-","N",,,,,,,,,,"N",4,0,2,2,"A","-","07",21658,"A","N","B","C","A","A","H","-","A","D",0,,,,,"Y",,"A","01",0,0,2,0,0,0,0,0,0,"-","-","ALAMEDA","OAKLAND",-122.27161,37.82749
"5614584",2012,2013-07-29,"0109",2012-03-30,"1924","8729","2",5,5,7,"0109",0,0,"0",,0,"30X","73RD AV","DEERWOOD AV",50,"N","N","B","-","N",,,,,,,,,,"N",4,0,1,1,"A","-","03",22350,,"N","H","A","A","A","H","-","A","D",0,,,"Y",,"Y",,"C","02",0,0,1,0,0,0,0,0,1,"-","-","ALAMEDA","OAKLAND",-122.17959,37.76399
"5614588",2012,2013-07-27,"0109",2012-03-24,"2359","8623","2",6,5,7,"0109",0,0,"0",,0,"34X","INTERNATIONAL BL","90TH AV",0,,"Y","C","-","N",,,,,,,,,,"N",4,0,2,2,"A","-","09",21801,"A","N","D","C","A","B","H","-","C","A",0,,,,,"Y",,"A","01",0,0,2,0,0,0,0,0,0,"-","-","ALAMEDA","OAKLAND",-122.17464,37.74982
"5614592",2012,2013-07-27,"0109",2012-03-30,"1009","8134",,5,5,7,"0109",0,0,"0",,0,"16Y","E 38TH ST","13TH AV",0,,"Y","A","-","N",,,,,,,,,,"N",4,0,3,2,"A","-","09",21802,"A","N","D","C","A","A","H","-","A","A",0,,,,,"Y",,"A","01",0,0,3,0,0,0,0,0,0,"-","-","ALAMEDA","OAKLAND",-122.22905,37.80425
"5614596",2012,2013-07-27,"0109",2012-03-30,"0710","9009","1",5,5,7,"0109",0,0,"0",,0,"02X","BRUSH ST","7TH ST",0,,"Y","A","-","N",,,,,,,,,,"Y",4,0,1,2,"A","-","12",21453,"A","N","D","C","A","A","H","-","A","A",0,,,,,"Y",,"A","01",0,0,1,0,0,0,0,0,0,"-","-","ALAMEDA","OAKLAND",-122.28138,37.8023
"5614600",2012,2013-07-27,"0109",2012-03-28,"1031","8107","2",3,5,7,"0109",0,0,"0",,0,"35Y","MALCOLM AV","MONAN ST",80,"S","N","B","-","N",,,,,,,,,,"Y",4,0,1,1,"A","-","03",22350,,"N","E","I","A","B","H","-","A","D",0,,,,,"Y",,"A","01",0,0,1,0,0,0,0,0,0,"-","-","ALAMEDA","OAKLAND",-122.12758,37.75169
"5614604",2012,2013-07-29,"0109",2012-03-19,"1812","8619","1",1,5,7,"0109",0,0,"0",,0,"18X","14TH AV","VALLECITO PL",0,,"Y","B","-","N",,,,,,,,,,"N",4,0,2,2,"A","-","03",22350,,"M","C","C","A","A","H","-","A","D",0,,,,,"Y",,"A","01",0,0,2,0,0,0,0,0,0,"-","-","ALAMEDA","OAKLAND",-122.23325,37.79656
"5614616",2012,2013-07-29,"0109",2012-03-09,"1003","8134",,5,5,7,"0109",0,0,"0",,0,"01X","4TH ST","JACKSON ST",100,"W","N","A","-","N",,,,,,,,,,"N",3,0,1,2,"A","-","11",21954,"A","N","G","B","D","A","H","-","A","A",0,"Y",,,,"Y",,"N","60",0,1,0,0,1,0,0,0,0,"-","-","ALAMEDA","OAKLAND",-122.26988,37.79525
"5614620",2012,2013-07-29,"0109",2012-03-10,"1115","8774","2",6,5,7,"0109",0,0,"0",,0,"35X","MACARTHUR BL","90TH AV",0,,"Y","B","-","N",,,,,,,,,,"N",4,0,1,2,"A","-","09",21801,"A","N","D","C","A","A","H","-","A","A",0,,,,,"Y",,"A","01",0,0,1,0,0,0,0,0,0,"-","-","ALAMEDA","OAKLAND",-122.16136,37.7556
"5614624",2012,2013-07-29,"0109",2012-03-16,"1723","9070","2",5,5,7,"0109",0,0,"0",,0,"34X","INTERNATIONAL BL","90TH AV",10,"E","N","C","-","N",,,,,,,,,,"N",4,0,1,2,"A","-","10",21950,"A","M","G","B","B","B","H","-","A","A",0,"Y",,,,"Y",,"-","99",0,0,1,0,1,0,0,0,0,"-","-","ALAMEDA","OAKLAND",-122.17463,37.7498
"5615710",2012,2013-09-20,"9370",2012-01-21,"2114","20146",,6,2,7,"0109",0,1,"1",,2,"052","RT 580","106TH AV",1640,"E","N","A","-","Y","ALA",4,580,"-","R",35.4,"H","-","E","Y",2,0,2,2,"A","-","07",21658,"A","M","E","I","A","A","H","-","D","D",1,,,,,"Y",,"A","01",2,0,0,0,0,0,0,0,0,"-","-","ALAMEDA","OAKLAND",-122.14612,37.74282
"5615725",2012,2013-07-19,"0109",2012-02-25,"1600","8760","2",6,5,7,"0109",0,0,"0",,0,"35X","BANCROFT AV","85TH AV",0,,"Y","A","-","N",,,,,,,,,,"N",4,0,2,3,"A","-","03",22350,,"N","C","C","A","A","H","-","A","A",0,,,,,"Y",,"A","01",0,0,2,0,0,0,0,0,0,"-","-","ALAMEDA","OAKLAND",-122.16883,37.75762
"5615737",2012,2013-09-20,"9370",2012-02-25,"1934","20050",,6,2,7,"0109",0,1,"1",,2,"052","RT 580","106TH AV",360,"W","N","A","-","Y","ALA",4,580,"-","R",35.82,"H","-","E","Y",3,0,1,2,"A","-","07",21658,"A","N","B","C","A","A","H","-","D","D",1,,,,,"Y","Y","A","07",0,1,0,0,0,0,0,0,0,"-","-","ALAMEDA","OAKLAND",-122.15042,37.74768
"5616551",2012,2013-09-21,"0109",2012-05-11,"0832","8217","2",5,5,7,"0109",0,0,"0",,0,"21X","FRUITVALE AV","E 27TH ST",0,,"Y","A","-","N",,,,,,,,,,"Y",4,0,2,2,"A","-","12",21453,"A","M","D","-","A","A","H","-","A","A",0,,,,,"Y",,"A","01",0,0,2,0,0,0,0,0,0,"-","-","ALAMEDA","OAKLAND",-122.22009,37.79054
"5616555",2012,2013-09-21,"0109",2012-05-15,"0842","7550","2",2,5,7,"0109",0,0,"0",,0,"34X","82ND AV","BANCROFT AV",0,,"Y","B","-","N",,,,,,,,,,"N",4,0,2,2,"A","-","09",21801,"A","N","B","C","A","A","H","-","A","A",0,,,,,"Y",,"A","01",0,0,2,0,0,0,0,0,0,"-","-","ALAMEDA","OAKLAND",-122.17058,37.75998
"5616738",2012,2013-09-14,"0109",2012-05-05,"2135","8955","2",6,5,7,"0109",0,0,"0",,0,"21X","FRUITVALE AV","FOOTHILL BL",0,,"Y","A","-","N",,,,,,,,,,"N",4,0,2,2,"A","-","09",21801,"A","N","A","C","A","A","H","-","C","A",0,,,,,"Y",,"A","01",0,0,2,0,0,0,0,0,0,"-","-","ALAMEDA","OAKLAND",-122.22277,37.78374
"5616742",2012,2013-09-14,"0109",2012-05-01,"0800","7910","2",2,5,7,"0109",0,0,"0",,0,"29X","FOOTHILL BL","1ST AV",20,"E","N","B","-","N",,,,,,,,,,"N",4,0,2,2,"A","-","03",22350,,"N","C","C","A","A","H","-","A","A",0,,,,,"Y",,"A","01",0,0,2,0,0,0,0,0,0,"-","-","ALAMEDA","OAKLAND",-122.25516,37.79999
"5616746",2012,2013-09-14,"0109",2012-05-07,"1541","9084","1",1,5,7,"0109",0,0,"0",,0,"06X","MARKET ST","32ND ST",0,,"Y","A","-","N",,,,,,,,,,"Y",4,0,1,2,"A","-","09",21802,"A","N","D","C","A","A","H","-","A","A",0,,,,,"Y",,"A","01",0,0,1,0,0,0,0,0,0,"-","-","ALAMEDA","OAKLAND",-122.27601,37.82237
"5618252",2012,2013-09-13,"0109",2012-02-26,"0949","8508","1",7,5,7,"0109",0,0,"0",,0,"25X","SKYLINE BL","SKYWAY LN",2112,"W","N","A","-","N",,,,,,,,,,"N",3,0,1,1,"A","-","08",22107,,"N","H","A","A","A","H","-","A","D",0,,,,,"Y",,"J","49",0,1,0,0,0,0,0,0,0,"-","-","ALAMEDA","OAKLAND",,
"5618253",2012,2013-07-13,"0109",2012-02-18,"1658","8846","1",6,5,7,"0109",0,0,"0",,0,"02Y","11TH ST","PINE ST",150,"E","N","B","-","N",,,,,,,,,,"Y",3,0,1,1,"A","-","08",22107,,"N","A","I","A","A","H","-","A","D",0,,,,,"Y",,"A","01",0,1,0,0,0,0,0,0,0,"-","-","ALAMEDA","OAKLAND",-122.30045,37.81154
"5620390",2012,2013-09-05,"0109",2012-05-09,"1651","9076","1",3,5,7,"0109",0,0,"0",,0,"10X","ORANGE ST","HARRISON ST",0,,"Y","A","-","N",,,,,,,,,,"N",3,0,1,1,"A","-","08",22107,,"N","E","I","A","A","H","-","A","D",0,,,,,"Y",,"A","01",0,1,0,0,0,0,0,0,0,"-","-","ALAMEDA","OAKLAND",-122.259,37.81528