"CASE_ID","ACCIDENT_YEAR","PROC_DATE","JURIS","COLLISION_DATE","COLLISION_TIME","OFFICER_ID","REPORTING_DISTRICT","DAY_OF_WEEK","CHP_SHIFT","POPULATION","CNTY_CITY_LOC","SPECIAL_COND","BEAT_TYPE","CHP_BEAT_TYPE","CITY_DIVISION_LAPD","CHP_BEAT_CLASS","BEAT_NUMBER","PRIMARY_RD","SECONDARY_RD","DISTANCE","DIRECTION","INTERSECTION","WEATHER_1","WEATHER_2","STATE_HWY_IND","CALTRANS_COUNTY","CALTRANS_DISTRICT","STATE_ROUTE","ROUTE_SUFFIX","POSTMILE_PREFIX","POSTMILE","LOCATION_TYPE","RAMP_INTERSECTION","SIDE_OF_HWY","TOW_AWAY","COLLISION_SEVERITY","NUMBER_KILLED","NUMBER_INJURED","PARTY_COUNT","PRIMARY_COLL_FACTOR","PCF_CODE_OF_VIOL","PCF_VIOL_CATEGORY","PCF_VIOLATION","PCF_VIOL_SUBSECTION","HIT_AND_RUN","TYPE_OF_COLLISION","MVIW","PED_ACTION","ROAD_SURFACE","ROAD_COND_1","ROAD_COND_2","LIGHTING","CONTROL_DEVICE","CHP_ROAD_TYPE","PEDESTRIAN_ACCIDENT","BICYCLE_ACCIDENT","MOTORCYCLE_ACCIDENT","TRUCK_ACCIDENT","NOT_PRIVATE_PROPERTY","ALCOHOL_INVOLVED","STWD_VEHTYPE_AT_FAULT","CHP_VEHTYPE_AT_FAULT","COUNT_SEVERE_INJ","COUNT_VISIBLE_INJ","COUNT_COMPLAINT_PAIN","COUNT_PED_KILLED","COUNT_PED_INJURED","COUNT_BICYCLIST_KILLED","COUNT_BICYCLIST_INJURED","COUNT_MC_KILLED","COUNT_MC_INJURED","PRIMARY_RAMP","SECONDARY_RAMP","COUNTY","CITY","POINT_X","POINT_Y"
"5961666",2012,2013-12-12,"0109",2012-10-18,"0941","8508",,4,5,7,"0109",0,0,"0",,0,,"FOOTHILL BL","21ST AV",0,,"Y","A","-","N",,,,,,,,,,"Y",4,0,1,2,"A","-","09",21802,"A","N","D","C","A","A","H","-","A","A",0,,,,,"Y",,"A","07",0,0,1,0,0,0,0,0,0,"-","-","ALAMEDA","OAKLAND",-122.23738,37.78688
"5961670",2012,2013-12-12,"0109",2012-10-22,"0834","9083","1",1,5,7,"0109",0,0,"0",,0,"19X","29TH AV","GLASCOCK ST",325,"S","N","B","-","N",,,,,,,,,,"N",4,0,2,2,"A","-","05",21460,"A","N","A","C","A","B","H","-","A","D",0,,,,,"Y",,"A","01",0,0,2,0,0,0,0,0,0,"-","-","ALAMEDA","OAKLAND",,
"5961843",2012,2014-01-14,"9370",2012-12-09,"2125","020224",,7,2,7,"0109",0,1,"1",,2,"054","RT 580","BEAUMONT AV",10,"E","N","A","-","Y","ALA",4,580,"-","R",42.031,"R","3","E","Y",4,0,1,1,"A","-","01",23152,"A","N","F","A","A","A","H","-","D","D",1,,,"Y",,"Y","Y","C","02",0,0,1,0,0,0,0,0,1,"-","-","ALAMEDA","OAKLAND",-122.22481,37.79993
"5961903",2012,2014-01-15,"9370",2012-12-09,"1750","018182",,7,2,7,"0109",0,1,"1",,2,"008","RT 80","WEST GRAND AV",500,"E","N","A","-","Y","ALA",4,80,"-","-",2.5,"H","-","W","N",4,0,1,3,"A","-","03",22350,,"N","C","C","A","A","H","-","C","D",6,,,,,"Y",,"A","01",0,0,1,0,0,0,0,0,0,"-","-","ALAMEDA","OAKLAND",-122.30364,37.82576
"5961907",2012,2014-01-15,"9370",2012-12-09,"0150","020292",,7,3,7,"0109",0,1,"1",,2,"177","RT 880","OAK ST",375,"S","N","A","-","Y","ALA",4,880,"-","-",30.95,"H","-","S","N",4,0,2,2,"A","-","03",22350,,"N","C","C","A","A","D","-","E","D",1,,,,,"Y",,"A","01",0,0,2,0,0,0,0,0,0,"-","-","ALAMEDA","OAKLAND",-122.26416,37.79358
"5961911",2012,2014-01-15,"9370",2012-12-08,"0740","019742",,6,1,7,"0109",0,1,"1",,2,"177","RT 880","16TH AV",710,"N","N","A","-","Y","ALA",4,880,"-","-",29.82,"H","-","N","Y",3,0,2,5,"A","-","03",22350,,"F","C","C","A","A","H","-","A","D",1,,,,,"Y",,"A","01",0,1,1,0,0,0,0,0,0,"-","-","ALAMEDA","OAKLAND",-122.24577,37.78653
"5961914",2012,2014-01-15,"9370",2012-12-20,"0620","20206",,4,1,7,"0109",0,1,"1",,2,"055","RT 580","TELEGRAPH AV",350,"E","N","A","-","Y","ALA",4,580,"-","-",44.96,"H","-","W","Y",3,0,1,1,"A","-","08",22107,,"N","E","I","A","A","H","-","C","D",1,,,,,"Y",,"A","07",0,1,0,0,0,0,0,0,0,"-","-","ALAMEDA","OAKLAND",-122.26191,37.82294
"5961918",2012,2014-01-14,"9370",2012-12-16,"0002","020447",,7,3,7,"0109",0,1,"1",,2,"053","RT 580","FRUITVALE AV",3510,"W","N","B","-","Y","ALA",4,580,"-","R",42.09,"H","-","E","Y",3,0,1,2,"A","-","01",23152,"A","N","B","C","A","B","H","-","C","D",1,,,,,"Y","Y","A","01",0,1,0,0,0,0,0,0,0,"-","-","ALAMEDA","OAKLAND",-122.22576,37.80014
"5962062",2012,2014-01-14,"9370",2012-12-13,"1740","019663",,4,2,7,"0109",0,1,"1",,2,"054","RT 580","GRAND AV",875,"W","N","A","-","Y","ALA",4,580,"-","-",43.8,"H","-","E","N",4,0,1,2,"A","-","03",22350,,"M","C","C","A","A","H","-","B","D",1,,,,,"Y",,"-","99",0,0,1,0,0,0,0,0,0,"-","-","ALAMEDA","OAKLAND",-122.25075,37.81285
"5962078",2012,2014-01-14,"9370",2012-12-11,"0935","020447",,2,1,7,"0109",0,1,"3",,2,"024","RT 24","RT 13",1160,"W","N","A","-","Y","ALA",4,24,"-","R",4.9,"H","-","W","Y",4,0,3,3,"A","-","03",22350,,"N","C","C","A","A","H","-","A","D",0,,,,,"Y",,"A","01",0,0,3,0,0,0,0,0,0,"-","-","ALAMEDA","OAKLAND",-122.23069,37.8491
"5962127",2012,2014-04-03,"9370",2012-12-07,"2148","019059",,5,2,7,"0109",0,1,"1",,2,"008","RT 80","GRAND AV",100,"W","N","A","-","Y","ALA",4,80,"-","-",2.49,"H","-","E","Y",3,0,3,3,"A","-","03",22350,,"N","C","C","A","A","H","-","C","D",6,,,,,"Y",,"A","07",0,1,2,0,0,0,0,0,0,"-","-","ALAMEDA","OAKLAND",-122.30551,37.82497
"5962151",2012,2014-04-03,"9370",2012-12-11,"0657","020420",,2,1,7,"0109",0,1,"1",,2,"055","RT 580","MANDELA PKWY",142,"E","N","A","-","Y","ALA",4,580,"-","-",46.28,"H","-","W","N",4,0,1,2,"A","-","07",21658,"A","N","D","C","A","A","H","-","A","D",1,,,,,"Y",,"A","01",0,0,1,0,0,0,0,0,0,"TO","-","ALAMEDA","OAKLAND",-122.2921,37.82789
"5962155",2012,2014-04-03,"9370",2012-12-10,"1837","019812",,1,2,7,"0109",0,1,"1",,2,"054","RT 580","LAKESHORE AV",700,"E","N","A","-","Y","ALA",4,580,"-","-",43.35,"H","-","E","N",4,0,1,2,"A","-","03",22350,,"N","C","C","A","A","H","-","D","D",1,,,,,"Y",,"A","01",0,0,1,0,0,0,0,0,0,"-","-","ALAMEDA","OAKLAND",-122.24249,37.8085
"5962374",2012,2014-01-15,"0109",2012-12-08,"0053","8540","1",6,5,7,"0109",0,0,"0",,0,"12X","52ND ST","SHATTUCK AV",0,,"Y","A","-","N",,,,,,,,,,"N",3,0,1,2,"A","-","12",21453,"A","F","D","G","A","A","H","-","C","A",0,,"Y",,,"Y","Y","A","01",0,1,0,0,0,0,1,0,0,"-","-","ALAMEDA","OAKLAND",-122.26423,37.83785
"5963164",2012,2013-12-07,"0109",2012-09-22,"1840","8466","2",6,5,7,"0109",0,0,"0",,0,"34X","98TH AV","PLYMOUTH",20,"N","N","A","-","N",,,,,,,,,,"N",4,0,1,2,"A","-","03",22350,,"M","C","C","A","A","H","-","A","A",0,,,,,"Y",,"A","07",0,0,1,0,0,0,0,0,0,"-","-","ALAMEDA","OAKLAND",-122.16718,37.74592
"5963932",2012,2013-11-09,"9370",2012-08-17,"2135","020065",,5,2,7,"0109",0,1,"1",,2,"176","RT 880","HEGENBERGER RD",615,"N","N","A","-","Y","ALA",4,880,"-","-",25.61,"H","-","S","Y",4,0,1,1,"A","-","01",23152,"A","N","E","I","A","A","H","-","D","D",1,,,,,"Y","Y","A","07",0,0,1,0,0,0,0,0,0,"-","-","ALAMEDA","OAKLAND",-122.19834,37.74266
"5963969",2012,2013-11-08,"0109",2012-08-13,"0908","8594","2",1,5,7,"0109",0,0,"0",,0,"31Y","EDES AV","98TH AV",0,,"Y","A","-","N",,,,,,,,,,"Y",4,0,2,2,"A","-","12",21453,"A","M","D","C","A","A","H","-","A","A",0,,,,,"Y",,"A","01",0,0,2,0,0,0,0,0,0,"-","-","ALAMEDA","OAKLAND",-122.1833,37.73641
"5964024",2012,2013-09-19,"0109",2012-05-27,"0350","8892","1",7,5,7,"0109",0,0,"0",,0,"19X","22ND AV","FOOTHILL BL",0,,"Y","A","-","N",,,,,,,,,,"Y",4,0,1,2,"A","-","12",21453,"A","N","D","C","A","A","H","-","C","A",0,,,,,"Y","Y","A","01",0,0,1,0,0,0,0,0,0,"-","-","ALAMEDA","OAKLAND",-122.23634,37.78624
"5964063",2012,2013-09-19,"0109",2012-05-04,"1900","8221","1",5,5,7,"0109",0,0,"0",,0,"15X","LAKESHORE AV","FOOTHILL BL",0,,"Y","A","-","N",,,,,,,,,,"N",4,0,1,2,"A","-","08",22107,,"N","H","G","A","A","H","-","A","A",0,,"Y",,,"Y",,"A","01",0,0,1,0,0,0,1,0,0,"-","-","ALAMEDA","OAKLAND",-122.25521,37.80002
"5964076",2012,2013-09-18,"0109",2012-05-06,"0901","8887","1",7,5,7,"0109",0,0,"0",,0,"17Y","STUART ST","E 33RD ST",0,,"Y","A","-","N",,,,,,,,,,"N",4,0,1,2,"A","-","09",21802,"A","N","D","C","A","A","H","-","A","A",0,,,,,"Y",,"A","01",0,0,1,0,0,0,0,0,0,"-","-","ALAMEDA","OAKLAND",-122.231,37.80075
"5964283",2012,2013-11-13,"0109",2012-08-06,"0808","8427","1",1,5,7,"0109",0,0,"0",,0,"06X","MARTIN LUTHER KING JR WY","36TH ST",200,"S","N","A","-","N",,,,,,,,,,"Y",4,0,1,3,"A","-","08",22107,,"N","B","E","A","A","H","-","A","D",0,,,,,"Y",,"A","01",0,0,1,0,0,0,0,0,0,"-","-","ALAMEDA","OAKLAND",-122.26981,37.82442
"5964287",2012,2013-11-13,"0109",2012-08-18,"2310","8994","2",6,5,7,"0109",0,0,"0",,0,"32X","INTERNATIONAL BL","DURANT AV",0,,"Y","A","-","N",,,,,,,,,,"N",4,0,2,2,"A","-","12",21453,"A","M","D","C","A","A","H","-","C","A",0,,,,,"Y",,"A","01",0,0,2,0,0,0,0,0,0,"-","-","ALAMEDA","OAKLAND",-122.16427,37.73586
"5964291",2012,2013-11-13,"0109",2012-08-04,"1309","8779","2",6,5,7,"0109",0,0,"0",,0,"33X","98TH AV","INTERNATIONAL BL",93,"S","N","A","-","N",,,,,,,,,,"N",3,0,2,3,"A","-","08",22107,,"F","E","I","F","A","H","-","A","A",0,"Y",,,,"Y",,"A","01",0,2,0,0,2,0,0,0,0,"-","-","ALAMEDA","OAKLAND",-122.17087,37.74418
"5964529",2012,2013-12-03,"0109",2012-09-26,"1900","7910","1",3,5,7,"0109",0,0,"0",,0,"03X","13TH ST","OAK ST",0,,"Y","A","-","N",,,,,,,,,,"Y",4,0,2,2,"A","-","12",21453,"A","N","D","C","A","A","H","-","C","A",0,,,,,"Y",,"A","01",0,0,2,0,0,0,0,0,0,"-","-","ALAMEDA","OAKLAND",-122.26337,37.8004
"5964533",2012,2013-12-02,"0109",2012-09-22,"1811","8675","1",6,5,7,"0109",0,0,"0",,0,"10X","MARTIN LUTHER KING JR WY","52ND ST",0,,"Y","A","-","Y",,,,,,,,,,"N",4,0,2,2,"A","-","09",21453,"C","N","D","C","A","A","H","-","A","A",0,,,,,"Y",,"A","01",0,0,2,0,0,0,0,0,0,"-","-","ALAMEDA","OAKLAND",-122.26867,37.83716
"5964562",2012,2014-01-09,"0109",2012-12-08,"1515","9057","1",6,5,7,"0109",0,0,"0",,0,"13X","GRIZZLY PEAK BL","GRIZZLY PEAK TERRACE",700,"S","N","A","-","N",,,,,,,,,,"N",3,0,1,2,"A","-","04",21703,,"N","H","G","A","A","E","-","A","D",0,,"Y",,,"Y",,"L","04",0,1,0,0,0,0,1,0,0,"-","-","ALAMEDA","OAKLAND",-122.24426,37.88234
"5964713",2012,2014-03-18,"0109",2012-09-24,"1640","8848","1",1,5,7,"0109",0,0,"0",,0,"01X","FALLON ST","4TH ST",500,"S","N","A","-","N",,,,,,,,,,"N",4,0,1,3,"B","-","22",,,"N","D","C","F","A","H","-","A","D",0,"Y",,,,"Y",,"A","01",0,0,1,0,1,0,0,0,0,"-","-","ALAMEDA","OAKLAND",-122.26664,37.79277
"5964900",2012,2013-12-31,"0109",2012-11-24,"0955","8698","2",6,5,7,"0109",0,0,"0",,0,"26X","HIGH ST","INTERNATIONAL BL",0,,"Y","A","-","N",,,,,,,,,,"N",4,0,1,2,"A","-","12",21453,"A","N","D","C","A","A","H","-","B","A",0,,,,,"Y",,"A","01",0,0,1,0,0,0,0,0,0,"-","-","ALAMEDA","OAKLAND",-122.21487,37.77234
"5964948",2012,2013-12-31,"0109",2012-11-27,"1756","8480","1",2,5,7,"0109",0,0,"0",,0,"01X","BROADWAY","2ND ST",100,"N","N","A","-","N",,,,,,,,,,"N",3,0,1,2,"D","-","00",,,"M","G","B","E","A","H","-","C","D",0,"Y",,,,"Y","Y","-","-",0,1,0,0,1,0,0,0,0,"-","-","ALAMEDA","OAKLAND",-122.27628,37.79634
"5964952",2012,2013-12-31,"0109",2012-11-26,"1318","8881","2",1,5,7,"0109",0,0,"0",,0,"21Y","FRUITVALE AV","E 27TH ST",0,,"Y","-","-","N",,,,,,,,,,"N",4,0,1,2,"A","-","12",22450,"A","M","D","C","A","A","H","-","A","A",0,,,,,"Y",,"-","99",0,0,1,0,0,0,0,0,0,"-","-","ALAMEDA","OAKLAND",-122.22009,37.79054
"5964976",2012,2013-12-24,"0109",2012-12-17,"2254","8914","2",1,5,7,"0109",0,0,"0",,0,"21X","E 27TH ST","86TH AV",85,,"N","A","-","N",,,,,,,,,,"Y",4,0,1,4,"A","-","03",22350,,"M","D","C","A","A","H","-","C","A",0,,,,,"Y",,"-","99",0,0,1,0,0,0,0,0,0,"-","-","ALAMEDA","OAKLAND",,
"5965117",2012,2014-01-11,"0109",2012-12-21,"1542","8037","1",5,5,7,"0109",0,0,"0",,0,"22Y","REDWOOD RD","WILLIS",0,,"Y","C","-","N",,,,,,,,,,"N",4,0,1,2,"A","-","03",22350,,"N","C","C","A","B","H","-","A","A",0,,,,,"Y",,"A","08",0,0,1,0,0,0,0,0,0,"-","-","ALAMEDA","OAKLAND",,
"5965443",2012,2013-11-30,"0109",2012-09-05,"2025","8328","1",3,5,7,"0109",0,0,"0",,0,"04X","TELEGRAPH AV","22ND ST",0,,"Y","B","-","N",,,,,,,,,,"N",4,0,1,2,"A","-","11",21950,"B","N","G","B","D","A","H","-","C","A",0,"Y",,,,"Y",,"N","60",0,0,1,0,1,0,0,0,0,"-","-","ALAMEDA","OAKLAND",-122.26923,37.81108
"5965457",2012,2013-11-30,"0109",2012-09-29,"0150","8630","1",6,5,7,"0109",0,0,"0",,0,"19X","1ST AV","INTERNATIONAL BL",0,,"Y","A","-","N",,,,,,,,,,"N",4,0,1,2,"A","-","12",21453,"A","N","D","G","A","A","H","-","C","A",0,,"Y",,,"Y",,"L","04",0,0,1,0,0,0,1,0,0,"-","-","ALAMEDA","OAKLAND",-122.25748,37.79839
"5965473",2012,2013-11-30,"0109",2012-09-29,"1715","8949","2",6,5,7,"0109",0,0,"0",,0,"30X","HAVENSCOURT BL","FLORA ST",0,,"Y","A","-","N",,,,,,,,,,"N",4,0,2,2,"A","-","09",21802,"A","N","D","C","A","A","H","-","A","A",0,,,,,"Y",,"A","01",0,0,2,0,0,0,0,0,0,"-","-","ALAMEDA","OAKLAND",-122.19028,37.76372
"5965477",2012,2013-11-30,"0109",2012-09-20,"1820","8221","1",4,5,7,"0109",0,0,"0",,0,"22X","MONTANA ST","FRUITVALE AV",5,"W","N","A","-","Y","ALA",4,580,"-","R",41.731,"R","4","W","N",4,0,1,2,"A","-","10",21950,"A","N","G","B","B","A","H","-","A","A",0,"Y",,,,"Y",,"A","01",0,0,1,0,1,0,0,0,0,"-","-","ALAMEDA","OAKLAND",-122.22088,37.7993
"5965481",2012,2013-11-30,"0109",2012-09-20,"1912","8585","2",4,5,7,"0109",0,0,"0",,0,"20X","23RD AV","E 9TH ST",0,,"Y","A","-","Y","ALA",4,880,"-","-",28.931,"R","4","N","Y",4,0,1,1,"A","-","03",22350,,"N","E","I","A","A","H","-","B","D",0,,,,,"Y",,"A","01",0,0,1,0,0,0,0,0,0,"-","-","ALAMEDA","OAKLAND",-122.23629,37.77688
"5965482",2012,2013-11-30,"0109",2012-09-08,"1725","8699","2",6,5,7,"0109",0,0,"0",,0,"23X","42ND AV","FOOTHILL BL",12,"S","N","A","-","N",,,,,,,,,,"N",3,0,1,2,"A","-","11",21954,"A","N","G","B","D","A","H","-","A","A",0,"Y",,,,"Y",,"N","60",0,1,0,0,1,0,0,0,0,"-","-","ALAMEDA","OAKLAND",,
"5965485",2012,2013-11-30,"0109",2012-09-06,"1325","7928","2",4,5,7,"0109",0,0,"0",,0,"26X","SAN LEANDRO ST","HIGH ST",50,"E","N","A","-","N",,,,,,,,,,"N",4,0,1,2,"A","-","08",22100,"A","N","D","C","A","A","H","-","A","D",0,,,,,"Y",,"A","07",0,0,1,0,0,0,0,0,0,"-","-","ALAMEDA","OAKLAND",-122.21703,37.77056
"5965489",2012,2013-11-30,"0109",2012-09-26,"1032","9086","1",3,5,7,"0109",0,0,"0",,0,"10X","AILEEN ST","MARTIN LUTHER KING JR WY",0,,"Y","A","-","N",,,,,,,,,,"N",4,0,1,2,"A","-","09",21802,"A","N","D","C","A","A","H","-","A","A",0,,,,,"Y",,"A","01",0,0,1,0,0,0,0,0,0,"-","-","ALAMEDA","OAKLAND",-122.27019,37.84133
"5965493",2012,2013-11-30,"0109",2012-09-11,"1747","9091","2",2,5,7,"0109",0,0,"0",,0,"31X","98TH AV","EDES AV",5,"N","N","A","-","N",,,,,,,,,,"N",4,0,1,2,"A","-","12",21453,"A","M","G","B","B","A","H","-","A","A",0,"Y",,,,"Y",,"-","99",0,0,1,0,1,0,0,0,0,"-","-","ALAMEDA","OAKLAND",-122.18329,37.73643
"5965497",2012,2013-11-30,"0109",2012-09-26,"2140","8038","1",3,5,7,"0109",0,0,"0",,0,"02X","7TH ST","UNION ST",10,"E","N","B","-","N",,,,,,,,,,"N",4,0,1,2,"A","-","12",21453,"A","F","B","C","A","A","H","-","C","A",0,,,"Y",,"Y",,"A","01",0,0,1,0,0,0,0,0,1,"-","-","ALAMEDA","OAKLAND",-122.29041,37.80428
"5965501",2012,2013-11-30,"0109",2012-09-13,"2042","8517","1",4,5,7,"0109",0,0,"0",,0,"07X","MARKET ST","MARKET ST 2500",0,,"N","A","-","N",,,,,,,,,,"N",4,0,1,2,"A","-","08",22107,,"M","G","B","E","A","H","-","C","D",0,"Y",,,,"Y",,"-","99",0,0,1,0,1,0,0,0,0,"-","-","ALAMEDA","OAKLAND",,
"5965505",2012,2013-12-18,"0109",2012-09-19,"1521","9070","1",3,5,7,"0109",0,0,"0",,0,"06X","MARKET ST","MACARTHUR BL",0,,"Y","A","-","N",,,,,,,,,,"N",4,0,2,3,"A","-","08",22107,,"F","C","C","A","A","H","-","A","A",0,,,,,"Y",,"A","07",0,0,2,0,0,0,0,0,0,"-","-","ALAMEDA","OAKLAND",-122.27462,37.82793
"5965509",2012,2013-11-30,"0109",2012-09-24,"1620","8630",,1,5,7,"0109",0,0,"0",,0,,"E 12TH ST","6TH AV",0,,"Y","A","-","N",,,,,,,,,,"N",4,0,1,2,"D","-","00",,,"M","H","C","A","A","H","-","A","A",0,,,,,"Y",,"-","-",0,0,1,0,0,0,0,0,0,"-","-","ALAMEDA","OAKLAND",-122.25402,37.79432
"5965513",2012,2013-11-30,"0109",2012-09-26,"1838","8221","1",3,5,7,"0109",0,0,"0",,0,"19X","E 12TH ST","6TH AV",0,,"Y","A","-","N",,,,,,,,,,"N",4,0,1,2,"A","-","12",22450,"A","N","D","C","A","A","H","-","A","A",0,,,,,"Y",,"A","01",0,0,1,0,0,0,0,0,0,"-","-","ALAMEDA","OAKLAND",-122.25402,37.79432
"5965515",2012,2013-12-03,"0109",2012-09-22,"1619","8824","1",6,5,7,"0109",0,0,"0",,0,"01X","EMBARCADERO WEST","OAK ST",300,"W","N","A","-","N",,,,,,,,,,"N",4,0,1,2,"A","-","07",21658,"A","N","B","C","A","A","H","-","A","D",0,,,"Y",,"Y",,"A","01",0,0,1,0,0,0,0,0,1,"-","-","ALAMEDA","OAKLAND",-122.2693,37.79231
"5965517",2012,2013-11-30,"0109",2012-09-26,"1656","8221","1",3,5,7,"0109",0,0,"0",,0,"18X","14TH AV","E 24TH ST",0,,"Y","A","-","N",,,,,,,,,,"N",4,0,1,2,"A","-","03",22350,,"N","C","C","A","A","H","-","A","A",0,,,,,"Y",,"A","01",0,0,1,0,0,0,0,0,0,"-","-","ALAMEDA","OAKLAND",-122.23678,37.7954
"5965519",2012,2013-12-03,"0109",2012-09-22,"1211","8680","1",6,5,7,"0109",0,0,"0",,0,"14Y","GRAND AV","ELWOOD AV",63,"S","N","A","-","N",,,,,,,,,,"N",3,0,1,2,"A","-","08",22107,,"N","G","G","A","A","H","-","A","D",0,,"Y",,,"Y",,"A","01",0,1,0,0,0,0,1,0,0,"-","-","ALAMEDA","OAKLAND",-122.24669,37.81352
"5965525",2012,2013-12-16,"0109",2012-10-23,"1812","8729","3",2,5,7,"0109",0,0,"0",,0,"002","85TH AV","A ST",0,,"Y","A","-","N",,,,,,,,,,"N",3,0,2,3,"A","-","10",21950,"A","M","G","B","B","A","H","-","A","D",0,"Y",,,,"Y",,"-","99",0,1,1,0,2,0,0,0,0,"-","-","ALAMEDA","OAKLAND",-122.17896,37.75247
"5966146",2012,2014-04-03,"0109",2012-10-07,"0230","8702","1",7,5,7,"0109",0,0,"0",,0,"14X","GRAND AV","BAY PL",0,,"Y","A","-","N",,,,,,,,,,"N",4,0,1,2,"A","-","12",21453,"A","N","D","G","A","A","H","-","C","A",0,,"Y",,,"Y",,"-","99",0,0,1,0,0,0,1,0,0,"-","-","ALAMEDA","OAKLAND",-122.26057,37.8106
"5966411",2012,2014-03-12,"0109",2012-11-04,"2015","8483","1",7,5,7,"0109",0,0,"0",,0,"01X","BROADWAY","4TH ST",0,,"Y","A","-","N",,,,,,,,,,"Y",4,0,2,2,"A","-","09",21802,"A","N","D","C","A","A","H","-","C","A",0,,,,,"Y",,"A","01",0,0,2,0,0,0,0,0,0,"-","-","ALAMEDA","OAKLAND",-122.27559,37.79746
"5966419",2012,2013-12-26,"0109",2012-11-04,"1345","9070","1",7,5,7,"0109",0,0,"0",,0,"10Y","MARTIN LUTHER KING JR WY","52ND ST",0,,"Y","A","-","N",,,,,,,,,,"N",4,0,2,2,"A","-","17",21461,"A","N","D","C","A","A","H","-","A","A",0,,,,,"Y",,"A","01",0,0,2,0,0,0,0,0,0,"-","-","ALAMEDA","OAKLAND",-122.26867,37.83716
"5966423",2012,2013-12-26,"0109",2012-11-17,"1820","9110","1",6,5,7,"0109",0,0,"0",,0,"05X","MARKET ST","21ST ST",0,,"Y","C","-","N",,,,,,,,,,"N",2,0,1,2,"A","-","10",21950,"A","N","G","B","B","B","H","-","C","D",0,"Y",,,,"Y",,"A","01",1,0,0,0,1,0,0,0,0,"-","-","ALAMEDA","OAKLAND",-122.27915,37.81312
"5966427",2012,2013-12-26,"0109",2012-11-07,"1538","8611","2",3,5,7,"0109",0,0,"0",,0,"35X","MACARTHUR BL","REEMS CT",600,"E","N","A","-","N",,,,,,,,,,"Y",4,0,1,1,"A","-","03",22350,,"N","E","I","A","A","H","-","A","D",0,,,,,"Y",,"A","01",0,0,1,0,0,0,0,0,0,"-","-","ALAMEDA","OAKLAND",,
"5966431",2012,2013-12-26,"0109",2012-11-02,"0847","8134",,5,5,7,"0109",0,0,"0",,0,"18X","FOOTHILL BL","21ST AV",0,,"Y","A","-","N",,,,,,,,,,"N",4,0,3,2,"A","-","09",21802,,"N","D","C","A","A","H","-","A","A",0,,,,,"Y",,"A","01",0,0,3,0,0,0,0,0,0,"-","-","ALAMEDA","OAKLAND",-122.23738,37.78688
"5966435",2012,2013-12-26,"0109",2012-11-20,"1030","9073","1",2,5,7,"0109",0,0,"0",,0,"14X","GRAND AV","LAKE PARK AV",0,,"Y","B","-","N",,,,,,,,,,"N",4,0,1,2,"A","-","09",21801,"A","N","A","C","A","B","H","-","A","A",0,,,,,"Y",,"A","01",0,0,1,0,0,0,0,0,0,"-","-","ALAMEDA","OAKLAND",-122.24797,37.81141
"5966451",2012,2013-12-26,"0109",2012-11-26,"1412","8911","1",1,5,7,"0109",0,0,"0",,0,"25X","CAMPUS DR","MOUNTAIN BL",2640,"E","N","A","-","N",,,,,,,,,,"N",4,0,1,1,"A","-","08",22107,,"N","F","I","A","A","H","-","A","D",0,,,,,"Y",,"A","01",0,0,1,0,0,0,0,0,0,"-","-","ALAMEDA","OAKLAND",,
"5966695",2012,2014-03-20,"0109",2012-11-28,"1230","9019","1",3,5,7,"0109",0,0,"0",,0,"11X","ALCATRAZ AV","SHATTUCK AV",90,"W","N","C","-","N",,,,,,,,,,"N",4,0,1,2,"C","-","18",,,"N","C","E","A","B","H","-","A","A",0,,,,,"Y",,"-","-",0,0,1,0,0,0,0,0,0,"-","-","ALAMEDA","OAKLAND",-122.26608,37.84943
"5966722",2012,2013-12-27,"0109",2012-11-30,"1922","8611","2",5,5,7,"0109",0,0,"0",,0,"30Y","75TH AV","BANCROFT AV",0,,"Y","A","-","N",,,,,,,,,,"Y",4,0,1,1,"A","-","03",22350,,"N","E","I","A","B","H","-","C","D",0,,,,,"Y",,"A","01",0,0,1,0,0,0,0,0,0,"-","-","ALAMEDA","OAKLAND",-122.17571,37.76493
"5966797",2012,2013-12-27,"0109",2012-11-16,"1908","8444","1",5,5,7,"0109",0,0,"0",,0,"05X","18TH ST","BRUSH ST",0,,"Y","B","-","N",,,,,,,,,,"N",4,0,1,2,"A","-","12",21453,"A","N","D","C","A","B","H","-","C","A",0,,,,,"Y",,"A","01",0,0,1,0,0,0,0,0,0,"-","-","ALAMEDA","OAKLAND",-122.2767,37.80977
"5966816",2012,2013-12-17,"0109",2012-10-13,"1412","8606","1",6,5,7,"0109",0,0,"0",,0,"03X","8TH ST","BROADWAY",10,"E","N","A","-","N",,,,,,,,,,"N",4,0,1,2,"A","-","03",22350,,"N","H","B","-","A","H","-","A","A",0,"Y","Y",,,"Y",,"L","04",0,0,1,0,1,0,0,0,0,"-","-","ALAMEDA","OAKLAND",-122.27386,37.80022
"5966820",2012,2013-12-18,"0109",2012-10-17,"0830","8508","1",3,5,7,"0109",0,0,"0",,0,,"E 21ST ST","19TH AV",4,"E","N","A","-","N",,,,,,,,,,"N",3,0,1,2,"A","-","10",21950,"A","N","G","B","B","A","H","-","A","A",0,"Y",,,,"Y",,"A","01",0,1,0,0,1,0,0,0,0,"-","-","ALAMEDA","OAKLAND",-122.23628,37.79144
"5966824",2012,2013-12-17,"0109",2012-10-17,"0730","7871","1",3,5,7,"0109",0,0,"0",,0,"05X","18TH ST","CHESTNUT ST",10,"E","N","A","-","N",,,,,,,,,,"N",4,0,1,2,"A","-","11",21954,"A","N","G","B","D","A","H","-","A","D",0,"Y",,,,"Y",,"N","60",0,0,1,0,1,0,0,0,0,"-","-","ALAMEDA","OAKLAND",-122.28408,37.81208