"CASE_ID","ACCIDENT_YEAR","PROC_DATE","JURIS","COLLISION_DATE","COLLISION_TIME","OFFICER_ID","REPORTING_DISTRICT","DAY_OF_WEEK","CHP_SHIFT","POPULATION","CNTY_CITY_LOC","SPECIAL_COND","BEAT_TYPE","CHP_BEAT_TYPE","CITY_DIVISION_LAPD","CHP_BEAT_CLASS","BEAT_NUMBER","PRIMARY_RD","SECONDARY_RD","DISTANCE","DIRECTION","INTERSECTION","WEATHER_1","WEATHER_2","STATE_HWY_IND","CALTRANS_COUNTY","CALTRANS_DISTRICT","STATE_ROUTE","ROUTE_SUFFIX","POSTMILE_PREFIX","POSTMILE","LOCATION_TYPE","RAMP_INTERSECTION","SIDE_OF_HWY","TOW_AWAY","COLLISION_SEVERITY","NUMBER_KILLED","NUMBER_INJURED","PARTY_COUNT","PRIMARY_COLL_FACTOR","PCF_CODE_OF_VIOL","PCF_VIOL_CATEGORY","PCF_VIOLATION","PCF_VIOL_SUBSECTION","HIT_AND_RUN","TYPE_OF_COLLISION","MVIW","PED_ACTION","ROAD_SURFACE","ROAD_COND_1","ROAD_COND_2","LIGHTING","CONTROL_DEVICE","CHP_ROAD_TYPE","PEDESTRIAN_ACCIDENT","BICYCLE_ACCIDENT","MOTORCYCLE_ACCIDENT","TRUCK_ACCIDENT","NOT_PRIVATE_PROPERTY","ALCOHOL_INVOLVED","STWD_VEHTYPE_AT_FAULT","CHP_VEHTYPE_AT_FAULT","COUNT_SEVERE_INJ","COUNT_VISIBLE_INJ","COUNT_COMPLAINT_PAIN","COUNT_PED_KILLED","COUNT_PED_INJURED","COUNT_BICYCLIST_KILLED","COUNT_BICYCLIST_INJURED","COUNT_MC_KILLED","COUNT_MC_INJURED","PRIMARY_RAMP","SECONDARY_RAMP","COUNTY","CITY","POINT_X","POINT_Y"
"6009566",2013,2014-01-24,"0109",2013-02-05,"0040","8942","1",2,5,7,"0109",0,0,"0",,0,"19X","INTERNATIONAL BL","1ST AV",0,,"Y","A","-","N",,,,,,,,,,"Y",4,0,1,1,"A","-","03",22350,,"N","E","I","A","A","H","-","C","A",0,,,,,"Y",,"A","01",0,0,1,0,0,0,0,0,0,"-","-","ALAMEDA","OAKLAND",-122.25748,37.79839
"6009570",2013,2014-01-24,"0109",2013-02-09,"1219","8654","2",6,5,7,"0109",0,0,"0",,0,"35X","MOUNTAIN BL","SHONE AV",0,,"Y","A","-","N",,,,,,,,,,"N",4,0,1,2,"A","-","09",21802,"A","N","D","C","A","A","H","-","A","A",0,,,,,"Y",,"A","01",0,0,1,0,0,0,0,0,0,"-","-","ALAMEDA","OAKLAND",-122.15471,37.77088
"6009574",2013,2014-01-24,"0109",2013-02-03,"1131","8900","1",7,5,7,"0109",0,0,"0",,0,"03X","OAK ST","13TH ST",0,,"Y","A","-","N",,,,,,,,,,"Y",4,0,3,2,"A","-","12",21453,"A","N","D","C","A","A","H","-","A","A",0,,,,,"Y",,"A","07",0,0,3,0,0,0,0,0,0,"-","-","ALAMEDA","OAKLAND",-122.26337,37.8004
"6009624",2013,2014-01-27,"0109",2013-02-01,"2200","8483","2",5,5,7,"0109",0,0,"0",,0,"24X","SUTTER ST","LORENZO ST",0,,"Y","A","-","N",,,,,,,,,,"N",2,0,1,2,"D","-","00",,,"F","G","B","B","A","H","-","C","D",0,"Y",,,,"Y",,"-","-",1,0,0,0,1,0,0,0,0,"-","-","ALAMEDA","OAKLAND",-122.20194,37.78899
"6009628",2013,2014-01-27,"0109",2013-02-07,"2158","8397","1",4,5,7,"0109",0,0,"0",,0,"10X","MARTIN LUTHER KING JR WY","47TH ST",50,"N","N","C","-","N",,,,,,,,,,"Y",4,0,3,2,"A","-","03",22350,,"N","C","C","A","B","H","-","C","A",0,,,,,"Y",,"A","01",0,0,3,0,0,0,0,0,0,"-","-","ALAMEDA","OAKLAND",-122.26708,37.83507
"6009632",2013,2014-01-27,"0109",2013-02-07,"1445","8343","1",4,5,7,"0109",0,0,"0",,0,"03Y","CASTRO ST","11TH ST",44,"S","N","A","-","N",,,,,,,,,,"N",4,0,1,2,"A","-","03",22350,,"N","C","C","A","A","H","-","A","A",0,,,,,"Y",,"A","01",0,0,1,0,0,0,0,0,0,"-","-","ALAMEDA","OAKLAND",-122.27856,37.80451
"6009636",2013,2014-01-27,"0109",2013-02-10,"1045","9073","1",7,5,7,"0109",0,0,"0",,0,"10X","SAN PABLO BL","64TH ST",0,,"Y","A","-","N",,,,,,,,,,"N",4,0,1,2,"A","-","08",22107,,"F","B","G","A","A","H","-","A","D",0,,"Y",,,"Y",,"A","01",0,0,1,0,0,0,1,0,0,"-","-","ALAMEDA","OAKLAND",-122.28492,37.84649
"6009640",2013,2014-01-28,"0109",2013-02-01,"1408","9070","1",5,5,7,"0109",0,0,"0",,0,"09X","PLEASANT VALLEY AV","PIEDMONT AV",0,,"Y","A","-","N",,,,,,,,,,"N",4,0,1,2,"A","-","09",21801,"A","N","D","C","A","A","H","-","A","A",0,,,,,"Y",,"A","01",0,0,1,0,0,0,0,0,0,"-","-","ALAMEDA","OAKLAND",-122.24742,37.8302
"6009717",2013,2014-01-28,"0109",2013-02-05,"0924","8217","2",2,5,7,"0109",0,0,"0",,0,"31Y","98TH AV","MADDUX DR",132,"S","N","A","-","N",,,,,,,,,,"Y",4,0,1,1,"C","-","18",,,"N","E","I","A","A","H","-","A","A",0,,,,,"Y",,"-","-",0,0,1,0,0,0,0,0,0,"-","-","ALAMEDA","OAKLAND",-122.18442,37.73457
"6009721",2013,2014-01-28,"0109",2013-02-03,"1815","8658","2",7,5,7,"0109",0,0,"0",,0,"27X","INTERNATIONAL BL","42ND ST",25,"E","N","A","-","N",,,,,,,,,,"N",4,0,1,3,"A","-","08",22107,,"N","B","C","A","A","H","-","C","A",0,,,,,"Y",,"A","07",0,0,1,0,0,0,0,0,0,"-","-","ALAMEDA","OAKLAND",-122.21622,37.77298
"6010070",2013,2014-04-05,"0109",2013-02-12,"0800","0966",,2,5,7,"0109",0,0,"0",,0,"035","98TH AV","SAN LEANDRO ST",0,,"Y","A","-","N",,,,,,,,,,"N",4,0,1,2,"A","-","04",21703,,"N","C","C","A","A","H","-","A","A",0,,,,,"Y",,"A","01",0,0,1,0,0,0,0,0,0,"-","-","ALAMEDA","OAKLAND",-122.17973,37.73916
"6010074",2013,2014-01-30,"0109",2013-02-19,"0812","8107","2",2,5,7,"0109",0,0,"0",,0,"31X","PARDEE DR","HEGENBERGER RD",670,"W","N","B","-","N",,,,,,,,,,"Y",4,0,1,1,"A","-","08",22107,,"N","E","I","A","B","H","-","A","D",0,,,,,"Y",,"A","01",0,0,1,0,0,0,0,0,0,"-","-","ALAMEDA","OAKLAND",-122.20231,37.73053
"6010078",2013,2014-01-30,"0109",2013-01-11,"0947","9039","1",5,5,7,"0109",0,0,"0",,0,"12Y","COLLEGE AV","MANILLA AV",100,"E","N","A","-","N",,,,,,,,,,"N",4,0,1,3,"A","-","03",22350,,"N","C","C","A","A","H","-","A","A",0,,,,,"Y",,"A","01",0,0,1,0,0,0,0,0,0,"-","-","ALAMEDA","OAKLAND",,
"6010290",2013,2014-01-29,"0109",2013-02-28,"0833","8107","2",4,5,7,"0109",0,0,"0",,0,"35X","98TH AV","LAS VEGAS ST",117,"E","N","A","-","N",,,,,,,,,,"Y",4,0,1,3,"A","-","08",22107,,"N","D","E","A","A","H","-","A","D",0,,,,,"Y",,"A","01",0,0,1,0,0,0,0,0,0,"-","-","ALAMEDA","OAKLAND",-122.15215,37.75406
"6010306",2013,2014-01-29,"0109",2013-02-26,"1017","8895","1",2,5,7,"0109",0,0,"0",,0,"19X","INTERNATIONAL BL","9TH AV",0,,"Y","A","-","N",,,,,,,,,,"N",4,0,2,2,"A","-","09",21802,"A","N","D","C","A","A","H","-","A","A",0,,,,,"Y",,"A","01",0,0,2,0,0,0,0,0,0,"-","-","ALAMEDA","OAKLAND",-122.25055,37.7928
"6010318",2013,2014-01-29,"0109",2013-02-26,"1310","7928","2",2,5,7,"0109",0,0,"0",,0,"33X","SAN LEANDRO ST","85TH AV",0,,"Y","A","-","N",,,,,,,,,,"N",4,0,2,2,"A","-","08",22107,,"N","D","C","A","A","H","-","A","A",0,,,,,"Y",,"A","01",0,0,2,0,0,0,0,0,0,"-","-","ALAMEDA","OAKLAND",-122.1891,37.74703
"6010329",2013,2014-04-05,"0109",2013-03-07,"1730","7676","1",4,5,7,"0109",0,0,"0",,0,"005","MARKET ST","16TH ST",0,,"Y","C","-","N",,,,,,,,,,"N",4,0,1,2,"A","-","09",21802,"A","N","B","C","A","B","H","-","A","A",0,,,,,"Y",,"A","08",0,0,1,0,0,0,0,0,0,"-","-","ALAMEDA","OAKLAND",-122.28039,37.8097
"6010333",2013,2014-02-08,"0109",2013-03-07,"2245","7679","1",4,5,7,"0109",0,0,"0",,0,"005","W GRAND AV","MARKET ST",0,,"Y","A","-","N",,,,,,,,,,"N",4,0,1,1,"A","-","03",22350,,"N","E","I","A","B","H","-","C","D",0,,,,,"Y",,"A","01",0,0,1,0,0,0,0,0,0,"-","-","ALAMEDA","OAKLAND",-122.27869,37.81443
"6010337",2013,2014-02-08,"0109",2013-03-07,"1335","9073","1",4,5,7,"0109",0,0,"0",,0,"001","4TH ST","MADISON ST",0,,"Y","B","-","N",,,,,,,,,,"N",4,0,1,2,"A","-","09",21802,"A","N","H","G","A","A","H","-","A","A",0,,"Y",,,"Y",,"L","04",0,0,1,0,0,0,1,0,0,"-","-","ALAMEDA","OAKLAND",-122.26835,37.79464
"6010341",2013,2014-02-07,"0109",2013-03-02,"1721","9066","2",6,5,7,"0109",0,0,"0",,0,"35X","MACARTHUR BL","94TH AV",25,"E","N","B","-","N",,,,,,,,,,"N",2,0,1,2,"D","-","00",,,"N","G","B","B","A","H","-","B","D",0,"Y",,,,"Y",,"-","-",1,0,0,0,1,0,0,0,0,"-","-","ALAMEDA","OAKLAND",-122.16035,37.75286
"6010483",2013,2014-01-31,"0109",2013-02-14,"1535","8417","1",4,5,7,"0109",0,0,"0",,0,"03X","14TH ST","FALLON ST",0,,"Y","A","-","N",,,,,,,,,,"N",3,0,1,2,"A","-","09",21801,"A","N","H","G","A","A","H","-","A","A",0,,"Y",,,"Y",,"L","04",0,1,0,0,0,0,1,0,0,"-","-","ALAMEDA","OAKLAND",,
"6010487",2013,2014-01-31,"0109",2013-02-24,"1837","8444","1",7,5,7,"0109",0,0,"0",,0,"01X","WASHINGTON ST","EMBARCADERO W",20,"S","N","A","-","N",,,,,,,,,,"N",3,0,1,2,"D","-","00",,,"N","H","B","E","A","H","-","C","D",0,"Y","Y",,,"Y",,"-","-",0,1,0,0,1,0,0,0,0,"-","-","ALAMEDA","OAKLAND",-122.2781,37.79575
"6010491",2013,2014-01-31,"0109",2013-02-18,"1455","8776","1",1,5,7,"0109",0,0,"0",,0,"19X","INTERNATIONAL BL","19TH AV",150,"E","N","B","-","N",,,,,,,,,,"N",4,0,2,3,"A","-","09",21801,"A","N","D","C","A","A","H","-","A","D",0,,,,,"Y",,"A","01",0,0,2,0,0,0,0,0,0,"-","-","ALAMEDA","OAKLAND",-122.24064,37.7862
"6010495",2013,2014-01-31,"0109",2013-02-22,"1655","8347","1",5,5,7,"0109",0,0,"0",,0,"09X","LEIGHTON ST","MACARTHUR BL",15,"W","N","A","-","N",,,,,,,,,,"N",4,0,1,2,"A","-","21",22106,,"N","G","B","D","A","H","-","A","D",0,"Y",,,,"Y",,"A","07",0,0,1,0,1,0,0,0,0,"-","-","ALAMEDA","OAKLAND",,
"6010503",2013,2014-01-31,"0109",2013-02-20,"1915","8184","1",3,5,7,"0109",0,0,"0",,0,"19X","E 12TH ST","4TH AV",0,,"Y","A","-","N",,,,,,,,,,"Y",4,0,1,2,"A","-","09",21802,"A","N","D","C","A","A","H","-","C","A",0,,,"Y",,"Y",,"A","01",0,0,1,0,0,0,0,0,1,"-","-","ALAMEDA","OAKLAND",-122.2557,37.7958
"6010609",2013,2014-11-19,"9370",2013-02-07,"0825","14859",,4,1,7,"0109",0,1,"1",,2,"052","RT 580","GOLF LINKS RD",100,"W","N","B","-","Y","ALA",4,580,"-","R",36.4,"H","-","W","N",4,0,1,2,"A","-","03",22350,,"N","C","C","A","A","H","-","A","D",1,,,,,"Y",,"A","01",0,0,1,0,0,0,0,0,0,"-","-","ALAMEDA","OAKLAND",-122.15061,37.75433
"6012372",2013,2014-04-12,"0109",2013-02-11,"2311","00001",,1,5,7,"0109",0,0,"0",,0,,"CASTLEWOOD ST","ENCINA AV",49,"S","N","A","-","N",,,,,,,,,,"Y",4,0,1,1,"A","-","01",23152,"A","N","E","I","A","A","H","-","C","D",0,,,,,"Y",,"A","07",0,0,1,0,0,0,0,0,0,"-","-","ALAMEDA","OAKLAND",37.4517,-122.0904
"6012396",2013,2015-01-14,"9370",2013-02-24,"0233","00001",,7,3,7,"0109",0,1,"1",,2,"002","MARITIME ST","RT 80",26,"S","N","A","-","Y","ALA",4,880,"-","-",1.019,"R","1","S","Y",2,0,1,1,"A","-","01",23152,"A","N","E","I","A","A","H","-","D","A",0,,,,,"Y","Y","A","01",1,0,0,0,0,0,0,0,0,"FR","-","ALAMEDA","OAKLAND",-121.92898,37.4685
"6012525",2013,2014-03-22,"0109",2013-01-12,"0140","00001",,6,5,7,"0109",0,0,"0",,0,,"EMBARCADERO W","OAK ST",625,"S","N","A","-","N",,,,,,,,,,"Y",3,0,1,1,"A","-","01",23152,"A","N","E","I","A","A","H","-","C","-",0,,,,,"Y","Y","A","01",0,1,0,0,0,0,0,0,0,"-","-","ALAMEDA","OAKLAND",-122.26659,37.79161
"6012553",2013,2014-03-22,"0109",2013-01-09,"0934","00001",,3,5,7,"0109",0,0,"0",,0,,"FRUITVALE AV","GALINDO ST",6,"N","N","B","-","N",,,,,,,,,,"Y",3,0,1,2,"A","-","03",22350,,"F","C","C","A","A","H","-","A","D",0,,,,,"Y",,"A","01",0,1,0,0,0,0,0,0,0,"-","-","ALAMEDA","OAKLAND",-122.22156,37.78689
"6013478",2013,2014-11-19,"9370",2013-03-04,"0746","20425",,1,1,7,"0109",0,1,"1",,2,"054","RT 580","CHETWOOD ST",198,"E","N","B","-","Y","ALA",4,580,"-","-",44.03,"H","-","W","N",4,0,1,2,"A","-","03",22350,,"N","C","C","A","A","H","-","A","D",1,,,,,"Y",,"A","01",0,0,1,0,0,0,0,0,0,"-","-","ALAMEDA","OAKLAND",-122.25112,37.81493
"6013482",2013,2014-11-19,"9370",2013-03-04,"1319","20425",,1,1,7,"0109",0,1,"1",,2,"054","RT 580","GRAND AV",1267,"W","N","B","-","Y","ALA",4,580,"-","-",43.87,"H","-","E","N",4,0,1,2,"A","-","03",22350,,"N","C","C","A","A","H","-","A","D",1,,,,,"Y",,"A","01",0,0,1,0,0,0,0,0,0,"-","-","ALAMEDA","OAKLAND",-122.25091,37.81337
"6014340",2013,2014-02-07,"0109",2013-03-17,"1520","8077","12",7,5,7,"0109",0,0,"0",,0,"21X","COOLIDGE AV","HYDE ST",0,,"Y","A","-","N",,,,,,,,,,"N",4,0,1,2,"A","-","12",22450,"A","M","B","C","A","A","H","-","A","D",0,,,,,"Y",,"A","01",0,0,1,0,0,0,0,0,0,"-","-","ALAMEDA","OAKLAND",-122.21829,37.78723
"6014360",2013,2014-02-07,"0109",2013-03-16,"1400","7674","2",6,5,7,"0109",0,0,"0",,0,"34X","96TH AV","OLIVE AV",0,,"Y","A","-","N",,,,,,,,,,"N",4,0,2,2,"D","-","00",,,"F","H","E","A","A","H","-","A","D",0,,,,,"Y",,"-","-",0,0,2,0,0,0,0,0,0,"-","-","ALAMEDA","OAKLAND",-122.16506,37.74878
"6014364",2013,2014-02-07,"0109",2013-03-13,"1752","8585","2",3,5,7,"0109",0,0,"0",,0,"26X","45TH AV","INTERNATIONAL BL",3,"S","N","A","-","N",,,,,,,,,,"N",3,0,1,2,"A","-","11",21950,"B","M","G","B","B","A","H","-","A","A",0,"Y",,,,"Y",,"A","01",0,1,0,0,1,0,0,0,0,"-","-","ALAMEDA","OAKLAND",-122.21296,37.77143
"6014368",2013,2014-02-07,"0109",2013-03-16,"1815","8610","2",6,5,7,"0109",0,0,"0",,0,"30X","HOLLY ST","80TH AV",0,,"Y","A","-","N",,,,,,,,,,"Y",4,0,1,2,"A","-","12",22450,"A","M","D","C","A","A","H","-","A","A",0,,,,,"Y",,"A","01",0,0,1,0,0,0,0,0,0,"-","-","ALAMEDA","OAKLAND",-122.17854,37.75811
"6014372",2013,2014-02-07,"0109",2013-03-02,"0505","8902","2",6,5,7,"0109",0,0,"0",,0,"34X","BANCROFT AV","94TH AV",0,,"Y","A","-","N",,,,,,,,,,"Y",3,0,1,4,"A","-","09",21802,"A","F","D","C","A","A","H","-","C","A",0,,,,,"Y",,"A","01",0,1,0,0,0,0,0,0,0,"-","-","ALAMEDA","OAKLAND",-122.16406,37.75118
"6014545",2013,2014-11-10,"9370",2013-03-03,"1010","16710",,7,1,7,"0109",0,1,"1",,2,"176","RT 880","98TH AV",885,"S","N","A","-","Y","ALA",4,880,"-","-",24.57,"H","-","S","Y",4,0,1,2,"A","-","07",21658,"A","N","B","C","A","A","H","-","A","D",1,,,,,"Y",,"D","22",0,0,1,0,0,0,0,0,0,"-","-","ALAMEDA","OAKLAND",-122.18581,37.7284
"6014557",2013,2014-11-06,"9370",2013-03-08,"1510","019742",,5,2,7,"0109",0,1,"1",,2,"177","RT 880","MADISON AV",70,"N","N","A","-","Y","ALA",4,880,"-","-",31.17,"H","-","N","Y",4,0,1,2,"A","-","07",21658,"A","N","B","C","A","A","H","-","A","D",1,,,,"Y","Y",,"G","25",0,0,1,0,0,0,0,0,0,"-","-","ALAMEDA","OAKLAND",-122.26665,37.79531
"6017921",2013,2014-02-03,"0109",2013-03-22,"2121","8568","2",5,5,7,"0109",0,0,"0",,0,"30X","HAVENSCOURT BL","BANCROFT AV",0,,"Y","A","-","N",,,,,,,,,,"N",4,0,1,2,"A","-","12",21453,"A","M","B","C","A","A","H","-","C","A",0,,,,,"Y",,"A","01",0,0,1,0,0,0,0,0,0,"-","-","ALAMEDA","OAKLAND",-122.182,37.76961
"6017929",2013,2014-02-03,"0109",2013-03-22,"0735","8257","2",5,5,7,"0109",0,0,"0",,0,"27X","SEMINARY AV","TRASK ST",6,"S","N","A","-","N",,,,,,,,,,"Y",4,0,1,3,"A","-","09",21804,"A","M","D","-","A","A","H","-","A","D",0,,,,,"Y",,"A","01",0,0,1,0,0,0,0,0,0,"-","-","ALAMEDA","OAKLAND",-122.19271,37.76993
"6017933",2013,2014-02-03,"0109",2013-03-24,"2353","8658","2",7,5,7,"0109",0,0,"0",,0,"29X","FOOTHILL BL","62ND AV",0,,"Y","A","-","N",,,,,,,,,,"Y",4,0,2,2,"A","-","-",,,"M","D","-","A","A","H","-","A","A",0,,,,,"Y",,"A","01",0,0,2,0,0,0,0,0,0,"-","-","ALAMEDA","OAKLAND",-122.18668,37.77104
"6017937",2013,2014-02-03,"0109",2013-03-25,"1810","8894","1",1,5,7,"0109",0,0,"0",,0,"19X","INTERNATIONAL BL","18TH AV",0,,"Y","B","-","N",,,,,,,,,,"N",4,0,2,2,"A","-","03",22350,,"M","C","C","A","A","H","-","A","D",0,,,,,"Y",,"A","07",0,0,2,0,0,0,0,0,0,"-","-","ALAMEDA","OAKLAND",-122.24209,37.78708
"6017941",2013,2014-02-03,"0109",2013-03-22,"1555","0955",,5,5,7,"0109",0,0,"0",,0,,"14TH ST","FILBERT ST",0,,"Y","A","-","N",,,,,,,,,,"N",3,0,1,3,"A","-","09",21802,"A","N","C","G","A","A","H","-","A","A",0,,"Y",,,"Y",,"L","04",0,1,0,0,0,0,1,0,0,"-","-","ALAMEDA","OAKLAND",-122.28301,37.80879
"6021254",2013,2014-11-10,"9370",2013-03-12,"1222","020420",,2,1,7,"0109",0,1,"1",,2,"176","RT 880","66TH AV",1346,"S","N","A","-","Y","ALA",4,880,"-","-",26.36,"H","-","S","Y",4,0,1,2,"A","-","03",22350,,"N","C","C","A","A","H","-","A","D",1,,,,,"Y",,"D","22",0,0,1,0,0,0,0,0,0,"-","-","ALAMEDA","OAKLAND",-122.20526,37.75055
"6021262",2013,2014-11-10,"9370",2013-03-11,"1400","019561",,1,2,7,"0109",0,1,"1",,2,"177","RT 880","OAK ST",200,"S","N","A","-","Y","ALA",4,880,"-","-",31.03,"H","-","S","N",4,0,1,3,"B","-","22",,,"N","B","C","A","A","H","-","A","D",1,,,,"Y","Y",,"A","07",0,0,1,0,0,0,0,0,0,"-","-","ALAMEDA","OAKLAND",-122.26497,37.79421
"6023309",2013,2014-12-09,"9370",2013-04-02,"1735","019558",,2,2,7,"0109",0,1,"1",,2,"177","RT 880","16TH AV",275,"N","N","A","-","Y","ALA",4,880,"-","-",29.74,"H","-","S","N",4,0,1,2,"A","-","03",22350,,"N","C","C","A","A","H","-","A","D",1,,,,,"Y",,"I","10",0,0,1,0,0,0,0,0,0,"-","-","ALAMEDA","OAKLAND",-122.24708,37.78696
"6024023",2013,2014-11-19,"9370",2013-03-10,"1945","018864",,7,2,7,"0109",0,1,"1",,2,"055","RT 580","MARKET ST",520,"W","N","A","-","Y","ALA",4,580,"-","-",45.68,"H","-","W","Y",3,0,1,1,"A","-","08",22107,,"N","E","I","A","A","H","-","C","D",1,,,,,"Y",,"A","01",0,1,0,0,0,0,0,0,0,"-","-","ALAMEDA","OAKLAND",-122.27955,37.82704
"6024025",2013,2014-10-23,"9335",2013-03-30,"2215","020157",,6,3,7,"0109",0,1,"1",,1,"082","RT 80","TOLL PLAZA",500,"W","N","C","-","Y","ALA",4,80,"-","-",1.9,"H","-","W","Y",4,0,1,3,"A","-","03",22350,,"N","C","C","A","B","H","-","C","D",4,,,,,"Y",,"A","01",0,0,1,0,0,0,0,0,0,"-","-","ALAMEDA","OAKLAND",-122.32212,37.82265
"6024027",2013,2014-11-10,"9370",2013-03-23,"1020","019742",,6,1,7,"0109",0,1,"1",,2,"176","RT 880","HIGH ST",120,"N","N","A","-","Y","ALA",4,880,"-","-",27.98,"H","-","N","N",4,0,1,2,"A","-","03",22350,,"M","C","C","A","A","H","-","A","D",1,,,,,"Y",,"A","08",0,0,1,0,0,0,0,0,0,"-","-","ALAMEDA","OAKLAND",-122.22212,37.77081
"6024097",2013,2014-11-03,"9370",2013-03-12,"0444","019663",,2,3,7,"0109",0,1,"3",,2,"025","RT 24","27TH ST",3100,"E","N","A","-","Y","ALA",4,24,"-","R",1.93,"H","-","W","N",4,0,1,2,"A","-","03",22350,,"N","C","C","A","A","H","-","C","D",1,,,,,"Y",,"-","99",0,0,1,0,0,0,0,0,0,"-","-","ALAMEDA","OAKLAND",-122.26814,37.82591
"6024105",2013,2014-11-10,"9370",2013-03-10,"1250","019742",,7,1,7,"0109",0,1,"1",,2,"176","RT 880","66TH AV",2570,"S","N","A","-","Y","ALA",4,880,"-","-",26.12,"H","-","S","N",4,0,1,2,"A","-","07",21658,"A","N","B","C","A","A","H","-","A","D",1,,,,,"Y",,"A","07",0,0,1,0,0,0,0,0,0,"-","-","ALAMEDA","OAKLAND",-122.20321,37.74818
"6024109",2013,2014-11-19,"9370",2013-03-05,"1602","020420",,2,2,7,"0109",0,1,"1",,2,"053","RT 580","BEAUMONT AV",90,"W","N","A","-","Y","ALA",4,580,"-","R",42.23,"H","-","W","Y",2,0,1,2,"A","-","07",21658,"A","N","B","C","A","A","H","-","A","D",1,,,,,"Y",,"A","01",1,0,0,0,0,0,0,0,0,"-","-","ALAMEDA","OAKLAND",-122.22731,37.80068
"6024434",2013,2014-12-02,"0109",2013-03-03,"0054",,,7,5,7,"0109",0,0,"0",,0,,"W GRAND AV","CAMPBELL ST",0,,"Y","A","-","N",,,,,,,,,,"Y",2,0,5,2,"A","-","08",22107,,"N","E","I","A","A","H","-","C","A",0,,,,,"Y",,"A","01",1,2,2,0,0,0,0,0,0,"-","-","ALAMEDA","OAKLAND",-122.29092,37.81743
"6025085",2013,2014-02-06,"0109",2013-03-17,"1205","7726","1",7,5,7,"0109",0,0,"0",,0,"21X","23RD AV","E 21ST ST",0,,"Y","A","-","N",,,,,,,,,,"N",3,0,1,2,"A","-","11",21950,"B","N","G","B","B","A","H","-","A","A",0,"Y",,,,"Y",,"N","60",0,1,0,0,1,0,0,0,0,"-","-","ALAMEDA","OAKLAND",-122.23165,37.78868
"6025089",2013,2014-02-06,"0109",2013-03-19,"1200","8257","2",2,5,7,"0109",0,0,"0",,0,"29X","FORTUNE WY","SEMINARY AV",70,"E","N","A","-","N",,,,,,,,,,"N",4,0,1,2,"A","-","08",22107,,"N","A","C","A","A","H","-","A","A",0,,,,,"Y",,"A","01",0,0,1,0,0,0,0,0,0,"-","-","ALAMEDA","OAKLAND",-122.19061,37.77114
"6025104",2013,2014-02-01,"0109",2013-02-06,"1327","8246","1",3,5,7,"0109",0,0,"0",,0,"14X","BAY PL","GRAND AV",80,"W","N","A","-","N",,,,,,,,,,"N",4,0,1,2,"A","-","08",22107,,"N","G","B","F","A","H","-","A","D",0,"Y",,,,"Y",,"A","01",0,0,1,0,1,0,0,0,0,"-","-","ALAMEDA","OAKLAND",,
"6025108",2013,2014-02-01,"0109",2013-02-20,"1820","8347","1",3,5,7,"0109",0,0,"0",,0,"09X","BROADWAY","40TH ST WY",0,,"Y","A","-","N",,,,,,,,,,"N",4,0,1,2,"A","-","10",21950,"A","N","G","B","B","A","H","-","C","A",0,"Y",,,,"Y",,"A","01",0,0,1,0,1,0,0,0,0,"-","-","ALAMEDA","OAKLAND",-122.25674,37.82762
"6026311",2013,2014-04-05,"0109",2013-03-21,"2324",,,4,5,7,"0109",0,0,"0",,0,,"INTERNATIONAL BL","57TH AV",21,"W","N","A","-","N",,,,,,,,,,"Y",4,0,1,1,"A","-","01",23152,"A","M","E","I","A","A","H","-","E","A",0,,,,,"Y",,"A","08",0,0,1,0,0,0,0,0,0,"-","-","ALAMEDA","OAKLAND",-122.20175,37.76613
"6026833",2013,2014-02-05,"0109",2013-03-21,"2039","7561","1",4,5,7,"0109",0,0,"0",,0,"15X","KENWYN RD","CLEVELAND AV",100,"N","N","A","-","N",,,,,,,,,,"N",3,0,1,3,"B","-","22",,,"N","B","E","A","A","H","-","C","D",0,,,,,"Y",,"A","01",0,1,0,0,0,0,0,0,0,"-","-","ALAMEDA","OAKLAND",-122.24526,37.80514
"6027172",2013,2014-01-30,"0109",2013-02-14,"0103","8559","1",4,5,7,"0109",0,0,"0",,0,"12Y","CLAREMONT AV","60TH ST",40,"S","N","A","-","N",,,,,,,,,,"Y",4,0,1,4,"A","-","08",22107,,"N","D","E","A","A","H","-","C","D",0,,,,,"Y",,"A","01",0,0,1,0,0,0,0,0,0,"-","-","ALAMEDA","OAKLAND",-122.25421,37.84704
"6027176",2013,2014-01-30,"0109",2013-02-12,"2110","8347","1",2,5,7,"0109",0,0,"0",,0,"03X","LAKE MERRITT BL","12TH ST",0,,"Y","A","-","N",,,,,,,,,,"N",4,0,1,2,"A","-","09",21453,"C","N","D","G","A","A","H","-","C","A",0,,"Y",,,"Y",,"L","04",0,0,1,0,0,0,1,0,0,"-","-","ALAMEDA","OAKLAND",,
"6027238",2013,2014-02-06,"0109",2013-03-14,"1639","8549","2",4,5,7,"0109",0,0,"0",,0,"30X","73RD AV","KRAUSE AV",0,,"Y","A","-","N",,,,,,,,,,"N",2,0,1,2,"A","-","09",21802,"A","N","D","C","A","A","H","-","A","A",0,,,"Y",,"Y",,"A","01",1,0,0,0,0,0,0,0,1,"-","-","ALAMEDA","OAKLAND",-122.17848,37.76491