"CASE_ID","ACCIDENT_YEAR","PROC_DATE","JURIS","COLLISION_DATE","COLLISION_TIME","OFFICER_ID","REPORTING_DISTRICT","DAY_OF_WEEK","CHP_SHIFT","POPULATION","CNTY_CITY_LOC","SPECIAL_COND","BEAT_TYPE","CHP_BEAT_TYPE","CITY_DIVISION_LAPD","CHP_BEAT_CLASS","BEAT_NUMBER","PRIMARY_RD","SECONDARY_RD","DISTANCE","DIRECTION","INTERSECTION","WEATHER_1","WEATHER_2","STATE_HWY_IND","CALTRANS_COUNTY","CALTRANS_DISTRICT","STATE_ROUTE","ROUTE_SUFFIX","POSTMILE_PREFIX","POSTMILE","LOCATION_TYPE","RAMP_INTERSECTION","SIDE_OF_HWY","TOW_AWAY","COLLISION_SEVERITY","NUMBER_KILLED","NUMBER_INJURED","PARTY_COUNT","PRIMARY_COLL_FACTOR","PCF_CODE_OF_VIOL","PCF_VIOL_CATEGORY","PCF_VIOLATION","PCF_VIOL_SUBSECTION","HIT_AND_RUN","TYPE_OF_COLLISION","MVIW","PED_ACTION","ROAD_SURFACE","ROAD_COND_1","ROAD_COND_2","LIGHTING","CONTROL_DEVICE","CHP_ROAD_TYPE","PEDESTRIAN_ACCIDENT","BICYCLE_ACCIDENT","MOTORCYCLE_ACCIDENT","TRUCK_ACCIDENT","NOT_PRIVATE_PROPERTY","ALCOHOL_INVOLVED","STWD_VEHTYPE_AT_FAULT","CHP_VEHTYPE_AT_FAULT","COUNT_SEVERE_INJ","COUNT_VISIBLE_INJ","COUNT_COMPLAINT_PAIN","COUNT_PED_KILLED","COUNT_PED_INJURED","COUNT_BICYCLIST_KILLED","COUNT_BICYCLIST_INJURED","COUNT_MC_KILLED","COUNT_MC_INJURED","PRIMARY_RAMP","SECONDARY_RAMP","COUNTY","CITY","POINT_X","POINT_Y"
"6088303",2013,2014-07-05,"0109",2013-03-31,"1749","8815","1",7,5,7,"0109",0,0,"0",,0,"019","FOOTHILL BL","21ST AV",0,,"Y","A","-","N",,,,,,,,,,"N",4,0,1,2,"A","-","09",21802,"A","N","D","C","A","A","H","-","A","A",0,,,,,"Y",,"A","01",0,0,1,0,0,0,0,0,0,"-","-","ALAMEDA","OAKLAND",-122.23738,37.78688
"6088447",2013,2014-02-26,"9370",2013-05-06,"0625","20506",,1,1,7,"0109",0,1,"3",,2,"024","RT 24","CLAREMONT ST",636,"E","N","A","-","Y","ALA",4,24,"-","R",3.38,"H","-","W","Y",3,0,1,1,"A","-","08",22107,,"N","E","I","A","A","H","-","A","D",1,,,,,"Y",,"A","01",0,1,0,0,0,0,0,0,0,"-","-","ALAMEDA","OAKLAND",-122.25422,37.84379
"6089323",2013,2014-02-27,"0109",2013-05-10,"2124","9125","2",5,5,7,"0109",0,0,"0",,0,"26X","INTERNATIONAL BL","HIGH ST",0,,"Y","A","-","N",,,,,,,,,,"Y",4,0,3,2,"A","-","12",21453,"A","N","D","C","A","A","H","-","C","A",0,,,,,"Y",,"A","01",0,0,3,0,0,0,0,0,0,"-","-","ALAMEDA","OAKLAND",-122.21487,37.77234
"6089327",2013,2014-02-27,"0109",2013-05-10,"0950","9091","2",5,5,7,"0109",0,0,"0",,0,"001","BROADWAY","14TH ST",10,"N","N","A","-","N",,,,,,,,,,"N",4,0,1,2,"A","-","12",21453,"A","N","B","G","A","A","H","-","A","A",0,,"Y",,,"Y",,"D","22",0,0,1,0,0,0,1,0,0,"-","-","ALAMEDA","OAKLAND",-122.27118,37.80434
"6089331",2013,2014-02-27,"0109",2013-05-11,"1338","8966","2",6,5,7,"0109",0,0,"0",,0,"29X","HAVENSCOURT BL","BRANN ST",0,,"Y","A","-","N",,,,,,,,,,"N",4,0,1,3,"A","-","03",22350,,"N","C","C","A","A","H","-","A","D",0,,,,,"Y",,"A","08",0,0,1,0,0,0,0,0,0,"-","-","ALAMEDA","OAKLAND",-122.18168,37.7711
"6089343",2013,2014-02-08,"0109",2013-03-21,"1713","7715","2",4,5,7,"0109",0,0,"0",,0,"031","98TH AV","B ST",0,,"Y","A","-","N",,,,,,,,,,"N",4,0,1,2,"D","-","00",,,"N","D","C","A","A","H","-","B","A",0,,,,,"Y",,"-","-",0,0,1,0,0,0,0,0,0,"-","-","ALAMEDA","OAKLAND",-122.1739,37.74274
"6089347",2013,2014-02-07,"0109",2013-03-26,"1554","8811","1",2,5,7,"0109",0,0,"0",,0,"003","12TH ST","OAK ST",8,"W","N","A","-","N",,,,,,,,,,"N",4,0,1,2,"A","-","10",21950,"A","N","G","B","B","A","H","-","A","A",0,"Y",,,,"Y",,"D","22",0,0,1,0,1,0,0,0,0,"-","-","ALAMEDA","OAKLAND",-122.26384,37.7997
"6089676",2013,2014-02-27,"9370",2013-05-13,"1651","020506",,1,2,7,"0109",0,1,"1",,2,"176","RT 880","HIGH ST",55,"S","N","A","-","Y","ALA",4,880,"-","-",27.62,"H","-","S","N",4,0,4,3,"A","-","03",22350,,"N","C","C","A","A","H","-","A","D",1,,,,,"Y",,"I","20",0,0,4,0,0,0,0,0,0,"-","-","ALAMEDA","OAKLAND",-122.21842,37.76568
"6090423",2013,2014-02-25,"0109",2013-05-31,"1614","8155","2",5,5,7,"0109",0,0,"0",,0,"27X","AVENAL AV","65TH AV",50,"E","N","A","-","N",,,,,,,,,,"N",3,0,1,1,"A","-","08",22107,,"N","E","I","A","A","H","-","A","A",0,,,,,"Y",,"D","22",0,1,0,0,0,0,0,0,0,"-","-","ALAMEDA","OAKLAND",-122.18841,37.76684
"6090471",2013,2014-02-08,"0109",2013-03-16,"1430","8886","2",6,5,7,"0109",0,0,"0",,0,"26X","SAN LEANDRO ST","HIGH ST",50,"E","N","A","-","N",,,,,,,,,,"Y",4,0,1,2,"A","-","09",21804,"A","N","C","C","A","A","H","-","A","A",0,,,,,"Y",,"A","01",0,0,1,0,0,0,0,0,0,"-","-","ALAMEDA","OAKLAND",-122.21703,37.77056
"6091128",2013,2014-03-17,"9335",2013-06-08,"0610","20461",,6,1,7,"0109",0,1,"1",,1,"082","RT 80","SFOBB METERING LIGHTS",4752,"W","N","A","-","Y","ALA",4,80,"-","-",2.8,"H","-","W","Y",4,0,2,3,"A","-","03",22350,,"N","C","C","A","A","H","-","A","D",0,,,,,"Y",,"A","01",0,0,2,0,0,0,0,0,0,"-","-","ALAMEDA","OAKLAND",-122.29782,37.82709
"6091827",2013,2014-04-05,"0109",2013-05-22,"1510","8397","1",3,5,7,"0109",0,0,"0",,0,"19X","INTERNATIONAL BL","6TH AV",50,"W","N","A","-","N",,,,,,,,,,"N",4,0,1,2,"C","-","18",,,"N","H","G","A","A","H","-","A","A",0,,"Y",,,"Y",,"-","-",0,0,1,0,0,0,1,0,0,"-","-","ALAMEDA","OAKLAND",-122.25315,37.79512
"6091831",2013,2014-02-24,"0109",2013-05-23,"1535","8347","1",4,5,7,"0109",0,0,"0",,0,"09X","PIEDMONT AV","MONTELL ST",75,"S","N","A","-","N",,,,,,,,,,"N",4,0,1,2,"A","-","21",22106,,"N","C","E","A","A","H","-","A","D",0,,,,,"Y",,"A","01",0,0,1,0,0,0,0,0,0,"-","-","ALAMEDA","OAKLAND",-122.25466,37.82471
"6091835",2013,2014-02-24,"0109",2013-05-24,"0820","8790","1",5,5,7,"0109",0,0,"0",,0,"12X","40TH ST","MANILA AV",0,,"Y","A","-","N",,,,,,,,,,"N",3,0,1,2,"A","-","09",21802,"A","N","H","G","A","A","H","-","A","D",0,,"Y",,,"Y",,"A","07",0,1,0,0,0,0,1,0,0,"-","-","ALAMEDA","OAKLAND",-122.25787,37.82798
"6091839",2013,2014-02-24,"0109",2013-05-23,"1912","8339","1",4,5,7,"0109",0,0,"0",,0,"13X","GRIZZLY PEAK BL","S PARK RD",475,"W","N","A","-","N",,,,,,,,,,"Y",3,0,1,2,"A","-","03",22350,,"N","A","C","A","A","H","-","A","D",0,,,"Y",,"Y",,"C","02",0,1,0,0,0,0,0,0,1,"-","-","ALAMEDA","OAKLAND",,
"6092492",2013,2014-02-13,"0109",2013-04-10,"1927","9126","1",3,5,7,"0109",0,0,"0",,0,,"13TH ST","FRANKLIN ST",0,,"Y","A","-","N",,,,,,,,,,"N",4,0,1,2,"A","-","10",21950,"A","N","G","B","B","A","H","-","C","A",0,"Y",,"Y",,"Y",,"C","02",0,0,1,0,1,0,0,0,0,"-","-","ALAMEDA","OAKLAND",-122.27042,37.80318
"6092524",2013,2014-02-13,"0109",2013-04-04,"1710","9137","1",4,5,7,"0109",0,0,"0",,0,"20X","23RD AV","E 7TH ST",0,,"Y","B","-","N",,,,,,,,,,"N",3,0,1,2,"A","-","09",21801,"A","N","H","G","A","A","H","-","A","A",0,,"Y",,,"Y",,"A","01",0,1,0,0,0,0,1,0,0,"-","-","ALAMEDA","OAKLAND",-122.23629,37.77553
"6092528",2013,2014-02-13,"0109",2013-04-04,"1754","8557","1",4,5,7,"0109",0,0,"0",,0,"19X","9TH AV","E 11TH ST",0,,"Y","A","-","N",,,,,,,,,,"N",4,0,2,2,"A","-","09",21802,"A","N","A","C","A","A","H","-","A","A",0,,,,,"Y",,"A","01",0,0,2,0,0,0,0,0,0,"-","-","ALAMEDA","OAKLAND",-122.25248,37.79147
"6092532",2013,2014-02-13,"0109",2013-04-04,"0815","8101","1",4,5,7,"0109",0,0,"0",,0,"07X","PERALTA ST","28TH ST",0,,"Y","C","-","N",,,,,,,,,,"N",4,0,2,2,"A","-","08",22107,,"N","B","C","A","B","H","-","A","A",0,,,,,"Y",,"A","01",0,0,2,0,0,0,0,0,0,"-","-","ALAMEDA","OAKLAND",-122.28616,37.82112
"6092536",2013,2014-02-13,"0109",2013-04-15,"2150","8676","1",1,5,7,"0109",0,0,"0",,0,"19X","INTERNATIONAL BL","2ND AV",0,,"Y","A","-","N",,,,,,,,,,"N",4,0,2,2,"A","-","12",21453,"A","N","D","C","A","A","H","-","C","A",0,,,,,"Y",,"A","08",0,0,2,0,0,0,0,0,0,"-","-","ALAMEDA","OAKLAND",-122.25633,37.79795
"6092540",2013,2014-02-13,"0109",2013-04-06,"1852","9097","2",6,5,7,"0109",0,0,"0",,0,"34X","INTERNATIONAL BL","96TH AV",0,,"Y","A","-","N",,,,,,,,,,"N",4,0,1,2,"A","-","10",21950,"A","N","G","B","B","A","H","-","A","D",0,"Y",,,,"Y","Y","A","01",0,0,1,0,1,0,0,0,0,"-","-","ALAMEDA","OAKLAND",-122.17162,37.74573
"6092544",2013,2014-02-13,"0109",2013-04-04,"2110","9140","1",4,5,7,"0109",0,0,"0",,0,"06X","SAN PABLO AV","BROCKHURST ST",40,"N","N","B","-","N",,,,,,,,,,"N",4,0,1,2,"A","-","11",21954,"A","N","G","B","D","A","H","-","C","D",0,"Y",,,,"Y",,"N","60",0,0,1,0,1,0,0,0,0,"-","-","ALAMEDA","OAKLAND",-122.27759,37.82369
"6092548",2013,2014-02-13,"0109",2013-04-25,"0800","8170","1",4,5,7,"0109",0,0,"0",,0,"17X","13TH AV","E 22ND ST",0,,"Y","B","-","N",,,,,,,,,,"N",3,0,2,2,"A","-","09",21802,"A","N","D","C","A","A","H","-","A","A",0,,,"Y",,"Y",,"A","01",0,1,1,0,0,0,0,0,1,"-","-","ALAMEDA","OAKLAND",-122.23982,37.79512
"6092552",2013,2014-02-13,"0109",2013-04-12,"0800","9073","1",5,5,7,"0109",0,0,"0",,0,"08X","BROADWAY","26TH ST",0,,"Y","A","-","N",,,,,,,,,,"N",3,0,1,2,"A","-","12",21453,"A","N","D","G","A","A","H","-","A","A",0,,"Y",,,"Y",,"L","04",0,1,0,0,0,0,1,0,0,"-","-","ALAMEDA","OAKLAND",-122.2647,37.81484
"6092556",2013,2014-02-12,"0109",2013-04-14,"2010","8677","1",7,5,7,"0109",0,0,"0",,0,"22Y","MAPLE AV","GEORGIA ST",21,"N","N","A","-","N",,,,,,,,,,"N",4,0,1,2,"A","-","11",21954,"A","N","A","B","E","A","H","-","A","A",0,"Y","Y",,,"Y",,"N","60",0,0,1,0,0,0,1,0,0,"-","-","ALAMEDA","OAKLAND",-122.20568,37.79671
"6092560",2013,2014-05-21,"0109",2013-04-14,"1614","8988","2",7,5,7,"0109",0,0,"0",,0,"26X","INTERNATIONAL BL","82ND AV",60,"W","N","A","-","N",,,,,,,,,,"N",4,0,3,4,"A","-","03",22350,,"N","C","C","A","A","H","-","A","A",0,,,,,"Y",,"A","07",0,0,3,0,0,0,0,0,0,"-","-","ALAMEDA","OAKLAND",-122.17973,37.75565
"6094031",2013,2014-02-24,"9335",2013-05-23,"0825","019175",,4,1,7,"0109",0,1,"1",,1,"082","RT 80","SF/ALA CO LINE",990,"E","N","A","-","Y","ALA",4,80,"-","-",0.19,"H","-","W","N",4,0,1,2,"A","-","03",22350,,"N","C","C","A","A","H","-","A","D",4,,,,,"Y",,"A","01",0,0,1,0,0,0,0,0,0,"-","-","ALAMEDA","OAKLAND",-122.34663,37.8182
"6094062",2013,2014-02-25,"9370",2013-05-15,"1025","20506",,3,1,7,"0109",0,1,"1",,2,"054","RT 580","PARK BL",2005,"W","N","A","-","Y","ALA",4,580,"-","-",43.08,"H","-","E","Y",4,0,1,2,"A","-","07",21658,"A","N","E","I","A","A","H","-","A","D",1,,,,,"Y",,"A","01",0,0,1,0,0,0,0,0,0,"-","-","ALAMEDA","OAKLAND",-122.23909,37.80708
"6094066",2013,2014-02-25,"9370",2013-05-19,"2330","19109",,7,3,7,"0109",0,1,"1",,2,"052","RT 580","KELLER AV",2500,"W","N","A","-","Y","ALA",4,580,"-","R",38.27,"H","-","W","Y",3,0,5,2,"A","-","08",22107,,"N","D","C","A","A","H","-","C","D",1,,,,,"Y",,"A","01",0,1,4,0,0,0,0,0,0,"-","-","ALAMEDA","OAKLAND",-122.16488,37.7768
"6094070",2013,2014-02-24,"9370",2013-05-22,"1455","18579",,3,2,7,"0109",0,1,"1",,2,"054","RT 580","LAKE PARK AV",482,"E","N","A","-","Y","ALA",4,580,"-","-",43.14,"H","-","E","N",4,0,1,2,"A","-","08",22107,,"M","E","I","A","A","H","-","A","D",1,,,,,"Y",,"A","01",0,0,1,0,0,0,0,0,0,"-","-","ALAMEDA","OAKLAND",-122.23983,37.80742
"6094074",2013,2014-02-24,"9370",2013-05-22,"1933","20525",,3,2,7,"0109",0,1,"1",,2,"052","RT 580","KUHNLE AV",1089,"E","N","A","-","Y","ALA",4,580,"-","R",38.71,"H","-","W","Y",3,0,4,3,"A","-","03",22350,,"N","C","C","A","A","C","-","A","D",1,,,,,"Y",,"A","01",0,2,2,0,0,0,0,0,0,"-","-","ALAMEDA","OAKLAND",-122.16934,37.77887
"6094198",2013,2014-09-02,"9370",2013-05-16,"1805","19160",,4,2,7,"0109",0,1,"1",,2,"008","RT 80","SFOBB TP",430,"E","N","A","-","Y","ALA",4,80,"-","-",2.07,"H","-","W","N",4,0,2,2,"A","-","03",22350,,"N","C","C","A","A","H","-","A","D",6,,,,,"Y",,"A","07",0,0,2,0,0,0,0,0,0,"-","-","ALAMEDA","OAKLAND",-122.3198,37.82337
"6094678",2013,2014-02-12,"9370",2013-04-30,"1730","19469",,2,2,7,"0109",0,1,"3",,2,"025","RT 24","SHATTUCK AV",193,"W","N","A","-","Y","ALA",4,24,"-","R",2.502,"R","3","W","N",3,0,1,2,"A","-","03",22350,,"N","G","B","B","A","H","-","A","D",1,"Y",,,,"Y",,"A","01",0,1,0,0,1,0,0,0,0,"FR","-","ALAMEDA","OAKLAND",-122.26618,37.83483
"6094682",2013,2014-02-12,"9370",2013-04-28,"0705","20356",,7,1,7,"0109",0,1,"1",,2,"052","RT 580","106TH AV",1240,"W","N","A","-","Y","ALA",4,580,"-","R",35.48,"H","-","E","Y",4,0,1,1,"A","-","01",23152,"A","N","E","I","A","A","H","-","A","D",1,,,,,"Y","Y","A","01",0,0,1,0,0,0,0,0,0,"-","-","ALAMEDA","OAKLAND",-122.14717,37.74361
"6094696",2013,2014-12-08,"9370",2013-04-26,"0807","20292",,5,1,7,"0109",0,1,"1",,2,"053","RT 580","35TH AV",626,"E","N","A","-","Y","ALA",4,580,"-","R",40.53,"H","-","W","Y",3,0,1,2,"C","-","18",,,"N","C","C","A","A","H","-","A","D",1,,,,,"Y",,"-","-",0,1,0,0,0,0,0,0,0,"-","-","ALAMEDA","OAKLAND",-122.20276,37.79168
"6096146",2013,2014-02-28,"9370",2013-05-11,"0305","020183",,6,3,7,"0109",0,1,"1",,2,"177","RT 880","23RD AV",300,"N","N","A","-","Y","ALA",4,880,"-","-",28.99,"H","-","N","Y",3,0,1,1,"A","-","01",23152,"A","N","E","I","A","A","H","-","C","D",1,,,,,"Y","Y","A","01",0,1,0,0,0,0,0,0,0,"-","-","ALAMEDA","OAKLAND",-122.23694,37.77764
"6096150",2013,2014-02-28,"9370",2013-05-06,"1525","020123",,1,2,7,"0109",0,1,"3",,2,"013","RT 13","CALAVERAS AV",40,"N","N","A","-","Y","ALA",4,13,"-","-",4.472,"R","1","S","N",4,0,1,2,"A","-","03",22350,,"N","C","C","A","A","H","-","A","D",1,,,,,"Y",,"A","01",0,0,1,0,0,0,0,0,0,"-","-","ALAMEDA","OAKLAND",-122.18064,37.78713
"6096181",2013,2014-02-25,"0109",2013-05-15,"0924","7715","2",3,5,7,"0109",0,0,"0",,0,"35X","82ND AV","IRIS ST",44,"S","N","B","-","N",,,,,,,,,,"Y",4,0,1,1,"C","-","18",,,"N","E","I","A","A","H","-","A","D",0,,,,,"Y",,"-","-",0,0,1,0,0,0,0,0,0,"-","-","ALAMEDA","OAKLAND",-122.16703,37.76167
"6096185",2013,2014-03-05,"0109",2013-05-11,"0915","9034","1",6,5,7,"0109",0,0,"0",,0,"22X","COOLIDGE AV","MONTANA ST",0,,"Y","A","-","N",,,,,,,,,,"N",4,0,1,2,"A","-","09",21801,"A","N","A","C","A","A","H","-","A","A",0,,,"Y",,"Y",,"A","01",0,0,1,0,0,0,0,0,1,"-","-","ALAMEDA","OAKLAND",-122.21036,37.79695
"6098050",2013,2014-02-14,"0109",2013-04-17,"1839","9124","2",3,5,7,"0109",0,0,"0",,0,"27X","FOOTHILL BL","48TH AV",5,"E","N","A","-","N",,,,,,,,,,"N",4,0,1,2,"A","-","11",21456,"B","N","G","B","B","A","H","-","A","A",0,"Y",,,,"Y",,"N","60",0,0,1,0,1,0,0,0,0,"-","-","ALAMEDA","OAKLAND",-122.20771,37.77273
"6098402",2013,2014-02-26,"0109",2013-05-17,"1113","8217","2",5,5,7,"0109",0,0,"0",,0,"31Y","98TH AV","EMPIRE RD",105,"N","N","A","-","N",,,,,,,,,,"N",4,0,2,3,"A","-","03",22350,,"N","C","C","A","A","H","-","A","A",0,,,,,"Y",,"A","07",0,0,2,0,0,0,0,0,0,"-","-","ALAMEDA","OAKLAND",-122.19135,37.73058
"6098406",2013,2014-02-26,"0109",2013-05-19,"0508","9019","2",7,5,7,"0109",0,0,"0",,0,"31X","EDGEWATER DR","PENDLETON WY",0,,"Y","A","-","N",,,,,,,,,,"N",3,0,1,2,"D","-","00",,,"N","G","B","B","B","H","-","C","A",0,"Y",,,,"Y",,"-","-",0,1,0,0,1,0,0,0,0,"-","-","ALAMEDA","OAKLAND",-122.19949,37.73763
"6098410",2013,2014-02-26,"0109",2013-05-19,"1110","8316","1",7,5,7,"0109",0,0,"0",,0,"05X","BRUSH ST","17TH ST",0,,"Y","A","-","N",,,,,,,,,,"N",4,0,1,2,"A","-","12",21453,"A","N","D","C","A","A","H","-","A","A",0,,,,,"Y",,"A","01",0,0,1,0,0,0,0,0,0,"-","-","ALAMEDA","OAKLAND",-122.27715,37.80918
"6098414",2013,2014-02-26,"0109",2013-05-19,"1224","8653","1",7,5,7,"0109",0,0,"0",,0,"22X","MACARTHUR BL","LAUREL ST",300,"E","N","A","-","N",,,,,,,,,,"N",3,0,4,2,"A","-","09",21804,"A","N","D","C","A","A","H","-","A","D",0,,,,,"Y",,"A","01",0,2,2,0,0,0,0,0,0,"-","-","ALAMEDA","OAKLAND",-122.20261,37.79556
"6098724",2013,2014-02-18,"0109",2013-04-18,"1012","8257","2",4,5,7,"0109",0,0,"0",,0,"33X","INTERNATIONAL BL","94TH AV",0,,"Y","A","-","N",,,,,,,,,,"Y",3,0,1,2,"A","-","12",21453,"A","N","D","C","A","A","H","-","A","A",0,,,,,"Y",,"D","22",0,1,0,0,0,0,0,0,0,"-","-","ALAMEDA","OAKLAND",-122.17266,37.74714
"6098732",2013,2014-02-28,"0109",2013-05-02,"1431","8134","1",4,5,7,"0109",0,0,"0",,0,"20X","23RD AV","11TH AV",0,,"Y","A","-","N",,,,,,,,,,"N",4,0,2,2,"A","-","12",21453,"A","N","D","C","A","A","H","-","A","A",0,,,,,"Y",,"A","01",0,0,2,0,0,0,0,0,0,"-","-","ALAMEDA","OAKLAND",-122.24057,37.79728
"6098740",2013,2014-02-28,"0109",2013-05-21,"0925","8217","2",2,5,7,"0109",0,0,"0",,0,"31X","HEGENBERGER RD","COLISEUM WY",102,"N","N","A","-","N",,,,,,,,,,"Y",4,0,1,2,"A","-","21",22106,,"N","C","C","A","A","H","-","A","A",0,,,,,"Y",,"D","22",0,0,1,0,0,0,0,0,0,"-","-","ALAMEDA","OAKLAND",-122.1962,37.74504
"6100028",2013,2014-09-27,"0109",2013-03-10,"0301","8903","1",7,5,7,"0109",0,0,"0",,0,"03X","CLAY ST","9TH ST",30,"S","N","A","-","N",,,,,,,,,,"N",2,0,1,2,"C","-","18",,,"N","B","E","A","A","H","-","C","D",0,,,,,"Y",,"-","-",1,0,0,0,0,0,0,0,0,"-","-","ALAMEDA","OAKLAND",-122.27584,37.80178
"6100051",2013,2014-02-13,"0109",2013-03-12,"0915","8235","1",2,5,7,"0109",0,0,"0",,0,"04X","17TH ST","MARTIN LUTHER KING JR WY",10,"W","N","A","-","N",,,,,,,,,,"N",4,0,1,2,"A","-","04",21703,,"N","C","C","A","A","H","-","A","A",0,,,,,"Y",,"A","07",0,0,1,0,0,0,0,0,0,"-","-","ALAMEDA","OAKLAND",-122.27484,37.80814
"6100055",2013,2014-02-13,"0109",2013-03-12,"1535","13-01283","1",2,5,7,"0109",0,0,"0",,0,"20X","INTERNATIONAL BL","27TH AV",3,"E","N","A","-","N",,,,,,,,,,"N",4,0,1,2,"D","-","00",,,"N","G","B","E","A","H","-","A","D",0,"Y",,,,"Y",,"-","-",0,0,1,0,1,0,0,0,0,"-","-","ALAMEDA","OAKLAND",-122.2315,37.78073
"6100203",2013,2014-02-26,"0109",2013-05-21,"1335","8259","1",2,5,7,"0109",0,0,"0",,0,"11X","TELEGRAPH AV","65TH ST",50,"N","N","A","-","N",,,,,,,,,,"N",4,0,1,2,"A","-","03",22350,,"N","C","C","A","A","H","-","A","D",0,,,,,"Y",,"A","01",0,0,1,0,0,0,0,0,0,"-","-","ALAMEDA","OAKLAND",-122.26041,37.85116
"6101847",2013,2014-02-07,"0109",2013-03-28,"1705","8417","1",4,5,7,"0109",0,0,"0",,0,"02X","3RD ST","ADELINE",100,"W","N","A","-","N",,,,,,,,,,"N",3,0,1,2,"D","-","00",,,"N","H","G","A","A","H","-","A","D",0,,"Y",,,"Y",,"-","-",0,1,0,0,0,0,1,0,0,"-","-","ALAMEDA","OAKLAND",-122.28975,37.80123
"6101851",2013,2014-02-07,"0109",2013-03-20,"2020","8347","1",3,5,7,"0109",0,0,"0",,0,"08X","TELEGRAPH AV","39TH ST",10,"S","N","B","-","N",,,,,,,,,,"N",4,0,1,2,"A","-","10",21950,"A","N","G","B","B","A","H","-","C","D",0,"Y",,,,"Y",,"A","01",0,0,1,0,1,0,0,0,0,"-","-","ALAMEDA","OAKLAND",-122.26472,37.82829
"6101855",2013,2014-02-07,"0109",2013-03-28,"0545","8887","1",4,5,7,"0109",0,0,"0",,0,"19X","22ND AV","INTERNATIONAL BL",5,"S","N","B","C","N",,,,,,,,,,"N",4,0,1,2,"A","-","10",21950,"A","M","G","B","B","B","H","-","C","A",0,"Y",,,,"Y",,"A","01",0,0,1,0,1,0,0,0,0,"-","-","ALAMEDA","OAKLAND",-122.23794,37.78455
"6101859",2013,2014-02-08,"0109",2013-03-27,"1143","8217","2",3,5,7,"0109",0,0,"0",,0,"33X","98TH AV","A ST",15,"S","N","A","-","N",,,,,,,,,,"Y",4,0,1,4,"A","-","03",22350,,"M","C","C","A","A","H","-","A","A",0,,,,,"Y",,"A","07",0,0,1,0,0,0,0,0,0,"-","-","ALAMEDA","OAKLAND",-122.17299,37.74318
"6101896",2013,2014-11-19,"9370",2013-03-24,"1219","20525",,7,1,7,"0109",0,1,"1",,2,"054","RT 580","38TH AV",223,"E","N","A","-","Y","ALA",4,580,"-","R",40.35,"H","-","W","Y",2,0,1,1,"A","-","01",23152,"A","N","F","A","A","A","H","-","A","D",0,,,,,"Y","Y","A","01",1,0,0,0,0,0,0,0,0,"-","-","ALAMEDA","OAKLAND",-122.201,37.78978
"6101907",2013,2014-02-08,"0109",2013-03-25,"1715","8347","1",1,5,7,"0109",0,0,"0",,0,"07X","SAN PABLO AV","FILBERT ST",75,"N","N","A","-","N",,,,,,,,,,"N",4,0,1,3,"C","-","18",,,"M","H","G","A","A","H","-","A","D",0,,"Y",,,"Y",,"-","-",0,0,1,0,0,0,1,0,0,"-","-","ALAMEDA","OAKLAND",-122.27762,37.82378
"6102083",2013,2014-03-05,"0109",2013-05-27,"1644","9154","2",1,5,7,"0109",0,0,"0",,0,"27Y","BANCROFT AV","SEMINARY AV",0,,"Y","A","-","N",,,,,,,,,,"N",4,0,1,2,"A","-","08",22107,,"M","H","C","A","A","H","-","A","A",0,,,,,"Y","Y","A","07",0,0,1,0,0,0,0,0,0,"-","-","ALAMEDA","OAKLAND",-122.19134,37.77087
"6102087",2013,2014-03-05,"0109",2013-05-31,"1927","7561","1",5,5,7,"0109",0,0,"0",,0,"15X","CLEVELAND AV","SPRUCE ST",0,,"Y","A","-","N",,,,,,,,,,"N",3,0,1,2,"A","-","12",22450,,"M","G","B","D","A","H","-","A","A",0,"Y",,,,"Y",,"A","01",0,1,0,0,1,0,0,0,0,"-","-","ALAMEDA","OAKLAND",-122.24154,37.80358
"6102127",2013,2014-03-19,"0109",2013-05-31,"1940","9025","1",5,5,7,"0109",0,0,"0",,0,"05X","W GRAND AV","POPLAR ST",0,,"Y","A","-","N",,,,,,,,,,"Y",4,0,1,2,"A","-","12",21453,"A","N","D","C","A","A","H","-","B","A",0,,,,,"Y",,"A","01",0,0,1,0,0,0,0,0,0,"-","-","ALAMEDA","OAKLAND",-122.28718,37.8162
"6102131",2013,2014-03-05,"0109",2013-05-31,"1915","8835","1",5,5,7,"0109",0,0,"0",,0,"25X","MACARTHUR BL","39TH AV",30,"E","N","A","-","N",,,,,,,,,,"N",4,0,1,2,"A","-","03",22350,,"N","C","C","A","A","H","-","A","D",0,,,,,"Y",,"A","01",0,0,1,0,0,0,0,0,0,"-","-","ALAMEDA","OAKLAND",-122.19684,37.78958
"6102135",2013,2014-03-05,"0109",2013-05-24,"1335","8961","1",5,5,7,"0109",0,0,"0",,0,"11X","52ND ST","RT 24",0,,"Y","A","-","Y","ALA",4,580,"-","-",44.472,"R","4","E","N",4,0,3,2,"A","-","09",21802,"A","N","D","C","A","A","H","-","A","A",0,,,,,"Y",,"A","01",0,0,3,0,0,0,0,0,0,"-","EF","ALAMEDA","OAKLAND",-122.25715,37.82086
"6102139",2013,2014-03-05,"0109",2013-05-24,"1247","9073","1",5,5,7,"0109",0,0,"0",,0,"13X","BROADWAY","LAWTON AV",0,,"Y","A","-","N",,,,,,,,,,"N",4,0,1,2,"D","-","00",,,"N","H","G","A","A","H","-","A","D",0,,"Y",,,"Y",,"-","-",0,0,1,0,0,0,1,0,0,"-","-","ALAMEDA","OAKLAND",-122.24613,37.84445