"CASE_ID","ACCIDENT_YEAR","PROC_DATE","JURIS","COLLISION_DATE","COLLISION_TIME","OFFICER_ID","REPORTING_DISTRICT","DAY_OF_WEEK","CHP_SHIFT","POPULATION","CNTY_CITY_LOC","SPECIAL_COND","BEAT_TYPE","CHP_BEAT_TYPE","CITY_DIVISION_LAPD","CHP_BEAT_CLASS","BEAT_NUMBER","PRIMARY_RD","SECONDARY_RD","DISTANCE","DIRECTION","INTERSECTION","WEATHER_1","WEATHER_2","STATE_HWY_IND","CALTRANS_COUNTY","CALTRANS_DISTRICT","STATE_ROUTE","ROUTE_SUFFIX","POSTMILE_PREFIX","POSTMILE","LOCATION_TYPE","RAMP_INTERSECTION","SIDE_OF_HWY","TOW_AWAY","COLLISION_SEVERITY","NUMBER_KILLED","NUMBER_INJURED","PARTY_COUNT","PRIMARY_COLL_FACTOR","PCF_CODE_OF_VIOL","PCF_VIOL_CATEGORY","PCF_VIOLATION","PCF_VIOL_SUBSECTION","HIT_AND_RUN","TYPE_OF_COLLISION","MVIW","PED_ACTION","ROAD_SURFACE","ROAD_COND_1","ROAD_COND_2","LIGHTING","CONTROL_DEVICE","CHP_ROAD_TYPE","PEDESTRIAN_ACCIDENT","BICYCLE_ACCIDENT","MOTORCYCLE_ACCIDENT","TRUCK_ACCIDENT","NOT_PRIVATE_PROPERTY","ALCOHOL_INVOLVED","STWD_VEHTYPE_AT_FAULT","CHP_VEHTYPE_AT_FAULT","COUNT_SEVERE_INJ","COUNT_VISIBLE_INJ","COUNT_COMPLAINT_PAIN","COUNT_PED_KILLED","COUNT_PED_INJURED","COUNT_BICYCLIST_KILLED","COUNT_BICYCLIST_INJURED","COUNT_MC_KILLED","COUNT_MC_INJURED","PRIMARY_RAMP","SECONDARY_RAMP","COUNTY","CITY","POINT_X","POINT_Y"
"6102143",2013,2014-03-05,"0109",2013-05-25,"1650","8444","1",6,5,7,"0109",0,0,"0",,0,"13Y","GRIZZLY PEAK BL","CENTENNIAL DR",2640,"E","N","A","-","N",,,,,,,,,,"N",2,0,2,2,"A","-","05",21460,"A","N","H","G","A","A","H","-","A","D",0,,"Y","Y",,"Y",,"C","02",1,0,1,0,0,0,1,0,1,"-","-","ALAMEDA","OAKLAND",,
"6102147",2013,2014-03-05,"0109",2013-05-28,"2355","9019","2",2,5,7,"0109",0,0,"0",,0,"31X","HEGENBERGER RD","RT 880",0,,"Y","C","-","Y","ALA",4,880,"-","-",25.678,"R","4","S","Y",4,0,1,2,"A","-","03",22350,,"N","C","C","A","B","H","-","C","A",0,,,,,"Y",,"A","01",0,0,1,0,0,0,0,0,0,"-","SF","ALAMEDA","OAKLAND",-122.19968,37.74415
"6102151",2013,2014-03-05,"0109",2013-05-29,"1839","7561","1",3,5,7,"0109",0,0,"0",,0,"14Y","LAKESHORE AV","BEACON ST",10,"S","N","A","-","N",,,,,,,,,,"N",3,0,2,3,"A","-","10",21950,"A","N","G","B","B","A","H","-","A","A",0,"Y",,,,"Y",,"A","01",0,2,0,0,2,0,0,0,0,"-","-","ALAMEDA","OAKLAND",-122.24777,37.80907
"6102155",2013,2014-03-05,"0109",2013-05-29,"1830","8920","2",3,5,7,"0109",0,0,"0",,0,"35X","SENECA ST","THERMAL ST",0,,"Y","A","-","N",,,,,,,,,,"N",4,0,1,2,"A","-","03",22350,,"N","A","E","A","A","H","-","A","D",0,,,,,"Y",,"A","01",0,0,1,0,0,0,0,0,0,"-","-","ALAMEDA","OAKLAND",-122.16186,37.76009
"6102159",2013,2014-03-05,"0109",2013-05-22,"1711","7674","2",3,5,7,"0109",0,0,"0",,0,"34X","BANCROFT AV","94TH AV",0,,"Y","A","-","N",,,,,,,,,,"N",3,0,1,3,"A","-","03",22350,,"F","D","C","A","A","H","-","A","A",0,,,,,"Y",,"A","01",0,1,0,0,0,0,0,0,0,"-","-","ALAMEDA","OAKLAND",-122.16406,37.75118
"6102196",2013,2014-03-01,"9335",2013-06-01,"1615","019631",,6,2,7,"0109",0,1,"1",,1,"082","RT 80","METERING LIGHTS",40,"E","N","A","-","Y","ALA",4,80,"-","-",1.91,"H","-","W","Y",3,0,1,1,"A","-","03",22350,,"N","F","J","A","A","H","-","A","D",4,,,"Y",,"Y",,"C","02",0,1,0,0,0,0,0,0,1,"-","-","ALAMEDA","OAKLAND",-122.32198,37.82268
"6102251",2013,2014-02-13,"0109",2013-04-07,"0209","9084","1",7,5,7,"0109",0,0,"0",,0,"03X","HARRISON ST","14TH ST",0,,"Y","B","C","N",,,,,,,,,,"N",3,0,1,2,"A","-","12",21453,"A","M","H","G","A","B","H","-","C","A",0,,"Y",,,"Y",,"A","01",0,1,0,0,0,0,1,0,0,"-","-","ALAMEDA","OAKLAND",-122.26766,37.80294
"6102255",2013,2014-02-13,"0109",2013-04-14,"2335","8225","1",7,5,7,"0109",0,0,"0",,0,"12X","TELEGRAPH AV","48TH ST",0,,"Y","A","-","N",,,,,,,,,,"N",4,0,1,2,"A","-","11",21950,"B","M","G","B","B","A","H","-","C","D",0,"Y",,,,"Y",,"N","60",0,0,1,0,1,0,0,0,0,"-","-","ALAMEDA","OAKLAND",-122.263,37.83471
"6102296",2013,2014-02-13,"0109",2013-04-27,"1006","8465","2",6,5,7,"0109",0,0,"0",,0,"32X","BANCROFT AV","100TH AV",0,,"Y","A","-","N",,,,,,,,,,"N",4,0,3,2,"A","-","09",21802,"A","N","D","C","A","A","H","-","A","A",0,,,,,"Y",,"A","01",0,0,3,0,0,0,0,0,0,"-","-","ALAMEDA","OAKLAND",-122.15951,37.74503
"6102307",2013,2014-02-13,"0109",2013-04-29,"1300","8779","1",1,5,7,"0109",0,0,"0",,0,"19X","EMBARCADERO","16TH AV",173,"W","N","A","-","N",,,,,,,,,,"N",4,0,1,2,"D","-","00",,,"N","H","G","A","A","H","-","A","D",0,,"Y",,,"Y",,"-","-",0,0,1,0,0,0,1,0,0,"-","-","ALAMEDA","OAKLAND",-122.24357,37.78447
"6102311",2013,2014-02-13,"0109",2013-04-20,"1735","8824","1",6,5,7,"0109",0,0,"0",,0,"06X","W GRAND AV","MARTIN LUTHER KING JR WY",0,,"Y","A","-","N",,,,,,,,,,"N",3,0,1,2,"A","-","12",21453,"A","N","H","G","A","A","H","-","A","A",0,,"Y",,,"Y",,"L","04",0,1,0,0,0,0,1,0,0,"-","-","ALAMEDA","OAKLAND",-122.27281,37.81258
"6102314",2013,2014-03-01,"0109",2013-06-01,"2149","8658","2",6,5,7,"0109",0,0,"0",,0,"25X","ALISO AV","ANDERSON AV",200,"E","N","A","-","N",,,,,,,,,,"N",4,0,1,2,"A","-","08",22107,,"M","G","B","D","B","H","-","C","A",0,"Y",,,,"Y","Y","A","01",0,0,1,0,1,0,0,0,0,"-","-","ALAMEDA","OAKLAND",-122.18418,37.79668
"6102315",2013,2014-02-13,"0109",2013-04-22,"2010","8717","2",1,5,7,"0109",0,0,"0",,0,"31Z","HEGENBERGER RD","PARDEE LN",6,"S","N","A","-","N",,,,,,,,,,"Y",4,0,1,2,"A","-","03",22350,,"M","C","C","A","A","H","-","C","A",0,,,,,"Y",,"A","01",0,0,1,0,0,0,0,0,0,"-","-","ALAMEDA","OAKLAND",-122.20032,37.72965
"6102319",2013,2014-02-13,"0109",2013-04-17,"2000","8854","2",3,5,7,"0109",0,0,"0",,0,"27X","FOOTHILL BL","55TH AV",30,"W","N","A","-","N",,,,,,,,,,"Y",4,0,1,3,"A","-","-",,,"M","D","-","A","A","H","-","C","A",0,,,,,"Y",,"-","99",0,0,1,0,0,0,0,0,0,"-","-","ALAMEDA","OAKLAND",-122.19604,37.77261
"6103460",2013,2015-01-22,"9370",2013-05-21,"1445","019558",,2,2,7,"0109",0,1,"1",,2,"053","RT 580","BEAUMONT AV",10,"W","N","-","-","Y","ALA",4,580,"-","R",42.07,"H","-","W","N",3,0,1,1,"A","-","08",22107,,"N","E","I","A","A","H","-","A","D",1,,,,,"Y",,"A","01",0,1,0,0,0,0,0,0,0,"-","-","ALAMEDA","OAKLAND",-122.22483,37.80015
"6103464",2013,2015-01-22,"9370",2013-05-18,"1100","020475",,6,1,7,"0109",0,1,"1",,2,"053","RT 580","35TH AV",934,"W","N","A","-","Y","ALA",4,580,"-","R",40.83,"H","-","W","Y",4,0,1,1,"A","-","08",22107,,"N","E","I","A","A","H","-","A","D",1,,,,,"Y",,"A","08",0,0,1,0,0,0,0,0,0,"-","-","ALAMEDA","OAKLAND",-122.20582,37.79439
"6103479",2013,2014-03-07,"9370",2013-05-16,"0706","020506",,4,1,7,"0109",0,1,"3",,2,"024","RT 24","OLD TUNNEL RD",1110,"E","N","B","-","Y","ALA",4,24,"-","R",6.1,"H","-","W","Y",4,0,1,3,"A","-","03",22350,,"N","C","C","A","A","H","-","B","D",0,,,,,"Y",,"A","01",0,0,1,0,0,0,0,0,0,"-","-","ALAMEDA","OAKLAND",-122.21528,37.85623
"6103800",2013,2014-03-06,"9370",2013-06-10,"1629","020525",,1,2,7,"0109",0,1,"1",,2,"177","RT 880","7TH ST",1409,"N","N","A","-","Y","ALA",4,880,"-","R",33.79,"H","-","N","Y",4,0,1,2,"A","-","03",22350,,"N","C","C","A","A","H","-","A","D",1,,,,"Y","Y",,"G","25",0,0,1,0,0,0,0,0,0,"-","-","ALAMEDA","OAKLAND",-122.30357,37.81165
"6103824",2013,2015-01-14,"9370",2013-06-01,"0609","020258",,6,1,7,"0109",0,1,"1",,2,"176","RT 880","66TH AV",132,"S","N","A","-","Y","ALA",4,880,"-","-",26.331,"R","3","S","Y",4,0,1,2,"A","-","08",22107,,"N","D","C","A","A","H","-","A","D",1,,,,"Y","Y",,"A","01",0,0,1,0,0,0,0,0,0,"-","-","ALAMEDA","OAKLAND",-122.20488,37.75012
"6104540",2013,2014-01-18,"0109",2013-01-22,"1302","8284","2",2,5,7,"0109",0,0,"0",,0,"23X","INTERNATIONAL BL","34TH AV",10,"E","N","B","-","N",,,,,,,,,,"N",4,0,1,2,"A","-","03",22350,,"M","C","C","A","A","H","-","A","D",0,,,,,"Y",,"A","01",0,0,1,0,0,0,0,0,0,"-","-","ALAMEDA","OAKLAND",-122.22383,37.77663
"6104597",2013,2014-01-27,"0109",2013-02-16,"2017","8811","1",6,5,7,"0109",0,0,"0",,0,"02X","WILLOW ST","CHASE ST",0,,"Y","A","-","N",,,,,,,,,,"N",4,0,1,4,"A","-","09",21804,"A","N","C","C","A","A","H","-","C","D",0,,,,,"Y",,"A","01",0,0,1,0,0,0,0,0,0,"-","-","ALAMEDA","OAKLAND",-122.30016,37.80817
"6104618",2013,2014-07-12,"0109",2013-02-28,"2039","7591","1",4,5,7,"0109",0,0,"0",,0,"04X","14TH ST","WEBSTER ST",0,,"Y","A","-","N",,,,,,,,,,"N",4,0,1,2,"A","-","10",21950,"A","M","G","B","B","A","H","-","C","A",0,"Y",,,,"Y",,"A","01",0,0,1,0,1,0,0,0,0,"-","-","ALAMEDA","OAKLAND",-122.26883,37.80339
"6104827",2013,2014-03-01,"9370",2013-05-29,"0100","020508",,3,3,7,"0109",0,1,"1",,2,"176","RT 880","FRUITVALE AV",850,"S","N","A","-","Y","ALA",4,880,"-","-",28.04,"H","-","N","Y",4,0,1,2,"A","-","03",22350,,"N","C","C","A","A","H","-","C","D",1,,,,,"Y",,"D","22",0,0,1,0,0,0,0,0,0,"-","-","ALAMEDA","OAKLAND",-122.22327,37.77158
"6104839",2013,2014-03-11,"9370",2013-05-30,"0950","020657",,4,1,7,"0109",0,1,"1",,2,"177","RT 880","16TH AV",200,"N","N","A","-","Y","ALA",4,880,"-","-",29.73,"H","-","S","N",4,0,1,2,"A","-","03",22350,,"N","C","C","A","A","H","-","A","D",1,,,,,"Y",,"A","01",0,0,1,0,0,0,0,0,0,"-","-","ALAMEDA","OAKLAND",-122.24691,37.78688
"6104851",2013,2014-02-27,"9370",2013-06-13,"0845","020506",,4,1,7,"0109",0,1,"1",,2,"053","RT 580","BUELL ST",970,"E","N","A","-","Y","ALA",4,580,"-","L",39.89,"H","-","W","N",4,0,1,2,"A","-","03",22350,,"M","C","C","A","A","H","-","A","D",1,,,,,"Y",,"D","22",0,0,1,0,0,0,0,0,0,"-","-","ALAMEDA","OAKLAND",-122.19383,37.78587
"6104874",2013,2014-02-27,"9370",2013-05-25,"0350","20447",,6,3,7,"0109",0,1,"1",,2,"008","RT 80","POWELL ST",4575,"W","N","A","-","Y","ALA",4,80,"-","-",2.97,"H","-","E","Y",3,0,1,2,"A","-","01",23152,"A","N","C","C","A","A","H","-","C","D",6,,,,,"Y","Y","A","01",0,1,0,0,0,0,0,0,0,"-","-","ALAMEDA","OAKLAND",-122.29719,37.82685
"6104988",2013,2014-02-14,"0109",2013-04-30,"0029","8101","1",2,5,7,"0109",0,0,"0",,0,"11X","TELEGRAPH AV","ALCATRAZ AV",30,"S","N","A","-","N",,,,,,,,,,"N",4,0,1,2,"A","-","08",22102,,"N","D","C","A","A","H","-","C","A",0,,,,,"Y",,"I","11",0,0,1,0,0,0,0,0,0,"-","-","ALAMEDA","OAKLAND",-122.26056,37.85011
"6104996",2013,2014-03-01,"0109",2013-05-10,"1630","9116","2",5,5,7,"0109",0,0,"0",,0,"34X","90TH AV","BIRCH ST",128,"N","N","A","-","N",,,,,,,,,,"Y",2,0,1,3,"A","-","08",22107,,"N","D","C","A","A","H","-","A","D",0,,,,"Y","Y",,"A","01",1,0,0,0,0,0,0,0,0,"-","-","ALAMEDA","OAKLAND",-122.16892,37.75212
"6105136",2013,2014-02-27,"9370",2013-06-02,"0150","020149",,7,3,7,"0109",0,1,"1",,2,"054","RT 580","LAKE PARK AV",20,"W","N","A","-","Y","ALA",4,580,"-","-",43.23,"H","-","E","Y",4,0,1,1,"A","-","01",23152,"A","N","E","I","A","A","H","-","D","-",1,,,,,"Y","Y","A","01",0,0,1,0,0,0,0,0,0,"-","-","ALAMEDA","OAKLAND",-122.24094,37.80793
"6105140",2013,2014-12-11,"9370",2013-06-02,"1745","16710",,7,2,7,"0109",0,1,"1",,2,"176","RT 880","FRUITVALE AV",450,"S","N","A","-","Y","ALA",4,880,"-","-",28.15,"H","-","S","Y",4,0,2,2,"A","-","03",22350,,"N","C","C","A","A","H","-","A","D",1,,,,,"Y",,"A","01",0,0,2,0,0,0,0,0,0,"-","-","ALAMEDA","OAKLAND",-122.2254,37.77228
"6105144",2013,2014-12-09,"9370",2013-06-02,"1745","020475",,7,2,7,"0109",0,1,"1",,2,"176","RT 880","FRUITVALE AV",551,"S","N","A","-","Y","ALA",4,880,"-","-",28.14,"H","-","S","N",4,0,1,2,"A","-","03",22350,,"N","C","C","A","A","H","-","A","D",1,,,,,"Y",,"A","01",0,0,1,0,0,0,0,0,0,"-","-","ALAMEDA","OAKLAND",-122.22524,37.77223
"6105148",2013,2014-12-11,"9370",2013-06-04,"0905","020525",,2,1,7,"0109",0,1,"1",,2,"176","RT 880","HEGENBERGER RD",1013,"N","N","B","-","Y","ALA",4,880,"-","-",25.69,"H","-","N","Y",4,0,1,3,"A","-","03",22350,,"N","C","C","A","A","H","-","A","D",1,,,,,"Y",,"A","01",0,0,1,0,0,0,0,0,0,"-","-","ALAMEDA","OAKLAND",-122.19964,37.74445
"6106257",2013,2014-02-12,"9370",2013-04-03,"1700","19558",,3,2,7,"0109",0,1,"1",,2,"098","RT 980","W GRAND AV",18,"E","N","A","-","Y","ALA",4,980,"-","-",1.29,"H","-","W","Y",4,0,2,2,"A","-","07",21658,"A","N","B","C","A","A","H","-","A","D",1,,,,,"Y",,"A","01",0,0,2,0,0,0,0,0,0,"-","-","ALAMEDA","OAKLAND",-122.27189,37.81419
"6106374",2013,2014-11-19,"9370",2013-02-04,"1915","19812",,1,2,7,"0109",0,1,"1",,2,"054","RT 580","LAKESHORE AV",850,"E","N","A","-","Y","ALA",4,580,"-","-",43.32,"H","-","W","Y",4,0,1,2,"A","-","03",22350,,"N","C","C","A","A","H","-","D","D",1,,,,,"Y",,"A","01",0,0,1,0,0,0,0,0,0,"-","-","ALAMEDA","OAKLAND",-122.242,37.80856
"6106375",2013,2014-02-08,"0109",2013-03-04,"1930","8445","1",1,5,7,"0109",0,0,"0",,0,"21X","COOLIDGE AV","HAROLD ST",10,"N","N","A","-","N",,,,,,,,,,"N",4,0,1,2,"A","-","03",22350,,"N","C","C","A","A","H","-","C","D",0,,,,,"Y",,"A","01",0,0,1,0,0,0,0,0,0,"-","-","ALAMEDA","OAKLAND",-122.21094,37.79638
"6106395",2013,2014-02-08,"0109",2013-03-04,"2230","8289","2",1,5,7,"0109",0,0,"0",,0,"27X","HIGH ST","YGNACIO AV",0,,"Y","A","-","N",,,,,,,,,,"Y",4,0,1,4,"A","-","12",21453,"A","N","D","C","A","A","H","-","C","A",0,,,,,"Y",,"A","01",0,0,1,0,0,0,0,0,0,"-","-","ALAMEDA","OAKLAND",-122.21082,37.77556
"6107362",2013,2014-02-26,"0109",2013-05-16,"0345","7993","2",4,5,7,"0109",0,0,"0",,0,"30X","INTERNATIONAL BL","HAVENSCOURT BL",0,,"Y","B","-","Y","ALA",4,185,"-","-",9.06,"I","5","N","Y",3,0,2,2,"A","-","09",21801,"A","N","D","C","A","A","H","-","C","A",0,,,"Y",,"Y",,"A","01",0,1,1,0,0,0,0,0,1,"-","-","ALAMEDA","OAKLAND",-122.19286,37.76194
"6107932",2013,2014-12-11,"9370",2013-06-10,"1640","15258",,1,2,7,"0109",0,1,"1",,2,"177","RT 880","5TH ST",850,"N","N","A","-","Y","ALA",4,880,"-","R",30.28,"H","-","N","N",4,0,1,3,"A","-","03",22350,,"N","C","C","A","A","H","-","A","D",1,,,,,"Y",,"A","01",0,0,1,0,0,0,0,0,0,"-","-","ALAMEDA","OAKLAND",-122.25277,37.78903
"6107936",2013,2014-03-03,"9370",2013-06-12,"1730","15258",,3,2,7,"0109",0,1,"1",,2,"055","RT 580","WEST ST",100,"W","N","A","-","Y","ALA",4,580,"-","-",45.44,"H","-","E","N",4,0,2,2,"A","-","03",22350,,"N","C","C","A","A","H","-","A","D",1,,,,,"Y",,"A","01",0,0,2,0,0,0,0,0,0,"-","-","ALAMEDA","OAKLAND",-122.27501,37.82572
"6107940",2013,2014-03-03,"9370",2013-06-14,"1440","20258",,5,2,7,"0109",0,1,"3",,2,"024","RT 24","TUNNEL RD",1383,"E","N","A","-","Y","ALA",4,24,"-","R",6.15,"H","-","W","Y",4,0,1,4,"A","-","03",22350,,"N","C","C","A","A","H","-","A","D",0,,,,,"Y",,"A","01",0,0,1,0,0,0,0,0,0,"-","-","ALAMEDA","OAKLAND",-122.21466,37.85684
"6107944",2013,2014-12-23,"9370",2013-06-08,"1343","19742",,6,1,7,"0109",0,1,"1",,2,"177","RT 880","JACKSON ST",100,"N","N","A","-","Y","ALA",4,880,"-","-",16.957,"R","3","N","N",4,0,1,2,"A","-","07",21658,"A","N","B","C","A","A","H","-","A","D",0,,,,,"Y",,"A","01",0,0,1,0,0,0,0,0,0,"FR","-","ALAMEDA","OAKLAND",-122.09727,37.64992
"6107962",2013,2015-01-22,"9370",2013-05-16,"1655","18182",,4,2,7,"0109",0,1,"1",,2,"053","RT 580","35TH AV",40,"W","N","A","-","Y","ALA",4,580,"-","R",40.66,"H","-","E","N",4,0,3,3,"A","-","03",22350,,"N","C","C","A","A","H","-","A","D",1,,,,,"Y",,"A","01",0,0,3,0,0,0,0,0,0,"-","-","ALAMEDA","OAKLAND",-122.20455,37.79324
"6107966",2013,2015-01-22,"9370",2013-05-07,"1929","20525",,2,2,7,"0109",0,1,"1",,2,"053","RT 580","COOLIDGE AV",155,"W","N","A","-","Y","ALA",4,580,"-","R",41.2,"H","-","W","Y",3,0,2,3,"A","-","07",21658,"A","N","B","C","A","A","H","-","A","D",1,,,,,"Y",,"A","01",0,1,1,0,0,0,0,0,0,"-","-","ALAMEDA","OAKLAND",-122.2106,37.79667
"6109204",2013,2014-02-19,"0109",2013-04-30,"2313","9092","2",2,5,7,"0109",0,0,"0",,0,"23X","FRUITVALE AV","E 12TH ST",0,,"Y","A","-","N",,,,,,,,,,"N",4,0,2,2,"A","-","03",22350,,"N","C","C","A","A","H","-","C","A",0,,,,,"Y",,"A","01",0,0,2,0,0,0,0,0,0,"-","-","ALAMEDA","OAKLAND",-122.22657,37.77625
"6109243",2013,2014-02-18,"0109",2013-04-24,"1803","9048","2",3,5,7,"0109",0,0,"0",,0,"35X","BANCROFT AV","88TH AV",0,,"Y","A","-","N",,,,,,,,,,"N",4,0,2,2,"A","-","03",22349,,"M","D","C","A","A","H","-","A","A",0,,,,,"Y",,"A","01",0,0,2,0,0,0,0,0,0,"-","-","ALAMEDA","OAKLAND",-122.16688,37.75498
"6109247",2013,2014-02-18,"0109",2013-04-20,"1330","8886","2",6,5,7,"0109",0,0,"0",,0,"30Y","INTERNATIONAL BL","69TH AV",10,"E","N","A","-","N",,,,,,,,,,"N",4,0,1,2,"A","-","03",22350,,"M","C","C","A","A","H","-","A","A",0,,,,,"Y",,"D","22",0,0,1,0,0,0,0,0,0,"-","-","ALAMEDA","OAKLAND",-122.19027,37.76069
"6109251",2013,2014-02-18,"0109",2013-04-23,"1737","8751","2",2,5,7,"0109",0,0,"0",,0,"32X","98TH AV","A ST",0,,"Y","A","-","N",,,,,,,,,,"N",4,0,1,2,"A","-","10",21950,"A","M","G","B","B","A","H","-","A","A",0,"Y",,,,"Y",,"A","01",0,0,1,0,1,0,0,0,0,"-","-","ALAMEDA","OAKLAND",-122.17294,37.7432
"6109255",2013,2014-02-18,"0109",2013-04-21,"2109","8660","1",7,5,7,"0109",0,0,"0",,0,"08X","40TH ST","TELEGRAPH AV",200,"W","N","A","-","N",,,,,,,,,,"N",3,0,1,2,"A","-","03",22350,,"M","H","G","A","A","H","-","C","A",0,,"Y",,,"Y",,"A","01",0,1,0,0,0,0,1,0,0,"-","-","ALAMEDA","OAKLAND",-122.26519,37.82918
"6109259",2013,2014-02-18,"0109",2013-04-08,"1120","8113","1",1,5,7,"0109",0,0,"0",,0,"11X","51ST ST","RT 24",0,,"Y","A","-","Y","ALA",4,24,"-","-",44.472,"R","1","E","N",3,0,1,2,"A","-","12",22450,"A","N","G","B","B","A","H","-","A","A",0,"Y",,,,"Y",,"A","01",0,1,0,0,1,0,0,0,0,"-","TO","ALAMEDA","OAKLAND",,
"6109263",2013,2014-02-18,"0109",2013-04-05,"1500","8585","2",5,5,7,"0109",0,0,"0",,0,"35X","DOWLING ST","84TH AV",0,,"Y","A","-","N",,,,,,,,,,"Y",4,0,1,2,"A","-","05",21752,"D","N","D","C","A","A","H","-","A","A",0,,,,,"Y",,"A","07",0,0,1,0,0,0,0,0,0,"-","-","ALAMEDA","OAKLAND",-122.16753,37.75925
"6109267",2013,2014-02-18,"0109",2013-04-22,"1219","7910","1",1,5,7,"0109",0,0,"0",,0,"08X","WEST MACARTHUR BL","WEBSTER ST",0,,"Y","A","-","N",,,,,,,,,,"N",3,0,2,2,"A","-","09",21801,"A","N","D","C","A","A","H","-","A","A",0,,,,,"Y",,"A","01",0,2,0,0,0,0,0,0,0,"-","-","ALAMEDA","OAKLAND",-122.26166,37.82515
"6109271",2013,2014-02-18,"0109",2013-04-21,"0752","9070","1",7,5,7,"0109",0,0,"0",,0,"10X","MARTIN LUTHER KING JR WY","55TH ST",0,,"Y","A","-","N",,,,,,,,,,"N",4,0,1,2,"A","-","11",21456,"B","N","G","B","B","A","H","-","A","A",0,"Y",,,,"Y",,"N","60",0,0,1,0,1,0,0,0,0,"-","-","ALAMEDA","OAKLAND",-122.26984,37.83978
"6109275",2013,2014-02-18,"0109",2013-04-30,"1358","8480","2",2,5,7,"0109",0,0,"0",,0,"28X","HIGH ST","FLEMING AV",0,,"Y","A","-","N",,,,,,,,,,"N",4,0,1,2,"A","-","21",22106,,"N","B","C","A","A","H","-","A","A",0,,,,,"Y",,"A","01",0,0,1,0,0,0,0,0,0,"-","-","ALAMEDA","OAKLAND",-122.20179,37.78375
"6109279",2013,2014-02-19,"0109",2013-04-30,"0800","9048","1",2,5,7,"0109",0,0,"0",,0,"20X","29TH AV","GLASCOCK ST",0,,"Y","A","-","N",,,,,,,,,,"N",4,0,1,2,"A","-","08",22107,,"N","C","G","A","A","H","-","A","A",0,,"Y",,,"Y",,"A","01",0,0,1,0,0,0,1,0,0,"-","-","ALAMEDA","OAKLAND",-122.23539,37.7728
"6109308",2013,2014-02-28,"0109",2013-05-31,"2308","9021","2",5,5,7,"0109",0,0,"0",,0,"27X","FOOTHILL BL","COLE ST",25,"E","N","A","-","N",,,,,,,,,,"N",4,0,1,2,"A","-","09",21801,"A","N","D","C","A","A","H","-","C","D",0,,,"Y",,"Y",,"A","01",0,0,1,0,0,0,0,0,1,"-","-","ALAMEDA","OAKLAND",-122.1985,37.77264
"6109312",2013,2014-02-28,"0109",2013-05-28,"1455","8410","1",2,5,7,"0109",0,0,"0",,0,"05Y","WEST MACARTHUR BL","MARKET",0,,"Y","A","-","N",,,,,,,,,,"N",4,0,1,2,"A","-","08",22100,"B","N","D","C","A","A","H","-","A","A",0,,,,,"Y",,"A","01",0,0,1,0,0,0,0,0,0,"-","-","ALAMEDA","OAKLAND",-122.27462,37.82793
"6109316",2013,2014-02-28,"0109",2013-05-25,"1328","9048","1",6,5,7,"0109",0,0,"0",,0,"05X","14TH ST","FILBERT ST",0,,"Y","A","-","N",,,,,,,,,,"N",3,0,1,2,"B","-","22",,,"N","H","G","A","A","H","-","A","A",0,,"Y",,,"Y","Y","L","04",0,1,0,0,0,0,1,0,0,"-","-","ALAMEDA","OAKLAND",-122.28301,37.80879
"6109320",2013,2015-01-07,"0109",2013-05-24,"2158","8222","2",5,5,7,"0109",0,0,"0",,0,"27Y","BOND ST","45TH AV",0,,"Y","A","-","N",,,,,,,,,,"N",4,0,1,2,"A","-","09",21802,"A","N","A","C","A","A","H","-","C","A",0,,,,,"Y",,"A","01",0,0,1,0,0,0,0,0,0,"-","-","ALAMEDA","OAKLAND",-122.21141,37.77352
"6109324",2013,2014-02-28,"0109",2013-05-23,"0800","8887","1",4,5,7,"0109",0,0,"0",,0,"13Y","TUNNEL RD","HILLER DR",300,"E","N","A","-","N",,,,,,,,,,"Y",3,0,1,2,"A","-","08",22107,,"N","B","C","A","A","H","-","A","D",0,,,,,"Y",,"A","01",0,1,0,0,0,0,0,0,0,"-","-","ALAMEDA","OAKLAND",-122.22564,37.8502
"6109328",2013,2014-02-28,"0109",2013-05-26,"1725","8776","1",7,5,7,"0109",0,0,"0",,0,"08X","TELEGRAPH AV","39TH ST",160,"N","N","A","-","N",,,,,,,,,,"N",4,0,1,2,"A","-","03",22350,,"N","C","C","A","A","H","-","A","D",0,,,"Y",,"Y","Y","C","02",0,0,1,0,0,0,0,0,1,"-","-","ALAMEDA","OAKLAND",-122.2646,37.82875
"6109340",2013,2014-02-28,"0109",2013-05-11,"1150","8920","2",6,5,7,"0109",0,0,"0",,0,"27X","FOOTHILL BL","48TH AV",100,"W","N","A","-","N",,,,,,,,,,"Y",4,0,1,2,"A","-","03",22350,,"M","C","C","A","A","H","-","C","A",0,,,,,"Y",,"A","07",0,0,1,0,0,0,0,0,0,"-","-","ALAMEDA","OAKLAND",-122.20802,37.77288
"6109344",2013,2014-02-28,"0109",2013-05-10,"0300","9034","1",5,5,7,"0109",0,0,"0",,0,"22Y","WISCONSIN ST","35TH AV",0,,"Y","A","-","N",,,,,,,,,,"N",4,0,1,3,"A","-","08",22107,,"M","A","E","A","A","H","-","C","D",0,,,,,"Y","Y","A","01",0,0,1,0,0,0,0,0,0,"-","-","ALAMEDA","OAKLAND",-122.19559,37.79684