"CASE_ID","ACCIDENT_YEAR","PROC_DATE","JURIS","COLLISION_DATE","COLLISION_TIME","OFFICER_ID","REPORTING_DISTRICT","DAY_OF_WEEK","CHP_SHIFT","POPULATION","CNTY_CITY_LOC","SPECIAL_COND","BEAT_TYPE","CHP_BEAT_TYPE","CITY_DIVISION_LAPD","CHP_BEAT_CLASS","BEAT_NUMBER","PRIMARY_RD","SECONDARY_RD","DISTANCE","DIRECTION","INTERSECTION","WEATHER_1","WEATHER_2","STATE_HWY_IND","CALTRANS_COUNTY","CALTRANS_DISTRICT","STATE_ROUTE","ROUTE_SUFFIX","POSTMILE_PREFIX","POSTMILE","LOCATION_TYPE","RAMP_INTERSECTION","SIDE_OF_HWY","TOW_AWAY","COLLISION_SEVERITY","NUMBER_KILLED","NUMBER_INJURED","PARTY_COUNT","PRIMARY_COLL_FACTOR","PCF_CODE_OF_VIOL","PCF_VIOL_CATEGORY","PCF_VIOLATION","PCF_VIOL_SUBSECTION","HIT_AND_RUN","TYPE_OF_COLLISION","MVIW","PED_ACTION","ROAD_SURFACE","ROAD_COND_1","ROAD_COND_2","LIGHTING","CONTROL_DEVICE","CHP_ROAD_TYPE","PEDESTRIAN_ACCIDENT","BICYCLE_ACCIDENT","MOTORCYCLE_ACCIDENT","TRUCK_ACCIDENT","NOT_PRIVATE_PROPERTY","ALCOHOL_INVOLVED","STWD_VEHTYPE_AT_FAULT","CHP_VEHTYPE_AT_FAULT","COUNT_SEVERE_INJ","COUNT_VISIBLE_INJ","COUNT_COMPLAINT_PAIN","COUNT_PED_KILLED","COUNT_PED_INJURED","COUNT_BICYCLIST_KILLED","COUNT_BICYCLIST_INJURED","COUNT_MC_KILLED","COUNT_MC_INJURED","PRIMARY_RAMP","SECONDARY_RAMP","COUNTY","CITY","POINT_X","POINT_Y"
"6265732",2013,2014-04-03,"0109",2013-08-16,"2220","8402","1",5,5,7,"0109",0,0,"0",,0,"15X","LAKESHORE AV","BODEN WAY",120,"S","N","A","-","N",,,,,,,,,,"N",3,0,1,2,"A","-","08",22107,,"N","C","E","A","A","H","-","C","D",0,,,"Y",,"Y","Y","C","03",0,1,0,0,0,0,0,0,1,"-","-","ALAMEDA","OAKLAND",-122.24969,37.80724
"6265736",2013,2014-03-27,"0109",2013-08-05,"1352","8316","1",1,5,7,"0109",0,0,"0",,0,"01X","MARTIN LUTHER KING JR WY","5TH ST",0,,"Y","A","-","N",,,,,,,,,,"N",4,0,1,2,"A","-","12",21453,"A","N","D","C","A","A","H","-","A","A",0,,,,,"Y",,"A","07",0,0,1,0,0,0,0,0,0,"-","-","ALAMEDA","OAKLAND",-122.27983,37.79999
"6265804",2013,2014-04-22,"0109",2013-10-30,"1530","9170","2",3,5,7,"0109",0,0,"0",,0,"31Y","98TH AV","RT 880",10,"S","N","A","-","Y","ALA",4,880,"-","-",24.899,"R","4","N","Y",4,0,2,2,"A","-","08",22107,,"F","D","C","A","A","H","-","A","A",0,,,,,"Y",,"A","08",0,0,2,0,0,0,0,0,0,"-","NO","ALAMEDA","OAKLAND",-122.19138,37.73508
"6265805",2013,2014-04-22,"0109",2013-10-30,"1530","8397","1",3,5,7,"0109",0,0,"0",,0,"10X","STANFORD AV","LOWELL ST",0,,"Y","A","-","N",,,,,,,,,,"N",4,0,1,2,"A","-","12",22450,"A","M","D","G","A","A","H","-","A","A",0,,"Y",,,"Y",,"A","08",0,0,1,0,0,0,1,0,0,"-","-","ALAMEDA","OAKLAND",-122.27709,37.84334
"6265825",2013,2014-04-22,"9335",2013-10-29,"0700","13378",,2,1,7,"0109",0,1,"1",,1,"082","RT 80","SFOBB TP",10,"W","N","A","-","Y","ALA",4,80,"-","-",1.99,"H","-","W","N",4,0,1,2,"A","-","03",22350,,"N","C","C","A","A","H","-","A","D",4,,,,,"Y",,"A","01",0,0,1,0,0,0,0,0,0,"-","-","ALAMEDA","OAKLAND",-122.32085,37.82296
"6266161",2013,2014-05-22,"0109",2013-09-24,"2034","00001",,2,5,7,"0109",0,0,"0",,0,,"20TH AV","FOOTHILL BL",0,,"Y","A","-","Y",,,,,,,,,,"Y",3,0,2,3,"A","-","12",22450,"A","N","D","C","A","A","H","-","C","A",0,,,,,"Y",,"A","01",0,1,1,0,0,0,0,0,0,"-","-","ALAMEDA","OAKLAND",-122.23844,37.78752
"6266162",2013,2014-04-28,"9370",2013-10-10,"1715","20630",,4,2,7,"0109",0,1,"1",,2,"008","RT 80","WEST GRAND AV",3500,"E","N","A","-","Y","SOL",4,80,"-","-",3.13,"H","-","E","Y",3,0,1,5,"A","-","03",22350,,"N","C","C","A","A","H","-","A","D",6,,,,"Y","Y",,"A","07",0,1,0,0,0,0,0,0,0,"-","-","ALAMEDA","OAKLAND",-122.29465,37.82783
"6266163",2013,2014-04-28,"9370",2013-10-22,"0548","20525",,2,3,7,"0109",0,1,"1",,2,"177","RT 880","JACKSON ST",410,"N","N","A","-","Y","ALA",4,880,"-","-",16.62,"H","-","N","Y",4,0,1,2,"A","-","07",21658,"A","N","B","C","A","A","H","-","C","A",0,,,,"Y","Y",,"F","27",0,0,1,0,0,0,0,0,0,"-","-","ALAMEDA","OAKLAND",-122.09194,37.64231
"6266541",2013,2014-04-30,"0109",2013-10-08,"1926","8610","2",2,5,7,"0109",0,0,"0",,0,"26X","INTERNATIONAL BL","HIGH ST",0,,"Y","A","-","N",,,,,,,,,,"Y",4,0,4,2,"A","-","09",21801,"A","N","D","C","A","A","H","-","C","A",0,,,,,"Y",,"A","01",0,0,4,0,0,0,0,0,0,"-","-","ALAMEDA","OAKLAND",-122.21487,37.77234
"6266545",2013,2014-06-13,"0109",2013-10-01,"0840","7725","1",2,5,7,"0109",0,0,"0",,0,"06X","WEST ST","31ST ST",0,,"Y","A","-","N",,,,,,,,,,"N",4,0,3,2,"A","-","09",21802,"A","N","D","-","A","A","H","-","A","A",0,,,,,"Y",,"A","01",0,0,3,0,0,0,0,0,0,"-","-","ALAMEDA","OAKLAND",-122.27335,37.82097
"6266549",2013,2014-04-29,"0109",2013-10-02,"1655","8366","1",3,5,7,"0109",0,0,"0",,0,"08X","BROADWAY","30TH ST",0,,"Y","A","-","N",,,,,,,,,,"N",4,0,1,2,"A","-","10",21950,"A","N","G","B","B","A","H","-","A","A",0,"Y",,,,"Y",,"A","01",0,0,1,0,1,0,0,0,0,"-","-","ALAMEDA","OAKLAND",-122.26237,37.81859
"6266553",2013,2014-04-29,"0109",2013-10-07,"1303","8411","2",1,5,7,"0109",0,0,"0",,0,"32X","INTERNATIONAL BL","105TH AV",20,"E","N","A","-","N",,,,,,,,,,"N",4,0,2,3,"A","-","08",22107,,"M","D","C","A","A","H","-","A","A",0,,,,,"Y",,"A","01",0,0,2,0,0,0,0,0,0,"-","-","ALAMEDA","OAKLAND",-122.16676,37.73918
"6266557",2013,2014-04-29,"0109",2013-10-24,"1611","9150","2",4,5,7,"0109",0,0,"0",,0,"35X","BANCROFT AV","94TH AV",0,,"Y","A","-","N",,,,,,,,,,"Y",3,0,3,2,"A","-","09",21802,"A","N","D","C","A","A","H","-","A","A",0,,,,,"Y",,"A","01",0,1,2,0,0,0,0,0,0,"-","-","ALAMEDA","OAKLAND",-122.16406,37.75118
"6266848",2013,2014-10-30,"0109",2013-09-09,"1458","8610","2",1,5,7,"0109",0,0,"0",,0,"28X","MACARTHUR BL","PIERSON ST",6,"W","N","A","-","N",,,,,,,,,,"N",4,0,1,1,"A","-","03",22350,,"N","E","J","A","A","H","-","A","D",0,,,,,"Y",,"A","01",0,0,1,0,0,0,0,0,0,"-","-","ALAMEDA","OAKLAND",-122.1881,37.78319
"6267060",2013,2014-04-15,"0109",2013-09-21,"1130","8609","2",6,5,7,"0109",0,0,"0",,0,"26X","INTERNATIONAL BL","45TH AV",15,"E","N","C","-","N",,,,,,,,,,"N",2,0,4,2,"A","-","05",21460,"A","N","D","C","A","B","H","-","A","D",0,,,,,"Y",,"A","07",2,0,2,0,0,0,0,0,0,"-","-","ALAMEDA","OAKLAND",-122.21291,37.77141
"6267064",2013,2014-04-15,"0109",2013-09-09,"0930","8235","1",1,5,7,"0109",0,0,"0",,0,"03X","13TH ST","HARRISON ST",0,,"Y","A","-","N",,,,,,,,,,"Y",4,0,1,3,"A","-","12",21453,"A","N","D","C","A","A","H","-","A","A",0,,,,,"Y",,"A","01",0,0,1,0,0,0,0,0,0,"-","-","ALAMEDA","OAKLAND",-122.26809,37.80225
"6267068",2013,2014-04-15,"0109",2013-09-09,"1306","8792","2",1,5,7,"0109",0,0,"0",,0,,"HEGENBERGER RD","EDGEWATER RD",0,,"Y","A","-","N",,,,,,,,,,"N",4,0,1,2,"A","-","03",22350,,"N","E","I","A","B","G","-","A","A",0,,,,,"Y",,"A","01",0,0,1,0,0,0,0,0,0,"-","-","ALAMEDA","OAKLAND",-122.19698,37.73688
"6267100",2013,2014-04-16,"0109",2013-09-17,"0903","8339","1",2,5,7,"0109",0,0,"0",,0,"04X","BRUSH ST","18TH ST",0,,"Y","A","-","Y","ALA",4,980,"-","-",1.029,"R","4","W","N",4,0,1,2,"A","-","09",21800,"D","N","D","C","A","A","H","-","A","B",0,,,,,"Y",,"A","07",0,0,1,0,0,0,0,0,0,"-","-","ALAMEDA","OAKLAND",-122.27395,37.8122
"6267104",2013,2014-04-16,"0109",2013-09-17,"1325","8339","1",2,5,7,"0109",0,0,"0",,0,"03X","HARRISON ST","12TH ST",35,"S","N","A","-","N",,,,,,,,,,"N",4,0,1,2,"A","-","03",22350,,"N","C","C","A","A","H","-","A","A",0,,,,,"Y",,"A","01",0,0,1,0,0,0,0,0,0,"-","-","ALAMEDA","OAKLAND",-122.26861,37.80149
"6268164",2013,2014-05-02,"9370",2013-10-10,"2045","20155",,4,2,7,"0109",0,1,"1",,2,"176","RT 880","66TH AV",125,"S","N","A","-","Y","ALA",4,880,"-","-",26.582,"R","2","S","Y",4,0,1,2,"A","-","08",22107,,"N","B","C","A","A","H","-","C","D",1,,,,,"Y",,"A","07",0,0,1,0,0,0,0,0,0,"-","-","ALAMEDA","OAKLAND",-122.20816,37.75384
"6268178",2013,2014-05-01,"9370",2013-11-01,"0711","19985",,5,1,7,"0109",0,1,"1",,2,"176","RT 880","29TH AV",650,"N","N","A","-","Y","ALA",4,880,"-","-",28.81,"H","-","S","Y",4,0,1,2,"A","-","07",21658,"A","N","E","C","A","A","H","-","A","D",1,,,"Y","Y","Y",,"F","25",0,0,1,0,0,0,0,0,1,"-","-","ALAMEDA","OAKLAND",-122.23522,37.7758
"6268199",2013,2014-04-15,"9370",2013-09-28,"2044","019059",,6,2,7,"0109",0,1,"1",,2,"008","RT 80","SFOBB ADMIN BLDG",300,"E","N","A","-","Y","ALA",4,80,"-","-",2.06,"H","-","W","Y",4,0,1,5,"A","-","03",22350,,"N","C","C","A","A","H","-","C","D",6,,,,,"Y",,"D","22",0,0,1,0,0,0,0,0,0,"-","-","ALAMEDA","OAKLAND",-122.31993,37.82332
"6268215",2013,2014-05-13,"9370",2013-10-02,"1310","14859",,3,1,7,"0109",0,1,"1",,2,"098","RT 980","27TH",30,"E","N","A","-","Y","ALA",4,980,"-","-",1.647,"R","1","W","Y",4,0,1,2,"A","-","03",22350,,"N","C","C","A","A","H","-","A","D",1,,,,,"Y",,"A","01",0,0,1,0,0,0,0,0,0,"TO","-","ALAMEDA","OAKLAND",-122.27041,37.81774
"6268219",2013,2014-05-01,"9370",2013-10-21,"0630","19469",,1,1,7,"0109",0,1,"1",,2,"055","RT 580","MARKET ST",575,"W","N","B","-","Y","ALA",4,580,"-","-",45.69,"H","-","W","Y",4,0,1,2,"A","-","07",21658,"A","N","C","C","A","A","H","-","B","D",1,,,,,"Y",,"D","22",0,0,1,0,0,0,0,0,0,"-","-","ALAMEDA","OAKLAND",-122.27976,37.82709
"6268340",2013,2014-04-28,"0109",2013-10-03,"1548","8366","1",4,5,7,"0109",0,0,"0",,0,"08X","40TH ST","TELEGRAPH AV",2,"W","N","A","-","N",,,,,,,,,,"N",4,0,2,3,"A","-","12",21453,"A","M","C","-","A","A","H","-","A","A",0,,,,,"Y",,"A","01",0,0,2,0,0,0,0,0,0,"-","-","ALAMEDA","OAKLAND",-122.26452,37.82908
"6268348",2013,2014-05-17,"0109",2013-10-04,"0813","8695","1",5,5,7,"0109",0,0,"0",,0,"16Y","MACARTHUR BL","WOODRUFF AV",0,,"Y","A","-","N",,,,,,,,,,"N",4,0,2,2,"A","-","03",22350,,"N","C","C","A","A","H","-","A","D",0,,,,,"Y",,"D","22",0,0,2,0,0,0,0,0,0,"-","-","ALAMEDA","OAKLAND",-122.22287,37.80042
"6268954",2013,2014-04-29,"9335",2013-10-11,"0725","017672",,5,1,7,"0109",0,1,"1",,1,"082","RT 80","METERING LIGHTS",120,"W","N","B","-","Y","ALA",4,80,"-","-",1.88,"H","-","W","N",4,0,1,3,"A","-","07",21658,"A","N","B","C","A","A","H","-","A","D",4,,,"Y",,"Y",,"A","01",0,0,1,0,0,0,0,0,1,"-","-","ALAMEDA","OAKLAND",-122.32241,37.8226
"6269894",2013,2014-04-29,"9335",2013-11-03,"1010","019521",,7,1,7,"0109",0,1,"1",,1,"082","RT 80","SFOBB METERING LIGHTS",2890,"W","N","A","-","Y","SOL",4,80,"-","-",1.37,"H","-","W","N",2,0,1,3,"A","-","11",21954,"A","N","G","B","E","A","H","-","A","D",4,"Y",,,,"Y",,"N","60",1,0,0,0,1,0,0,0,0,"-","-","ALAMEDA","OAKLAND",-122.32976,37.82137
"6270003",2013,2014-03-29,"0109",2013-08-24,"1705","9054","1",6,5,7,"0109",0,0,"0",,0,"13Y","GRIZZLY PEAK BL","CENTENNIAL DR",4224,"E","N","A","-","N",,,,,,,,,,"N",4,0,2,3,"A","-","05",21460,"A","N","H","G","A","A","H","-","A","D",0,,"Y","Y",,"Y",,"C","02",0,0,2,0,0,0,1,0,1,"-","-","ALAMEDA","OAKLAND",,
"6270007",2013,2014-03-29,"0109",2013-08-20,"1747","8284","1",2,5,7,"0109",0,0,"0",,0,"07X","MANDELA PKWY","HORTON ST",0,,"Y","A","-","N",,,,,,,,,,"N",3,0,1,2,"A","-","09",21800,"A","N","H","G","A","A","H","-","A","A",0,,"Y",,,"Y",,"A","01",0,1,0,0,0,0,1,0,0,"-","-","ALAMEDA","OAKLAND",,
"6270011",2013,2014-03-29,"0109",2013-08-28,"1240","9139","1",3,5,7,"0109",0,0,"0",,0,"08X","SHAFTER AV","40TH ST",0,,"Y","A","-","N",,,,,,,,,,"Y",4,0,2,4,"A","-","12",21453,"A","N","D","C","A","A","H","-","A","A",0,,,,,"Y",,"A","01",0,0,2,0,0,0,0,0,0,"-","-","ALAMEDA","OAKLAND",-122.25984,37.82834
"6270047",2013,2014-03-26,"0109",2013-08-17,"2346","9110","1",6,5,7,"0109",0,0,"0",,0,"12X","TELEGRAPH AV","56TH ST",0,,"Y","A","-","N",,,,,,,,,,"N",2,0,1,2,"A","-","09",21801,"A","N","H","G","A","A","H","-","B","A",0,,"Y",,,"Y",,"L","04",1,0,0,0,0,0,1,0,0,"-","-","ALAMEDA","OAKLAND",-122.26182,37.84094
"6270051",2013,2014-03-26,"0109",2013-08-14,"1815","8343","1",3,5,7,"0109",0,0,"0",,0,"12Y","TELEGRAPH AV","41ST ST",60,"S","N","A","-","N",,,,,,,,,,"N",4,0,1,2,"A","-","17",22517,,"N","H","G","A","A","H","-","A","D",0,,"Y",,,"Y",,"A","01",0,0,1,0,0,0,1,0,0,"-","-","ALAMEDA","OAKLAND",-122.26432,37.82978
"6270120",2013,2014-02-12,"0109",2013-04-24,"2340","8100","1",3,5,7,"0109",0,0,"0",,0,"03Y","14TH ST","JACKSON ST",0,,"Y","A","-","N",,,,,,,,,,"N",3,0,1,2,"A","-","09",21802,"A","M","H","G","A","A","H","-","C","A",0,,"Y",,,"Y",,"A","01",0,1,0,0,0,0,1,0,0,"-","-","ALAMEDA","OAKLAND",-122.26529,37.80201
"6270807",2013,2014-03-24,"0109",2013-10-01,"1348","9128","1",2,5,7,"0109",0,0,"0",,0,"05X","W GRAND AV","POPLAR ST",0,,"Y","A","-","N",,,,,,,,,,"N",4,0,1,2,"A","-","09",21801,"A","M","D","C","A","A","H","-","A","A",0,,,,"Y","Y","Y","F","26",0,0,1,0,0,0,0,0,0,"-","-","ALAMEDA","OAKLAND",-122.28718,37.8162
"6270842",2013,2014-05-20,"0109",2013-09-11,"1244","7871","2",3,5,7,"0109",0,0,"0",,0,"17X","BANCROFT AV","HIGH ST",0,,"Y","A","-","N",,,,,,,,,,"N",4,0,1,2,"A","-","12",21453,"A","N","D","C","A","A","H","-","A","A",0,,,,"Y","Y",,"-","-",0,0,1,0,0,0,0,0,0,"-","-","ALAMEDA","OAKLAND",-122.21356,37.77338
"6270859",2013,2014-05-08,"9335",2013-11-15,"1805","013738",,5,2,7,"0109",0,1,"1",,1,"082","RT 80","TOLL PLAZA",5280,"W","N","A","-","Y","ALA",4,80,"-","R",0.06,"H","-","W","Y",4,0,1,3,"A","-","03",22350,,"N","C","C","A","A","H","-","C","D",4,,,,,"Y",,"D","22",0,0,1,0,0,0,0,0,0,"-","-","ALAMEDA","OAKLAND",,
"6271375",2013,2014-04-15,"0109",2013-09-06,"1800","8424","1",5,5,7,"0109",0,0,"0",,0,"02X","HENRY ST","7TH ST",150,"S","N","A","-","N",,,,,,,,,,"N",3,0,1,2,"A","-","08",22107,,"N","D","E","A","A","H","-","A","D",0,,,"Y",,"Y",,"C","02",0,1,0,0,0,0,0,0,1,"-","-","ALAMEDA","OAKLAND",-122.29724,37.80541
"6272886",2013,2014-05-08,"9335",2013-11-26,"2326","019542",,2,3,7,"0109",0,1,"1",,2,"084","RT 80","SAN FRANCISCO COUNTY",1000,"E","N","A","-","Y","SOL",4,80,"-","-",0.19,"H","-","E","N",4,0,1,2,"A","-","03",22350,,"N","B","C","A","A","H","-","C","D",4,,,"Y",,"Y",,"C","02",0,0,1,0,0,0,0,0,1,"-","-","ALAMEDA","OAKLAND",-122.346,37.8183
"6274803",2013,2014-05-08,"9370",2013-11-04,"0725","018579",,1,1,7,"0109",0,1,"3",,2,"013","RT 13","REDWOOD RD",1848,"N","N","B","-","Y","ALA",4,13,"-","-",5.74,"H","-","N","Y",4,0,1,2,"A","-","07",21658,"A","N","B","C","A","A","H","-","A","D",1,,,,,"Y",,"D","22",0,0,1,0,0,0,0,0,0,"-","-","ALAMEDA","OAKLAND",-122.18947,37.80255
"6274807",2013,2014-05-08,"9370",2013-11-04,"1610","018954",,1,2,7,"0109",0,1,"1",,2,"008","RT 80","W GRAND AV",390,"E","N","A","-","Y","ALA",4,80,"-","-",2.54,"H","-","E","Y",4,0,2,2,"A","-","07",21658,"A","N","B","C","A","A","H","-","A","D",6,,,,,"Y",,"A","01",0,0,2,0,0,0,0,0,0,"-","-","ALAMEDA","OAKLAND",-122.30463,37.82514
"6274812",2013,2014-12-08,"9370",2013-11-19,"1840","20206",,2,2,7,"0109",0,1,"1",,2,"176","100TH AV","66TH AV",10,"N","N","C","-","Y","ALA",4,880,"-","-",26.582,"R","1","S","N",4,0,1,3,"A","-","03",22350,,"M","C","C","A","B","H","-","C","D",1,,,,,"Y",,"-","99",0,0,1,0,0,0,0,0,0,"-","-","ALAMEDA","OAKLAND",-122.20816,37.75384
"6275688",2013,2014-05-09,"9370",2013-11-20,"0925","14859",,3,1,7,"0109",0,1,"1",,2,"055","RT 580","WEST ST",100,"W","N","C","-","Y","ALA",4,580,"-","-",45.581,"R","2","E","Y",4,0,1,2,"A","-","03",22350,,"N","C","C","A","B","H","-","A","D",1,,,,,"Y",,"A","01",0,0,1,0,0,0,0,0,0,"TO","-","ALAMEDA","OAKLAND",-122.27714,37.82625
"6275692",2013,2014-05-09,"9370",2013-11-23,"1519","20394",,6,2,7,"0109",0,1,"3",,2,"025","RT 24","51ST ST",1095,"W","N","A","-","Y","ALA",4,24,"-","R",2.49,"H","-","W","N",4,0,2,2,"A","-","04",21703,,"N","C","C","A","A","H","-","A","D",1,,,,,"Y",,"D","22",0,0,2,0,0,0,0,0,0,"-","-","ALAMEDA","OAKLAND",-122.2662,37.83471
"6275724",2013,2014-05-21,"9370",2013-11-09,"1857","19059",,6,2,7,"0109",0,1,"1",,2,"176","RT 880","98TH AV",100,"N","N","A","-","Y","ALA",4,880,"-","-",24.72,"H","-","S","Y",4,0,2,2,"A","-","03",22350,,"M","C","C","A","A","H","-","C","D",1,,,,,"Y",,"A","01",0,0,2,0,0,0,0,0,0,"-","-","ALAMEDA","OAKLAND",-122.18694,37.72967
"6275818",2013,2014-05-08,"9370",2013-11-18,"1830","020356",,1,2,7,"0109",0,1,"1",,2,"176","RT 880","HIGH ST",2110,"S","N","A","-","Y","ALA",4,880,"-","-",27.36,"H","-","N","Y",4,0,1,2,"A","-","03",22350,,"N","C","C","A","A","H","-","C","D",1,,,,,"Y",,"A","01",0,0,1,0,0,0,0,0,0,"-","-","ALAMEDA","OAKLAND",-122.21516,37.76214
"6276010",2013,2014-05-07,"9335",2013-11-27,"1740","013740",,3,2,7,"0109",0,1,"1",,2,"084","RT 80","SF/ALA CO LINE",6336,"E","N","A","-","Y","SOL",4,80,"-","-",1.2,"H","-","E","Y",4,0,1,4,"A","-","03",22350,,"N","C","C","A","A","H","-","C","D",4,,,,,"Y",,"A","01",0,0,1,0,0,0,0,0,0,"-","-","ALAMEDA","OAKLAND",-122.3283,37.82145
"6276169",2013,2014-04-26,"0109",2013-10-30,"1705","8339","1",3,5,7,"0109",0,0,"0",,0,"03Z","MOUNTAIN BL","SNAKE RD",350,"E","N","A","-","N",,,,,,,,,,"Y",4,0,1,4,"C","-","18",,,"N","B","C","A","A","H","-","A","D",0,,,,,"Y",,"-","-",0,0,1,0,0,0,0,0,0,"-","-","ALAMEDA","OAKLAND",-122.20841,37.82358
"6276181",2013,2014-04-16,"0109",2013-09-07,"0708","8096","1",6,5,7,"0109",0,0,"0",,0,"18X","19TH AV","E 21ST ST",150,"N","N","A","-","N",,,,,,,,,,"Y",3,0,1,2,"A","-","08",22107,,"N","B","E","A","A","H","-","A","D",0,,,,"Y","Y",,"A","01",0,1,0,0,0,0,0,0,0,"-","-","ALAMEDA","OAKLAND",-122.23598,37.79177
"6276221",2013,2014-04-01,"0109",2013-08-26,"0849","9129","1",1,5,7,"0109",0,0,"0",,0,"07X","26TH ST","ADELINE ST",0,,"Y","A","-","N",,,,,,,,,,"N",4,0,3,2,"A","-","09",21802,"A","N","D","C","A","A","H","-","A","D",0,,,,"Y","Y",,"F","26",0,0,3,0,0,0,0,0,0,"-","-","ALAMEDA","OAKLAND",-122.28287,37.8187
"6276229",2013,2014-05-08,"0109",2013-11-02,"2107","8610","2",6,5,7,"0109",0,0,"0",,0,"23X","38TH AV","INTERNATIONAL BL",730,"N","N","A","-","N",,,,,,,,,,"Y",4,0,1,2,"A","-","08",22107,,"N","B","E","A","A","H","-","C","D",0,,,,,"Y",,"A","01",0,0,1,0,0,0,0,0,0,"-","-","ALAMEDA","OAKLAND",-122.21869,37.77651
"6276237",2013,2014-05-16,"0109",2013-11-12,"0944","8339","1",2,5,7,"0109",0,0,"0",,0,"03X","BROADWAY","5TH ST",0,,"Y","B","-","N",,,,,,,,,,"Y",4,0,1,2,"A","-","12",21453,"A","N","A","C","A","A","H","-","A","A",0,,,,,"Y",,"-","-",0,0,1,0,0,0,0,0,0,"-","-","ALAMEDA","OAKLAND",-122.27517,37.79814
"6276323",2013,2014-06-05,"0109",2013-11-18,"1610","1057",,1,5,7,"0109",0,0,"0",,0,,"HEGENBERGER RD","RT 880",0,,"Y","A","-","Y","ALA",4,880,"-","-",25.678,"R","4","S",,3,0,1,2,"A","-","03",22350,,"N","C","C","A","A","H","-","A","A",0,,,,,"Y",,"I","09",0,1,0,0,0,0,0,0,0,"-","SF","ALAMEDA","OAKLAND",-122.19968,37.74415
"6276327",2013,2014-04-26,"0109",2013-10-13,"0600","8964","2",7,5,7,"0109",0,0,"0",,0,"30X","73RD AV","ARTHUR ST",0,,"Y","A","-","N",,,,,,,,,,"N",4,0,1,2,"A","-","07",21658,"A","M","B","C","A","A","H","-","C","A",0,,,,,"Y",,"D","22",0,0,1,0,0,0,0,0,0,"-","-","ALAMEDA","OAKLAND",-122.18044,37.76364
"6276343",2013,2014-05-14,"0109",2013-11-12,"1739","9176","2",2,5,7,"0109",0,0,"0",,0,"30X","BANCROFT AV","82ND AV",0,,"Y","A","-","N",,,,,,,,,,"Y",4,0,3,2,"A","-","12",21453,"A","N","D","C","A","A","H","-","C","A",0,,,,,"Y",,"A","07",0,0,3,0,0,0,0,0,0,"-","-","ALAMEDA","OAKLAND",-122.17058,37.75998
"6276644",2013,2014-05-08,"0109",2013-11-02,"1357","9095","1",6,5,7,"0109",0,0,"0",,0,"10X","SAN PABLO AV","66TH ST",0,,"Y","A","-","N",,,,,,,,,,"N",4,0,1,2,"A","-","03",22350,,"N","C","C","A","A","H","-","A","A",0,,,,,"Y",,"A","01",0,0,1,0,0,0,0,0,0,"-","-","ALAMEDA","OAKLAND",-122.28574,37.84905
"6276718",2013,2014-05-09,"0109",2013-11-12,"1240","8417","1",2,5,7,"0109",0,0,"0",,0,"18X","FOOTHILL BL","18TH AV",0,,"Y","B","-","N",,,,,,,,,,"Y",4,0,1,2,"A","-","09",21802,"A","N","D","C","A","A","H","-","A","A",0,,,,,"Y",,"A","07",0,0,1,0,0,0,0,0,0,"-","-","ALAMEDA","OAKLAND",-122.24052,37.78876
"6276721",2013,2014-04-22,"0109",2013-10-14,"1500","9136","1",1,5,7,"0109",0,0,"0",,0,"20X","20TH AV","E 19TH ST",4,"N","N","A","-","Y",,,,,,,,,,"N",3,0,1,2,"A","-","10",21954,"B","N","G","B","D","A","H","-","A","A",0,"Y",,,,"Y",,"A","01",0,1,0,0,1,0,0,0,0,"-","-","ALAMEDA","OAKLAND",-122.23685,37.78918
"6277096",2013,2014-04-16,"0109",2013-09-12,"1059","8900","2",4,5,7,"0109",0,0,"0",,0,"11X","SHATTUCK AV","ALCATRAZ AV",10,"N","N","A","-","N",,,,,,,,,,"N",4,0,2,3,"A","-","03",22350,,"N","C","C","A","A","D","-","A","A",0,,,,,"Y",,"D","22",0,0,2,0,0,0,0,0,0,"-","-","ALAMEDA","OAKLAND",-122.26578,37.8495
"6277100",2013,2014-04-16,"0109",2013-09-14,"1226","8316","1",6,5,7,"0109",0,0,"0",,0,"05X","BRUSH ST","18TH ST",0,,"Y","A","-","N",,,,,,,,,,"N",4,0,4,2,"A","-","12",21453,"A","N","D","C","A","A","H","-","A","A",0,,,,,"Y",,"D","22",0,0,4,0,0,0,0,0,0,"-","-","ALAMEDA","OAKLAND",-122.2767,37.80977
"6277814",2013,2014-04-16,"0109",2013-09-27,"1015","9129","1",5,5,7,"0109",0,0,"0",,0,"03X","8TH ST","MADISON ST",0,,"Y","A","-","N",,,,,,,,,,"Y",4,0,1,2,"A","-","12",21453,"A","N","D","C","A","A","H","-","A","A",0,,,,"Y","Y",,"-","-",0,0,1,0,0,0,0,0,0,"-","-","ALAMEDA","OAKLAND",-122.26668,37.7974
"6277818",2013,2014-04-16,"0109",2013-09-09,"1800","8480","1",1,5,7,"0109",0,0,"0",,0,"15X","WAYNE PL","3RD AV",0,,"Y","A","-","N",,,,,,,,,,"N",4,0,2,3,"A","-","11",21950,"B","N","G","B","B","A","H","-","A","A",0,"Y",,,,"Y",,"N","60",0,0,2,0,2,0,0,0,0,"-","-","ALAMEDA","OAKLAND",-122.25055,37.80015