"CASE_ID","ACCIDENT_YEAR","PROC_DATE","JURIS","COLLISION_DATE","COLLISION_TIME","OFFICER_ID","REPORTING_DISTRICT","DAY_OF_WEEK","CHP_SHIFT","POPULATION","CNTY_CITY_LOC","SPECIAL_COND","BEAT_TYPE","CHP_BEAT_TYPE","CITY_DIVISION_LAPD","CHP_BEAT_CLASS","BEAT_NUMBER","PRIMARY_RD","SECONDARY_RD","DISTANCE","DIRECTION","INTERSECTION","WEATHER_1","WEATHER_2","STATE_HWY_IND","CALTRANS_COUNTY","CALTRANS_DISTRICT","STATE_ROUTE","ROUTE_SUFFIX","POSTMILE_PREFIX","POSTMILE","LOCATION_TYPE","RAMP_INTERSECTION","SIDE_OF_HWY","TOW_AWAY","COLLISION_SEVERITY","NUMBER_KILLED","NUMBER_INJURED","PARTY_COUNT","PRIMARY_COLL_FACTOR","PCF_CODE_OF_VIOL","PCF_VIOL_CATEGORY","PCF_VIOLATION","PCF_VIOL_SUBSECTION","HIT_AND_RUN","TYPE_OF_COLLISION","MVIW","PED_ACTION","ROAD_SURFACE","ROAD_COND_1","ROAD_COND_2","LIGHTING","CONTROL_DEVICE","CHP_ROAD_TYPE","PEDESTRIAN_ACCIDENT","BICYCLE_ACCIDENT","MOTORCYCLE_ACCIDENT","TRUCK_ACCIDENT","NOT_PRIVATE_PROPERTY","ALCOHOL_INVOLVED","STWD_VEHTYPE_AT_FAULT","CHP_VEHTYPE_AT_FAULT","COUNT_SEVERE_INJ","COUNT_VISIBLE_INJ","COUNT_COMPLAINT_PAIN","COUNT_PED_KILLED","COUNT_PED_INJURED","COUNT_BICYCLIST_KILLED","COUNT_BICYCLIST_INJURED","COUNT_MC_KILLED","COUNT_MC_INJURED","PRIMARY_RAMP","SECONDARY_RAMP","COUNTY","CITY","POINT_X","POINT_Y"
"6333297",2013,2014-05-28,"0109",2013-12-29,"1300","8155","2",7,5,7,"0109",0,0,"0",,0,"31X","HEGENBERGER RD","HEGENBERGER LOOP",0,,"Y","A","-","N",,,,,,,,,,"N",4,0,1,2,"A","-","08",22107,,"N","D","C","A","A","H","-","A","D",0,,,"Y","Y","Y",,"F","55",0,0,1,0,0,0,0,0,1,"-","-","ALAMEDA","OAKLAND",-122.19794,37.73438
"6333443",2013,2014-05-17,"9370",2013-12-02,"1723","14859",,1,2,7,"0109",0,1,"1",,2,"053","RT 580","PARK BL",100,"E","N","A","-","Y","ALA",4,580,"-","-",42.65,"H","-","E","N",4,0,1,2,"A","-","01",23152,"A","N","C","C","A","A","H","-","D","D",1,,,,,"Y","Y","D","22",0,0,1,0,0,0,0,0,0,"-","-","ALAMEDA","OAKLAND",-122.23312,37.80391
"6333467",2013,2014-05-16,"9370",2013-12-20,"0810","019742",,5,1,7,"0109",0,1,"1",,2,"176","RT 880","FRUITVALE AV",400,"S","N","A","-","Y","ALA",4,880,"-","-",28.16,"H","-","S","Y",4,0,1,2,"A","-","03",22350,,"N","C","C","A","A","H","-","A","D",1,,,,"Y","Y",,"G","25",0,0,1,0,0,0,0,0,0,"-","-","ALAMEDA","OAKLAND",-122.22556,37.77233
"6333948",2013,2014-05-16,"9370",2013-12-18,"1730","20129",,3,2,7,"0109",0,1,"3",,2,"025","RT 24","COLLEGE AV",100,"W","N","A","-","Y","ALA",4,24,"-","R",3.53,"H","-","E","N",4,0,1,2,"A","-","03",22350,,"N","C","C","A","A","H","-","D","D",1,,,,,"Y",,"A","01",0,0,1,0,0,0,0,0,0,"-","-","ALAMEDA","OAKLAND",-122.25426,37.84343
"6333956",2013,2014-05-16,"9370",2013-12-28,"1244","19801",,6,1,7,"0109",0,1,"3",,2,"013","RT 13","MORAGA AV",590,"S","N","-","-","Y","ALA",4,13,"-","-",8.16,"H","-","N","Y",4,0,1,1,"A","-","01",23152,"A","N","E","I","A","A","H","-","A","D",1,,,,,"Y","Y","A","01",0,0,1,0,0,0,0,0,0,"-","-","ALAMEDA","OAKLAND",-122.21481,37.83051
"6333964",2013,2014-05-16,"9370",2013-12-26,"1745","20129",,4,2,7,"0109",0,1,"1",,2,"008","RT 80","WEST GRAND AV",50,"E","N","A","-","Y","ALA",4,80,"-","-",2.42,"H","-","W","Y",4,0,2,2,"A","-","03",22350,,"N","C","C","A","A","H","-","C","D",6,,,,,"Y",,"A","01",0,0,2,0,0,0,0,0,0,"-","-","ALAMEDA","OAKLAND",-122.30681,37.82521
"6333972",2013,2014-05-16,"9370",2013-12-22,"0920","20471",,7,1,7,"0109",0,1,"1",,2,"054","RT 580","ARDLEY AV",370,"W","N","A","-","Y","ALA",4,580,"-","R",41.96,"H","-","E","Y",2,0,1,1,"A","-","01",23152,"A","N","E","I","A","A","H","-","A","D",1,,,,,"Y","Y","A","01",1,0,0,0,0,0,0,0,0,"-","-","ALAMEDA","OAKLAND",-122.22395,37.79975
"6333980",2013,2014-05-16,"9370",2013-12-19,"0920","19801",,4,1,7,"0109",0,1,"1",,2,"176","RT 880","98TH AV",2000,"S","N","A","-","Y","ALA",4,880,"-","-",24.36,"H","-","N","Y",4,0,1,4,"A","-","03",22350,,"N","C","C","A","A","H","-","A","D",1,,,,,"Y",,"A","07",0,0,1,0,0,0,0,0,0,"-","-","ALAMEDA","OAKLAND",-122.18442,37.72706
"6333988",2013,2014-05-16,"9370",2013-12-21,"2245","20224",,6,3,7,"0109",0,1,"1",,2,"176","RT 880","66TH AV",1000,"N","N","A","-","Y","ALA",4,880,"-","-",26.8,"H","-","N","Y",4,0,1,2,"A","-","03",22350,,"N","C","C","A","A","H","-","D","D",1,,,,,"Y",,"A","01",0,0,1,0,0,0,0,0,0,"-","-","ALAMEDA","OAKLAND",-122.21126,37.75769
"6333992",2013,2014-05-16,"9370",2013-12-21,"1720","20471",,6,2,7,"0109",0,1,"1",,2,"008","RT 80","WEST GRAND AV",2650,"E","N","A","-","Y","ALA",4,80,"-","-",2.86,"H","-","W","Y",4,0,1,4,"A","-","07",21658,"A","N","B","C","A","A","H","-","C","D",6,,,"Y",,"Y",,"A","01",0,0,1,0,0,0,0,0,1,"-","-","ALAMEDA","OAKLAND",-122.29667,37.8274
"6335937",2013,2014-05-13,"0109",2013-12-20,"0830","9083","1",5,5,7,"0109",0,0,"0",,0,"03X","WEBSTER ST","11TH ST",10,"S","N","-","-","N",,,,,,,,,,"N",4,0,1,2,"A","-","10",21950,"A","N","G","B","E","A","H","-","A","A",0,"Y",,,,"Y",,"A","01",0,0,1,0,1,0,0,0,0,"-","-","ALAMEDA","OAKLAND",-122.27013,37.80132
"6336083",2013,2014-04-29,"9370",2013-10-26,"1928","20224",,6,2,7,"0109",0,1,"1",,2,"176","RT 880","HIGH ST",1320,"S","N","A","-","Y","ALA",4,880,"-","-",27.541,"R","2","N","Y",4,0,2,4,"A","-","03",22350,,"F","C","C","A","A","H","-","D","D",1,,,,,"Y",,"A","01",0,0,2,0,0,0,0,0,0,"TO","-","ALAMEDA","OAKLAND",-122.21632,37.76344
"6336099",2013,2014-04-29,"0109",2013-10-20,"0859","8966","2",7,5,7,"0109",0,0,"0",,0,"25Y","EDWARDS AV","MOUNTAIN BL",60,"S","N","A","-","N",,,,,,,,,,"N",4,0,1,3,"A","-","03",22350,,"N","C","C","A","A","H","-","A","A",0,,,,,"Y",,"A","01",0,0,1,0,0,0,0,0,0,"-","-","ALAMEDA","OAKLAND",-122.16393,37.77687
"6336103",2013,2014-04-30,"0109",2013-10-21,"2026","8444","1",1,5,7,"0109",0,0,"0",,0,"02X","5TH ST","ADELINE ST",0,,"Y","A","-","N",,,,,,,,,,"N",3,0,1,1,"A","-","08",22107,,"N","E","I","A","A","H","-","C","A",0,,,,,"Y",,"A","01",0,1,0,0,0,0,0,0,0,"-","-","ALAMEDA","OAKLAND",-122.28867,37.80257
"6336131",2013,2014-04-29,"0109",2013-10-23,"1358","8217","2",3,5,7,"0109",0,0,"0",,0,"29X","73RD AV","INTERNATIONAL BL",366,"N","N","A","-","N",,,,,,,,,,"Y",4,0,5,3,"A","-","03",22350,,"N","C","C","A","A","H","-","A","A",0,,,,,"Y",,"A","01",0,0,5,0,0,0,0,0,0,"-","-","ALAMEDA","OAKLAND",-122.18623,37.75995
"6336135",2013,2014-05-01,"0109",2013-10-28,"1400","8235","1",1,5,7,"0109",0,0,"0",,0,"04X","JEFFERSON ST","16TH ST",0,,"Y","A","-","N",,,,,,,,,,"N",4,0,1,2,"A","-","12",21453,"A","N","D","C","A","A","H","-","A","A",0,,,,,"Y",,"A","01",0,0,1,0,0,0,0,0,0,"-","-","ALAMEDA","OAKLAND",-122.27395,37.80708
"6338008",2013,2014-01-27,"0109",2013-09-20,"0811","8631","2",5,5,7,"0109",0,0,"0",,0,"023","INTERNATIONAL BL","35TH AV",50,"W","N","A","-","N",,,,,,,,,,"N",4,0,2,1,"A","-","08",22107,,"N","E","I","A","A","H","-","A","A",0,,,,,"Y",,"A","08",0,0,2,0,0,0,0,0,0,"-","-","ALAMEDA","OAKLAND",-122.22288,37.77617
"6338009",2013,2014-01-27,"0109",2013-09-22,"1936","8717","2",7,5,7,"0109",0,0,"0",,0,"026","HEGENBERGER RD","INTERNATIONAL BL",114,"S","N","A","-","N",,,,,,,,,,"Y",3,0,2,3,"A","-","01",23152,"A","N","C","C","A","A","H","-","C","A",0,,,,,"Y","Y","A","07",0,1,1,0,0,0,0,0,0,"-","-","ALAMEDA","OAKLAND",-122.18731,37.75896
"6338010",2013,2014-01-27,"0109",2013-09-22,"1308","9129","1",7,5,7,"0109",0,0,"0",,0,"003","7TH ST","JACKSON ST",0,,"Y","A","-","N",,,,,,,,,,"Y",4,0,1,2,"A","-","12",21453,"A","N","D","C","A","A","H","-","A","A",0,,,,,"Y",,"A","01",0,0,1,0,0,0,0,0,0,"-","-","ALAMEDA","OAKLAND",-122.2683,37.7972
"6338011",2013,2014-01-27,"0109",2013-09-20,"1426","9097","1",5,5,7,"0109",0,0,"0",,0,"004","19TH ST","RASHIDA MUHAMMAD ST",0,,"Y","A","-","N",,,,,,,,,,"N",4,0,1,2,"A","-","11",21453,"D","N","B","B","B","A","H","-","A","A",0,"Y",,,,"Y",,"N","60",0,0,1,0,1,0,0,0,0,"-","-","ALAMEDA","OAKLAND",,
"6338012",2013,2014-02-25,"0109",2013-09-27,"1245","9070","1",5,5,7,"0109",0,0,"0",,0,"009","PLEASANT VALLEY AV","MORAGA AV",0,,"Y","A","-","N",,,,,,,,,,"N",4,0,1,2,"A","-","12",21453,"A","N","D","C","A","A","H","-","A","A",0,,,,,"Y",,"-","-",0,0,1,0,0,0,0,0,0,"-","-","ALAMEDA","OAKLAND",-122.24599,37.82881
"6338075",2013,2014-01-25,"0109",2013-01-08,"1610","7561","1",2,5,7,"0109",0,0,"0",,0,"19X","E 12TH ST","5TH AV",0,,"Y","A","-","N",,,,,,,,,,"Y",4,0,2,2,"A","-","12",21453,"A","N","D","C","A","A","H","-","A","A",0,,,,,"Y",,"A","01",0,0,2,0,0,0,0,0,0,"-","-","ALAMEDA","OAKLAND",-122.25485,37.79505
"6338079",2013,2014-01-25,"0109",2013-01-06,"2326","8913","1",7,5,7,"0109",0,0,"0",,0,"15X","PARK BL","E 20TH ST",80,"S","N","A","-","N",,,,,,,,,,"N",3,0,1,2,"A","-","05",21650,"1","N","H","G","A","A","H","-","C","D",0,,"Y",,,"Y",,"L","04",0,1,0,0,0,0,1,0,0,"-","-","ALAMEDA","OAKLAND",-122.24917,37.80027
"6339652",2013,2014-03-18,"0109",2013-12-24,"1200","8217","2",2,5,7,"0109",0,0,"0",,0,"32Y","104TH AV","PONTIAC ST",0,,"Y","A","-","N",,,,,,,,,,"N",4,0,1,2,"A","-","21",22106,,"N","G","B","E","A","H","-","A","D",0,"Y",,,,"Y",,"J","48",0,0,1,0,1,0,0,0,0,"-","-","ALAMEDA","OAKLAND",-122.16796,37.73947
"6341565",2013,2014-05-12,"0109",2013-09-26,"1826","8445","1",4,5,7,"0109",0,0,"0",,0,"019","14TH AV","12TH ST",0,,"Y","A","-","N",,,,,,,,,,"N",4,0,1,2,"D","-","00",,,"N","D","C","A","A","H","-","B","A",0,,,,,"Y",,"-","-",0,0,1,0,0,0,0,0,0,"-","-","ALAMEDA","OAKLAND",-122.24736,37.78836
"6341569",2013,2014-04-22,"0109",2013-09-25,"1420","9132","1",3,5,7,"0109",0,0,"0",,0,"002","8TH ST","ADELINE ST",0,,"Y","A","-","N",,,,,,,,,,"N",4,0,1,2,"A","-","03",22350,,"N","C","C","A","A","H","-","A","A",0,,,,,"Y",,"A","01",0,0,1,0,0,0,0,0,0,"-","-","ALAMEDA","OAKLAND",-122.28785,37.80483
"6341581",2013,2014-04-23,"0109",2013-09-27,"0510","9137","2",5,5,7,"0109",0,0,"0",,0,"29X","SEMINARY AV","HILLMONT DR",0,,"Y","A","-","N",,,,,,,,,,"Y",3,0,1,1,"A","-","08",22107,,"N","E","I","A","A","H","-","B","D",0,,,,,"Y",,"A","01",0,1,0,0,0,0,0,0,0,"-","-","ALAMEDA","OAKLAND",-122.1767,37.78003
"6341585",2013,2014-05-12,"9370",2013-09-13,"0547","20292",,5,3,7,"0109",0,1,"1",,2,"008","RT 80","WEST GRAND AV",121,"E","N","A","-","Y","ALA",4,80,"-","-",2.82,"H","-","W","Y",4,0,1,2,"D","-","00",,,"N","B","C","A","A","H","-","E","D",6,,,,,"Y",,"-","-",0,0,1,0,0,0,0,0,0,"-","-","ALAMEDA","OAKLAND",-122.29743,37.82718
"6341593",2013,2014-04-26,"0109",2013-09-23,"1818","8702","1",1,5,7,"0109",0,0,"0",,0,"010","MARKET ST","55TH ST",0,,"Y","A","-","N",,,,,,,,,,"Y",4,0,1,3,"A","-","12",21453,"A","N","D","C","A","A","H","-","A","A",0,,,,,"Y",,"A","01",0,0,1,0,0,0,0,0,0,"-","-","ALAMEDA","OAKLAND",-122.27393,37.83926
"6341597",2013,2014-04-23,"0109",2013-09-28,"1050","8337","1",6,5,7,"0109",0,0,"0",,0,"015","LAKESHORE AV","BEACON ST",10,"S","N","A","-","N",,,,,,,,,,"N",4,0,1,2,"A","-","03",22350,,"N","C","C","A","A","H","-","A","D",0,,,,,"Y",,"A","01",0,0,1,0,0,0,0,0,0,"-","-","ALAMEDA","OAKLAND",-122.24777,37.80907
"6341608",2013,2014-05-16,"9370",2013-12-23,"1015","019645",,1,1,7,"0109",0,1,"1",,2,"055","RT 580","GRAND AV",500,"W","N","A","-","Y","ALA",4,580,"-","-",43.72,"H","-","W","Y",4,0,1,4,"A","-","03",22350,,"N","C","C","A","A","H","-","A","D",1,,,,,"Y",,"A","07",0,0,1,0,0,0,0,0,0,"-","-","ALAMEDA","OAKLAND",-122.24889,37.81066
"6341660",2013,2014-05-16,"9370",2013-12-16,"2205","020475",,1,3,7,"0109",0,1,"1",,2,"053","RT 580","HIGH ST",60,"W","N","A","-","Y","ALA",4,580,"-","R",40.211,"R","1","E","Y",3,0,1,3,"A","-","01",23152,"A","N","C","C","A","A","H","-","C","A",0,,,,,"Y","Y","D","22",0,1,0,0,0,0,0,0,0,"-","-","ALAMEDA","OAKLAND",-122.19927,37.78833
"6342199",2013,2014-05-21,"9370",2013-12-08,"0055","018192",,7,3,7,"0109",0,1,"1",,2,"177","RT 880","16TH AV",1056,"N","N","A","-","Y","ALA",4,880,"-","-",29.811,"R","2","S","Y",3,0,1,1,"A","-","01",23152,"A","N","F","A","A","A","H","-","C","D",1,,,"Y",,"Y","Y","C","02",0,1,0,0,0,0,0,0,1,"TO","-","ALAMEDA","OAKLAND",-122.24834,37.78746
"6342886",2013,2014-04-26,"0109",2013-10-09,"0839","7725","1",3,5,7,"0109",0,0,"0",,0,"04X","JEFFERSON ST","17TH ST",130,"N","N","A","-","N",,,,,,,,,,"N",4,0,1,2,"A","-","08",22107,,"N","B","G","A","A","H","-","A","D",0,,"Y",,,"Y",,"L","04",0,0,1,0,0,0,1,0,0,"-","-","ALAMEDA","OAKLAND",-122.27339,37.80794
"6342914",2013,2014-04-26,"0109",2013-10-05,"1252","9129","1",6,5,7,"0109",0,0,"0",,0,"03X","7TH ST","BROADWAY",0,,"Y","A","-","N",,,,,,,,,,"Y",4,0,1,2,"A","-","09",21801,"A","N","D","C","A","A","H","-","A","A",0,,,,,"Y",,"A","01",0,0,1,0,0,0,0,0,0,"-","-","ALAMEDA","OAKLAND",-122.2743,37.79956
"6342918",2013,2014-04-28,"0109",2013-10-07,"1045","9144","1",1,5,7,"0109",0,0,"0",,0,"03X","12TH ST","CLAY ST",75,"W","N","A","-","N",,,,,,,,,,"Y",4,0,1,3,"A","-","04",21703,,"N","C","C","A","A","H","-","A","A",0,,,,,"Y",,"A","07",0,0,1,0,0,0,0,0,0,"-","-","ALAMEDA","OAKLAND",-122.27476,37.804
"6343675",2013,2014-03-27,"0109",2013-08-29,"1613","9137","1",4,5,7,"0109",0,0,"0",,0,"09X","W MACARTHUR BL","KEMPTON WY",10,"E","N","A","-","N",,,,,,,,,,"N",4,0,1,2,"A","-","17",21451,"A","N","B","C","A","A","H","-","A","A",0,,,"Y",,"Y",,"C","02",0,0,1,0,0,0,0,0,1,"-","-","ALAMEDA","OAKLAND",-122.25518,37.82208
"6344369",2013,2014-02-06,"0109",2013-01-18,"1457","8903","1",5,5,7,"0109",0,0,"0",,0,"03Y","BRUSH ST","12TH ST",0,,"Y","A","-","N",,,,,,,,,,"N",4,0,1,2,"A","-","10",21950,"A","N","G","B","B","A","H","-","A","A",0,"Y",,,,"Y",,"A","07",0,0,1,0,1,0,0,0,0,"-","-","ALAMEDA","OAKLAND",-122.27958,37.80589
"6348770",2013,2014-05-16,"0109",2013-12-14,"0950","8900","1",6,5,7,"0109",0,0,"0",,0,"09X","HARRISON ST","MACARTHUR BL",0,,"Y","A","-","N",,,,,,,,,,"Y",4,0,1,2,"A","-","12",21453,"A","N","D","C","A","A","H","-","A","A",0,,,,,"Y",,"A","07",0,0,1,0,0,0,0,0,0,"-","-","ALAMEDA","OAKLAND",-122.25432,37.81972
"6351096",2013,2014-05-19,"0109",2013-12-17,"1430","8869","2",2,5,7,"0109",0,0,"0",,0,"30X","BIRCH ST","82ND AV",0,,"Y","A","-","N",,,,,,,,,,"Y",3,0,1,2,"A","-","12",22450,"A","N","D","C","A","A","H","-","A","A",0,,,"Y",,"Y",,"C","03",0,1,0,0,0,0,0,0,1,"-","-","ALAMEDA","OAKLAND",-122.17401,37.75829
"6351173",2013,2014-05-08,"0109",2013-11-24,"1727","9147","1",7,5,7,"0109",0,0,"0",,0,"05X","W GRAND AV","ADELINE ST",0,,"Y","A","-","N",,,,,,,,,,"N",4,0,1,2,"A","-","09",21801,"A","N","D","C","A","A","H","-","B","A",0,,,,,"Y",,"A","08",0,0,1,0,0,0,0,0,0,"-","-","ALAMEDA","OAKLAND",-122.28402,37.81548
"6354020",2013,2014-05-29,"0109",2013-11-25,"1430","9046","1",1,5,7,"0109",0,0,"0",,0,"07X","28TH ST","FILBERT ST",0,,"Y","A","-","N",,,,,,,,,,"Y",4,0,1,2,"A","-","03",22350,,"N","H","G","A","A","H","-","A","D",0,,"Y",,,"Y",,"A","01",0,0,1,0,0,0,1,0,0,"-","-","ALAMEDA","OAKLAND",-122.27911,37.81953
"6354024",2013,2014-05-29,"0109",2013-11-07,"1917","9170","2",4,5,7,"0109",0,0,"0",,0,"29X","SEMINARY AV","FORTUNE WY",0,,"Y","A","-","N",,,,,,,,,,"Y",4,0,2,2,"A","-","01",23152,"A","N","D","C","A","B","H","-","C","A",0,,,,,"Y","Y","A","01",0,0,2,0,0,0,0,0,0,"-","-","ALAMEDA","OAKLAND",-122.19076,37.77128
"6354028",2013,2014-05-15,"0109",2013-11-10,"1250","8203","1",7,5,7,"0109",0,0,"0",,0,"13Y","GRIZZLY PEAK DR","CENTENNIAL DR",5280,"E","N","A","-","N",,,,,,,,,,"Y",4,0,1,1,"A","-","03",22350,,"N","H","A","A","A","H","-","A","D",0,,,"Y",,"Y",,"C","02",0,0,1,0,0,0,0,0,1,"-","-","ALAMEDA","OAKLAND",,
"6354030",2013,2014-10-28,"0109",2013-09-27,"1519","9073","1",5,5,7,"0109",0,0,"0",,0,"10Y","MARKET ST","61ST ST",0,,"Y","A","-","N",,,,,,,,,,"N",3,0,2,2,"A","-","09",21802,"A","N","D","C","A","A","H","-","A","A",0,,,,,"Y",,"A","01",0,1,1,0,0,0,0,0,0,"-","-","ALAMEDA","OAKLAND",-122.2761,37.84537
"6354032",2013,2014-05-15,"0109",2013-11-12,"1310","8427","1",2,5,7,"0109",0,0,"0",,0,"05X","BRUSH ST","GRAND AV",20,"S","N","B","-","N",,,,,,,,,,"N",4,0,2,2,"A","-","09",21802,"A","N","D","C","A","A","H","-","A","D",0,,,,,"Y",,"A","07",0,0,2,0,0,0,0,0,0,"-","-","ALAMEDA","OAKLAND",-122.27478,37.81284
"6354065",2013,2014-04-11,"0109",2013-09-26,"2243","8417","1",4,5,7,"0109",0,0,"0",,0,"01X","5TH ST","BROADWAY",0,,"Y","A","-","N",,,,,,,,,,"N",3,0,1,2,"A","-","10",21950,"A","F","G","B","B","A","H","-","C","A",0,"Y",,,,"Y",,"A","01",0,1,0,0,1,0,0,0,0,"-","-","ALAMEDA","OAKLAND",-122.27517,37.79814
"6354069",2013,2014-04-19,"0109",2013-09-29,"1029","9148","2",7,5,7,"0109",0,0,"0",,0,"32X","98TH AV","D ST",25,"S","N","A","-","N",,,,,,,,,,"N",4,0,1,3,"A","-","03",22350,,"M","C","C","A","A","H","-","A","A",0,,,,,"Y",,"A","07",0,0,1,0,0,0,0,0,0,"-","-","ALAMEDA","OAKLAND",-122.17577,37.74187
"6354070",2013,2014-05-01,"0109",2013-10-18,"2343","9112","2",5,5,7,"0109",0,0,"0",,0,"06X","MARTIN LUTHER KING JR WY","27TH ST",0,,"Y","A","-","N",,,,,,,,,,"N",4,0,1,2,"A","-","12",21453,"A","N","D","C","A","A","H","-","C","A",0,,,,,"Y",,"A","01",0,0,1,0,0,0,0,0,0,"-","-","ALAMEDA","OAKLAND",-122.27168,37.81697
"6354073",2013,2014-04-19,"0109",2013-09-29,"1649","8155","2",7,5,7,"0109",0,0,"0",,0,"24X","41ST AV","FOOTHILL BL",0,,"Y","A","-","N",,,,,,,,,,"N",4,0,1,2,"A","-","09",21802,"A","N","D","C","A","A","H","-","A","A",0,,,,,"Y",,"A","01",0,0,1,0,0,0,0,0,0,"-","-","ALAMEDA","OAKLAND",-122.21389,37.77653
"6354349",2013,2014-06-09,"0109",2013-12-26,"2009","1494",,4,5,7,"0109",0,0,"0",,0,,"POPLAR CT","10TH ST",75,"S","N","A","-","N",,,,,,,,,,"N",4,0,1,1,"A","-","21",22106,,"N","E","I","A","A","H","-","C","D",0,,,,,"Y","Y","-","-",0,0,1,0,0,0,0,0,0,"-","-","ALAMEDA","OAKLAND",-122.29072,37.8072
"6354353",2013,2014-05-14,"0109",2013-12-23,"1856","9048","2",1,5,7,"0109",0,0,"0",,0,"30Y","FOOTHILL BL","HAVENSCOURT BL",0,,"Y","A","-","N",,,,,,,,,,"N",4,0,1,2,"A","-","01",23152,"A","N","D","C","A","A","H","-","C","A",0,,,,,"Y","Y","A","01",0,0,1,0,0,0,0,0,0,"-","-","ALAMEDA","OAKLAND",-122.18182,37.77042
"6354402",2013,2014-03-27,"0109",2013-08-19,"0830","8906","1",1,5,7,"0109",0,0,"0",,0,"16X","LAKESHORE AV","LAKE PARK AV",140,"N","N","A","-","N",,,,,,,,,,"N",3,0,1,2,"D","-","00",,,"M","G","B","F","A","H","-","A","D",0,"Y","Y",,,"Y",,"-","-",0,1,0,0,0,0,1,0,0,"-","-","ALAMEDA","OAKLAND",-122.24577,37.81016
"6354406",2013,2014-04-16,"0109",2013-09-22,"1743","8852","2",7,5,7,"0109",0,0,"0",,0,"354X","MACARTHUR BL","80TH AV",100,"E","N","A","-","N",,,,,,,,,,"N",3,0,1,2,"A","-","17",21657,,"N","G","B","F","A","H","-","A","D",0,"Y",,"Y",,"Y",,"C","02",0,1,0,0,1,0,0,0,0,"-","-","ALAMEDA","OAKLAND",,
"6354410",2013,2014-04-26,"0109",2013-10-11,"1640","7591","1",5,5,7,"0109",0,0,"0",,0,"03X","7TH ST","HARRISON ST",150,"E","N","A","-","N",,,,,,,,,,"N",4,0,1,2,"A","-","08",22107,,"N","B","C","A","A","H","-","A","D",0,,,"Y",,"Y",,"-","-",0,0,1,0,0,0,0,0,1,"-","-","ALAMEDA","OAKLAND",-122.2702,37.79795
"6354414",2013,2014-04-26,"0109",2013-10-16,"0150","8765","1",3,5,7,"0109",0,0,"0",,0,"04X","LAKESIDE DR","OAK ST",0,,"Y","A","-","N",,,,,,,,,,"N",4,0,1,2,"A","-","08",22100,"B","N","D","C","A","A","H","-","C","A",0,,,,,"Y",,"-","-",0,0,1,0,0,0,0,0,0,"-","-","ALAMEDA","OAKLAND",-122.26294,37.80107
"6354418",2013,2014-04-24,"0109",2013-11-09,"2200","9021","2",6,5,7,"0109",0,0,"0",,0,"24X","35TH AV","BROOKDALE AV",60,"S","N","A","-","N",,,,,,,,,,"N",4,0,1,2,"A","-","-",,,"F","E","G","A","A","H","-","C","D",0,,"Y",,,"Y",,"A","07",0,0,1,0,0,0,1,0,0,"-","-","ALAMEDA","OAKLAND",-122.21056,37.78791
"6354426",2013,2014-04-24,"0109",2013-10-12,"1250","9097","1",6,5,7,"0109",0,0,"0",,0,"04X","LAKESIDE DR","14TH ST",0,,"Y","A","-","N",,,,,,,,,,"N",4,0,1,2,"A","-","08",22107,,"N","C","G","A","A","H","-","A","D",0,,"Y",,,"Y",,"A","07",0,0,1,0,0,0,1,0,0,"-","-","ALAMEDA","OAKLAND",-122.26294,37.80107
"6354430",2013,2014-04-26,"0109",2013-10-11,"1845","9193","1",5,5,7,"0109",0,0,"0",,0,"07X","ADELINE ST","24TH ST",0,,"Y","A","-","N",,,,,,,,,,"N",4,0,1,2,"-","-","-",,,"N","H","G","A","A","H","-","A","A",0,,"Y",,,"Y",,"-","-",0,0,1,0,0,0,1,0,0,"-","-","ALAMEDA","OAKLAND",-122.28343,37.81716
"6354644",2013,2014-05-12,"0109",2013-11-30,"2328","9121","2",6,5,7,"0109",0,0,"0",,0,"32X","INTERNATIONAL BL","102ND AV",80,"S","N","A","-","N",,,,,,,,,,"N",3,0,1,2,"A","-","03",22350,,"F","G","B","D","A","H","-","C","A",0,"Y",,,,"Y",,"A","01",0,1,0,0,1,0,0,0,0,"-","-","ALAMEDA","OAKLAND",-122.16832,37.74128
"6354648",2013,2014-05-12,"0109",2013-11-09,"0838","9129","1",6,5,7,"0109",0,0,"0",,0,"03X","BROADWAY","12TH ST",0,,"Y","A","-","N",,,,,,,,,,"N",4,0,1,2,"A","-","11",21954,"A","N","G","B","D","A","H","-","A","D",0,"Y",,,,"Y",,"N","60",0,0,1,0,1,0,0,0,0,"-","-","ALAMEDA","OAKLAND",-122.27206,37.80294
"6354719",2013,2014-05-12,"0109",2013-11-15,"2348","7884","2",5,5,7,"0109",0,0,"0",,0,"35X","MACARTHUR BL","82ND AV",0,,"Y","A","-","N",,,,,,,,,,"N",4,0,1,2,"A","-","12",21453,"A","F","D","C","A","A","H","-","C","A",0,,,,,"Y",,"A","01",0,0,1,0,0,0,0,0,0,"-","-","ALAMEDA","OAKLAND",-122.16489,37.76268
"6356123",2013,2014-04-28,"0109",2013-10-29,"1510","9140","1",2,5,7,"0109",0,0,"0",,0,"22X","MACARTHUR BL","COOLIDGE AV",0,,"Y","B","-","N",,,,,,,,,,"N",4,0,1,2,"A","-","09",21801,"A","N","A","C","A","A","H","-","A","A",0,,,,,"Y",,"A","07",0,0,1,0,0,0,0,0,0,"-","-","ALAMEDA","OAKLAND",-122.20878,37.7985