"CASE_ID","ACCIDENT_YEAR","PROC_DATE","JURIS","COLLISION_DATE","COLLISION_TIME","OFFICER_ID","REPORTING_DISTRICT","DAY_OF_WEEK","CHP_SHIFT","POPULATION","CNTY_CITY_LOC","SPECIAL_COND","BEAT_TYPE","CHP_BEAT_TYPE","CITY_DIVISION_LAPD","CHP_BEAT_CLASS","BEAT_NUMBER","PRIMARY_RD","SECONDARY_RD","DISTANCE","DIRECTION","INTERSECTION","WEATHER_1","WEATHER_2","STATE_HWY_IND","CALTRANS_COUNTY","CALTRANS_DISTRICT","STATE_ROUTE","ROUTE_SUFFIX","POSTMILE_PREFIX","POSTMILE","LOCATION_TYPE","RAMP_INTERSECTION","SIDE_OF_HWY","TOW_AWAY","COLLISION_SEVERITY","NUMBER_KILLED","NUMBER_INJURED","PARTY_COUNT","PRIMARY_COLL_FACTOR","PCF_CODE_OF_VIOL","PCF_VIOL_CATEGORY","PCF_VIOLATION","PCF_VIOL_SUBSECTION","HIT_AND_RUN","TYPE_OF_COLLISION","MVIW","PED_ACTION","ROAD_SURFACE","ROAD_COND_1","ROAD_COND_2","LIGHTING","CONTROL_DEVICE","CHP_ROAD_TYPE","PEDESTRIAN_ACCIDENT","BICYCLE_ACCIDENT","MOTORCYCLE_ACCIDENT","TRUCK_ACCIDENT","NOT_PRIVATE_PROPERTY","ALCOHOL_INVOLVED","STWD_VEHTYPE_AT_FAULT","CHP_VEHTYPE_AT_FAULT","COUNT_SEVERE_INJ","COUNT_VISIBLE_INJ","COUNT_COMPLAINT_PAIN","COUNT_PED_KILLED","COUNT_PED_INJURED","COUNT_BICYCLIST_KILLED","COUNT_BICYCLIST_INJURED","COUNT_MC_KILLED","COUNT_MC_INJURED","PRIMARY_RAMP","SECONDARY_RAMP","COUNTY","CITY","POINT_X","POINT_Y"
"6356131",2013,2014-04-28,"0109",2013-10-28,"1240","9001","1",1,5,7,"0109",0,0,"0",,0,"02X","MARKET ST","12TH ST",0,,"Y","A","-","N",,,,,,,,,,"Y",4,0,1,2,"A","-","09",21801,"A","N","D","C","A","A","H","-","A","D",0,,,,"Y","Y",,"F","25",0,0,1,0,0,0,0,0,0,"-","-","ALAMEDA","OAKLAND",-122.28156,37.80665
"6357754",2013,2014-05-02,"9370",2013-11-19,"2045","20206",,2,2,7,"0109",0,1,"1",,2,"176","RT 880","OAK ST",45,"S","N","C","-","Y","ALA",4,880,"-","-",31.06,"H","-","S","N",4,0,2,2,"A","-","03",22350,,"M","C","C","A","B","H","-","C","D",1,,,,,"Y",,"-","99",0,0,2,0,0,0,0,0,0,"-","-","ALAMEDA","OAKLAND",-122.26528,37.79442
"6360771",2013,2014-04-28,"0109",2013-10-14,"1749","9109","1",1,5,7,"0109",0,0,"0",,0,"04X","CASTRO ST","SAN PABLO BL",0,,"Y","A","-","N",,,,,,,,,,"N",4,0,4,2,"A","-","12",21453,"A","N","D","C","A","A","H","-","A","A",0,,,,,"Y",,"A","08",0,0,4,0,0,0,0,0,0,"-","-","ALAMEDA","OAKLAND",-122.27369,37.81145
"6361204",2013,2014-04-22,"0109",2013-10-30,"1630","9140","1",3,5,7,"0109",0,0,"0",,0,"21Y","COOLIDGE AV","SCHOOL ST",0,,"Y","A","-","N",,,,,,,,,,"N",4,0,1,2,"A","-","12",21453,"A","N","H","G","A","A","H","-","A","A",0,,"Y",,,"Y",,"L","04",0,0,1,0,0,0,1,0,0,"-","-","ALAMEDA","OAKLAND",-122.21253,37.79476
"6361208",2013,2014-04-22,"0109",2013-10-15,"1140","8410","1",2,5,7,"0109",0,0,"0",,0,"05X","W GRAND AV","BRUSH ST",0,,"Y","A","-","N",,,,,,,,,,"N",4,0,1,2,"A","-","11",21950,"B","N","G","B","D","A","C","-","A","A",0,"Y",,,,"Y",,"N","60",0,0,1,0,1,0,0,0,0,"-","-","ALAMEDA","OAKLAND",-122.27474,37.81288
"6361216",2013,2014-04-22,"0109",2013-10-26,"0110","7871","2",6,5,7,"0109",0,0,"0",,0,"28X","HIGH ST","REDDING ST",100,"S","N","A","-","N",,,,,,,,,,"Y",4,0,2,2,"A","-","09",21804,"A","M","D","C","A","A","H","-","C","A",0,,,,,"Y",,"A","07",0,0,2,0,0,0,0,0,0,"-","-","ALAMEDA","OAKLAND",-122.19652,37.78647
"6361220",2013,2014-04-22,"0109",2013-10-31,"1625","8811","1",4,5,7,"0109",0,0,"0",,0,"02X","MANDELA PKWY","14TH ST",15,"S","N","A","-","N",,,,,,,,,,"N",4,0,1,1,"A","-","08",22107,,"N","A","I","A","A","H","-","A","A",0,,,,,"Y",,"A","01",0,0,1,0,0,0,0,0,0,"-","-","ALAMEDA","OAKLAND",-122.29181,37.81082
"6361235",2013,2014-04-21,"9370",2013-10-22,"0540","018245",,2,3,7,"0109",0,1,"1",,2,"177","RT 880","BROADWAY",300,"S","N","B","-","Y","ALA",4,880,"-","-",31.53,"H","-","N","Y",3,0,1,2,"A","-","03",22350,,"N","C","C","A","A","H","-","D","D",1,,,"Y",,"Y",,"C","02",0,1,0,0,0,0,0,0,1,"-","-","ALAMEDA","OAKLAND",-122.27485,37.79852
"6361240",2013,2014-04-23,"0109",2013-10-15,"1535","8978","2",2,5,7,"0109",0,0,"0",,0,"30X","INTERNATIONAL BL","65TH AV",0,,"Y","A","-","N",,,,,,,,,,"N",4,0,1,2,"A","-","03",22350,,"N","C","C","A","A","H","-","A","D",0,,,,,"Y",,"A","01",0,0,1,0,0,0,0,0,0,"-","-","ALAMEDA","OAKLAND",-122.19457,37.76275
"6361260",2013,2014-04-21,"0109",2013-10-14,"1158","9126","1",1,5,7,"0109",0,0,"0",,0,"10X","ADELINE ST","57TH ST",0,,"Y","A","-","N",,,,,,,,,,"N",4,0,2,2,"D","-","00",,,"N","A","C","A","A","H","-","A","A",0,,,,,"Y",,"-","-",0,0,2,0,0,0,0,0,0,"-","-","ALAMEDA","OAKLAND",-122.27434,37.84161
"6361261",2013,2014-05-22,"0109",2013-11-08,"1240","7871","2",5,5,7,"0109",0,0,"0",,0,"24X","35TH AV","HAGEMAN ST",15,"S","N","A","-","N",,,,,,,,,,"N",4,0,1,2,"A","-","04",21703,,"N","C","C","A","A","H","-","A","A",0,,,,,"Y",,"A","08",0,0,1,0,0,0,0,0,0,"-","-","ALAMEDA","OAKLAND",-122.20595,37.79061
"6361840",2013,2014-04-28,"0109",2013-10-18,"0840","9148","2",5,5,7,"0109",0,0,"0",,0,"24X","RT 580","35TH AV",25,"W","N","A","-","Y","ALA",4,580,"-","R",40.211,"R","1","E","N",4,0,1,2,"A","-","03",22350,,"M","C","C","A","A","H","-","A","A",0,,,,,"Y",,"A","01",0,0,1,0,0,0,0,0,0,"EF","-","ALAMEDA","OAKLAND",-122.19927,37.78833
"6362513",2013,2014-05-30,"0109",2013-11-03,"1200","8679","1",7,5,7,"0109",0,0,"0",,0,"15X","LAKESHORE AV","MACARTHUR BL",0,,"Y","A","-","N",,,,,,,,,,"N",4,0,1,2,"A","-","12",21453,"A","N","D","C","A","A","H","-","A","A",0,,,,,"Y",,"A","01",0,0,1,0,0,0,0,0,0,"-","-","ALAMEDA","OAKLAND",-122.24686,37.80949
"6362525",2013,2014-06-27,"0109",2013-11-01,"1743","8906","1",5,5,7,"0109",0,0,"0",,0,"05X","MARKET ST","14TH ST",10,"N","N","A","-","N",,,,,,,,,,"N",4,0,1,2,"B","-","22",,,"N","G","B","F","A","H","-","B","D",0,"Y",,,,"Y",,"A","08",0,0,1,0,1,0,0,0,0,"-","-","ALAMEDA","OAKLAND",-122.28099,37.80818
"6363653",2013,2014-04-28,"0109",2013-10-14,"0754","9129","1",1,5,7,"0109",0,0,"0",,0,"05X","W GRAND AV","FRONTAGE RD",0,,"Y","A","-","N",,,,,,,,,,"Y",4,0,1,2,"A","-","08",22100,"A","N","D","C","A","A","H","-","A","A",0,,,,"Y","Y",,"A","01",0,0,1,0,0,0,0,0,0,"-","-","ALAMEDA","OAKLAND",-122.29415,37.81916
"6364533",2013,2014-04-18,"0109",2013-10-21,"1803","9170","1",1,5,7,"0109",0,0,"0",,0,"19X","E 12TH ST","14TH AV",50,"E","N","A","-","N",,,,,,,,,,"N",4,0,3,3,"A","-","03",22350,,"N","C","C","A","A","H","-","A","D",0,,,,"Y","Y",,"A","07",0,0,3,0,0,0,0,0,0,"-","-","ALAMEDA","OAKLAND",-122.24727,37.78825
"6364537",2013,2014-04-16,"0109",2013-10-18,"1333","8961","1",5,5,7,"0109",0,0,"0",,0,"12X","SHATTUCK AV","47TH AV",0,,"Y","A","-","N",,,,,,,,,,"Y",4,0,1,2,"A","-","09",21802,"A","N","D","-","A","A","H","-","A","A",0,,,,,"Y",,"D","22",0,0,1,0,0,0,0,0,0,"-","-","ALAMEDA","OAKLAND",-122.26376,37.83442
"6364619",2013,2014-04-16,"0109",2013-09-28,"1158","9116","2",6,5,7,"0109",0,0,"0",,0,"34X","INTERNATIONAL BL","96TH AV",5,"E","N","A","-","N",,,,,,,,,,"N",4,0,1,2,"A","-","03",22350,,"N","C","C","A","A","H","-","A","D",0,,,,,"Y",,"D","22",0,0,1,0,0,0,0,0,0,"-","-","ALAMEDA","OAKLAND",-122.17161,37.74572
"6366062",2013,2014-05-22,"9370",2013-12-18,"0820","018579",,3,1,7,"0109",0,1,"3",,2,"013","RT 13","MOUNTAIN BL",50,"S","N","B","-","Y","ALA",4,13,"-","-",4.31,"H","-","S","N",4,0,2,4,"A","-","03",22350,,"N","C","C","A","A","H","-","B","D",1,,,,,"Y",,"A","07",0,0,2,0,0,0,0,0,0,"-","-","ALAMEDA","OAKLAND",-122.17492,37.78145
"6368568",2013,2014-05-07,"0109",2013-11-17,"2019","8949","2",7,5,7,"0109",0,0,"0",,0,"26X","66TH AV","EASTLAWN ST",0,,"Y","A","-","N",,,,,,,,,,"N",4,0,1,2,"A","-","09",21802,"A","N","D","C","A","A","H","-","C","A",0,,,,,"Y",,"A","01",0,0,1,0,0,0,0,0,0,"-","-","ALAMEDA","OAKLAND",-122.19633,37.76016
"6368580",2013,2014-05-07,"0109",2013-11-27,"2326","8284","1",3,5,7,"0109",0,0,"0",,0,"19X","EMBARCADERO","23RD AV",600,"W","N","A","-","N",,,,,,,,,,"N",3,0,1,2,"D","-","00",,,"F","H","B","D","A","H","-","C","D",0,"Y",,,,"Y","Y","-","-",0,1,0,0,1,0,0,0,0,"-","-","ALAMEDA","OAKLAND",,
"6368584",2013,2014-05-07,"0109",2013-11-30,"1150","8284","2",6,5,7,"0109",0,0,"0",,0,"30X","INTERNATIONAL BL","81ST AV",0,,"Y","A","-","N",,,,,,,,,,"Y",4,0,1,3,"A","-","09",21801,"A","N","A","C","A","A","H","-","A","A",0,,,,,"Y",,"A","01",0,0,1,0,0,0,0,0,0,"-","-","ALAMEDA","OAKLAND",-122.18058,37.75612
"6368909",2013,2014-04-16,"0109",2013-10-17,"1141","9166","1",4,5,7,"0109",0,0,"0",,0,"18X","16TH AV","INTERNATIONAL BL",0,,"Y","A","-","N",,,,,,,,,,"N",4,0,1,2,"A","-","09",21801,"A","F","A","C","A","A","H","-","A","A",0,,,,,"Y",,"A","01",0,0,1,0,0,0,0,0,0,"-","-","ALAMEDA","OAKLAND",-122.24421,37.78833
"6368913",2013,2014-04-16,"0109",2013-10-17,"1929","9171","1",4,5,7,"0109",0,0,"0",,0,"10Y","60TH ST","MARTIN LUTHER KING JR WY",190,"E","N","A","-","N",,,,,,,,,,"N",4,0,1,1,"D","-","00",,,"N","H","-","A","A","H","-","D","D",0,,"Y",,,"Y",,"-","-",0,0,1,0,0,0,1,0,0,"-","-","ALAMEDA","OAKLAND",-122.27029,37.8452
"6368921",2013,2014-04-16,"0109",2013-10-03,"1514","8459","2",4,5,7,"0109",0,0,"0",,0,"28X","HIGH ST","VIRGINIA AV",0,,"Y","A","-","N",,,,,,,,,,"N",4,0,1,2,"A","-","09",21801,"B","N","D","C","A","A","H","-","A","A",0,,,"Y",,"Y",,"C","02",0,0,1,0,0,0,0,0,1,"-","-","ALAMEDA","OAKLAND",-122.20011,37.78462
"6368937",2013,2014-04-16,"0109",2013-10-22,"1727","8677","1",2,5,7,"0109",0,0,"0",,0,"21Y","E 21ST ST","23RD AV",0,,"Y","A","-","N",,,,,,,,,,"Y",4,0,1,2,"A","-","12",21453,"A","N","D","C","A","A","H","-","A","A",0,,,,,"Y",,"A","01",0,0,1,0,0,0,0,0,0,"-","-","ALAMEDA","OAKLAND",-122.23165,37.78868
"6369020",2013,2014-04-21,"0109",2013-10-31,"1905","9188","2",4,5,7,"0109",0,0,"0",,0,"33X","BANCROFT AV","94TH AV",0,,"Y","A","-","N",,,,,,,,,,"N",4,0,1,2,"A","-","03",22350,,"N","C","C","A","A","H","-","C","D",0,,,,,"Y",,"A","01",0,0,1,0,0,0,0,0,0,"-","-","ALAMEDA","OAKLAND",-122.16406,37.75118
"6370650",2013,2014-04-15,"0109",2013-09-23,"1755","83900","1",1,5,7,"0109",0,0,"0",,0,"02Y","7TH ST","ADELINE ST",115,"E","N","A","-","N",,,,,,,,,,"Y",3,0,1,2,"A","-","08",22107,,"N","H","E","A","A","H","-","A","D",0,,,,,"Y",,"A","01",0,1,0,0,0,0,0,0,0,"-","-","ALAMEDA","OAKLAND",-122.28787,37.80374
"6370654",2013,2014-04-16,"0109",2013-09-05,"1735","8410","1",4,5,7,"0109",0,0,"0",,0,"06X","WEST ST","34TH ST",60,"N","N","A","-","N",,,,,,,,,,"N",4,0,1,2,"A","-","08",22107,,"N","B","C","A","A","H","-","A","D",0,,,,,"Y",,"A","08",0,0,1,0,0,0,0,0,0,"-","-","ALAMEDA","OAKLAND",-122.27257,37.82413
"6370662",2013,2014-04-16,"0109",2013-09-05,"1710","8424","1",4,5,7,"0109",0,0,"0",,0,"03Y","BRUSH ST","12TH ST",0,,"Y","A","-","N",,,,,,,,,,"N",4,0,1,2,"A","-","10",21950,"A","N","G","B","B","A","H","-","A","A",0,"Y",,,,"Y",,"A","01",0,0,1,0,1,0,0,0,0,"-","-","ALAMEDA","OAKLAND",-122.27958,37.80589
"6370692",2013,2014-04-16,"0109",2013-09-28,"1605","8366","1",6,5,7,"0109",0,0,"0",,0,"10Y","MARKET ST","AILEEN ST",0,,"Y","A","-","N",,,,,,,,,,"N",4,0,3,2,"A","-","09",21802,"A","N","D","C","A","A","H","-","A","A",0,,,,,"Y",,"A","01",0,0,3,0,0,0,0,0,0,"-","-","ALAMEDA","OAKLAND",-122.27427,37.84086
"6370708",2013,2014-04-16,"0109",2013-09-11,"1527","9128","1",3,5,7,"0109",0,0,"0",,0,"02X","8TH ST","UNION ST",80,"E","N","A","-","N",,,,,,,,,,"N",4,0,3,3,"A","-","05",21460,"A","N","A","C","A","A","H","-","A","D",0,,,,,"Y",,"A","01",0,0,3,0,0,0,0,0,0,"-","-","ALAMEDA","OAKLAND",-122.28981,37.80529
"6374753",2013,2014-05-28,"9370",2013-12-18,"0850","14859",,3,1,7,"0109",0,1,"1",,2,"053","RT 580","38TH AV",50,"W","N","A","-","Y","ALA",4,580,"-","R",40.4,"H","-","W","N",4,0,1,2,"D","-","00",,,"N","-","C","A","A","H","-","A","D",1,,,"Y",,"Y",,"-","-",0,0,1,0,0,0,0,0,1,"-","-","ALAMEDA","OAKLAND",-122.20149,37.79031
"6374886",2013,2014-12-31,"9370",2013-12-25,"1815","20206",,3,2,7,"0109",0,1,"1",,2,"176","RT 880","98TH AV",10,"S","N","A","-","Y","ALA",4,880,"-","-",24.584,"R","1","N","N",4,0,1,2,"A","-","03",22350,,"M","C","C","A","A","H","-","C","D",1,,,,,"Y",,"-","99",0,0,1,0,0,0,0,0,0,"TO","-","ALAMEDA","OAKLAND",-122.18619,37.72913
"6378881",2013,2014-06-10,"0109",2013-12-03,"1910","8817","2",2,5,7,"0109",0,0,"0",,0,"31X","DOOLITTLE DR","HEGENBERGER RD",16,"E","N","A","-","N",,,,,,,,,,"Y",2,0,1,2,"A","-","03",22350,,"N","C","C","A","A","H","-","C","A",0,,,,,"Y","Y","D","22",1,0,0,0,0,0,0,0,0,"-","-","ALAMEDA","OAKLAND",-122.20171,37.72661
"6378885",2013,2014-04-30,"0109",2013-11-27,"0740","8619","1",3,5,7,"0109",0,0,"0",,0,"01X","ALICE ST","2ND ST",10,"N","N","A","-","N",,,,,,,,,,"N",4,0,1,2,"A","-","08",22107,,"N","B","E","A","A","H","-","A","A",0,,,,"Y","Y",,"F","26",0,0,1,0,0,0,0,0,0,"-","-","ALAMEDA","OAKLAND",-122.27161,37.79422
"6379974",2013,2014-06-10,"0109",2013-12-20,"0759","8944","1",5,5,7,"0109",0,0,"0",,0,"19X","INTERNATIONAL BL","16TH AV",0,,"Y","A","-","N",,,,,,,,,,"Y",4,0,1,2,"A","-","12",21453,"A","N","D","C","A","A","H","-","A","A",0,,,,,"Y",,"D","22",0,0,1,0,0,0,0,0,0,"-","-","ALAMEDA","OAKLAND",-122.24421,37.78833
"6379978",2013,2014-06-10,"0109",2013-12-09,"0911","8906","1",1,5,7,"0109",0,0,"0",,0,"18X","14TH AV","E 21ST ST",0,,"Y","A","-","N",,,,,,,,,,"N",4,0,1,2,"A","-","09",21801,"A","N","D","C","A","A","H","-","A","A",0,,,,,"Y",,"A","07",0,0,1,0,0,0,0,0,0,"-","-","ALAMEDA","OAKLAND",-122.24016,37.79387
"6381283",2013,2014-05-14,"0109",2013-11-10,"0409","9143","2",7,5,7,"0109",0,0,"0",,0,"27X","BANCROFT AV","COLE ST",100,"E","N","A","-","N",,,,,,,,,,"Y",4,0,2,2,"A","-","08",22107,,"N","D","E","A","A","H","-","C","D",0,,,,,"Y","Y","A","01",0,0,2,0,0,0,0,0,0,"-","-","ALAMEDA","OAKLAND",-122.19825,37.77174
"6381287",2013,2014-05-16,"0109",2013-11-12,"0845","9130","2",2,5,7,"0109",0,0,"0",,0,"30Y","BANCROFT AV","68TH AV",38,"E","N","B","-","N",,,,,,,,,,"N",4,0,2,2,"A","-","03",22350,,"N","C","C","A","A","H","-","A","A",0,,,,,"Y",,"A","01",0,0,2,0,0,0,0,0,0,"-","-","ALAMEDA","OAKLAND",-122.18009,37.76852
"6381289",2013,2014-04-29,"0109",2013-10-13,"2005","8662","1",7,5,7,"0109",0,0,"0",,0,"08X","27TH ST","NORTHGATE AV",0,,"Y","A","-","N",,,,,,,,,,"N",4,0,1,2,"A","-","09",21800,"D","N","D","C","A","A","H","-","C","B",0,,,"Y",,"Y",,"C","06",0,0,1,0,0,0,0,0,1,"-","-","ALAMEDA","OAKLAND",-122.27107,37.81684
"6381291",2013,2014-05-16,"0109",2013-11-11,"0734","9175","2",1,5,7,"0109",0,0,"0",,0,"27X","HIGH ST","YGNACIO AV",0,,"Y","A","-","N",,,,,,,,,,"Y",4,0,1,2,"A","-","03",22350,,"N","C","C","A","A","H","-","A","A",0,,,,,"Y",,"A","07",0,0,1,0,0,0,0,0,0,"-","-","ALAMEDA","OAKLAND",-122.21082,37.77556
"6381293",2013,2014-04-17,"0109",2013-10-25,"1500","8445","2",5,5,7,"0109",0,0,"0",,0,"24X","35TH AV","DAVIS ST",0,,"Y","A","-","N",,,,,,,,,,"N",2,0,1,2,"A","-","09",21802,"A","F","H","G","A","A","H","-","A","A",0,,"Y",,,"Y",,"A","07",1,0,0,0,0,0,1,0,0,"-","-","ALAMEDA","OAKLAND",-122.21405,37.78585
"6381295",2013,2014-05-16,"0109",2013-11-21,"1737","8397","1",4,5,7,"0109",0,0,"0",,0,"10Y","55TH ST","GENOA ST",0,,"Y","A","-","N",,,,,,,,,,"N",4,0,1,2,"A","-","09",21801,"A","N","H","G","A","A","H","-","C","A",0,,"Y",,,"Y",,"A","01",0,0,1,0,0,0,1,0,0,"-","-","ALAMEDA","OAKLAND",-122.27176,37.83951
"6381299",2013,2014-05-16,"0109",2013-11-30,"0755","8155","2",6,5,7,"0109",0,0,"0",,0,"33X","INTERNATIONAL BL","98TH AV",100,"W","N","B","-","N",,,,,,,,,,"N",4,0,1,2,"A","-","08",22107,,"N","C","E","A","A","H","-","A","D",0,,,,,"Y",,"A","01",0,0,1,0,0,0,0,0,0,"-","-","ALAMEDA","OAKLAND",-122.17077,37.74455
"6381303",2013,2014-05-16,"0109",2013-11-24,"1225","8073","1",7,5,7,"0109",0,0,"0",,0,"12Y","COLLEGE AV","63RD ST",20,"S","N","A","-","N",,,,,,,,,,"N",4,0,1,3,"A","-","17",22517,,"N","H","G","A","A","H","-","A","D",0,,"Y",,,"Y",,"A","01",0,0,1,0,0,0,1,0,0,"-","-","ALAMEDA","OAKLAND",-122.25239,37.85029
"6381307",2013,2014-05-16,"0109",2013-11-16,"1836","8951","1",6,5,7,"0109",0,0,"0",,0,"14X","GRAND AV","EL EMBARCADERO",5,"S","N","A","-","N",,,,,,,,,,"N",4,0,1,2,"A","-","11",21456,"B","N","G","B","B","A","H","-","C","A",0,"Y",,,,"Y",,"N","60",0,0,1,0,1,0,0,0,0,"-","-","ALAMEDA","OAKLAND",-122.25005,37.80905
"6381311",2013,2014-05-19,"0109",2013-11-26,"1501","8959","1",2,5,7,"0109",0,0,"0",,0,"17X","FOOTHILL BL","6TH AV",0,,"Y","B","-","N",,,,,,,,,,"N",4,0,1,2,"A","-","09",21802,"A","N","D","C","A","A","H","-","A","B",0,,,,,"Y",,"A","01",0,0,1,0,0,0,0,0,0,"-","-","ALAMEDA","OAKLAND",-122.25119,37.79632
"6381312",2013,2014-05-29,"0109",2013-12-08,"1756","9088","2",7,5,7,"0109",0,0,"0",,0,"19X","INTERNATIONAL BL","4TH AV",4,"W","N","A","-","N",,,,,,,,,,"Y",4,0,1,2,"A","-","09",21804,"A","N","D","C","A","A","H","-","C","D",0,,,,,"Y",,"A","01",0,0,1,0,0,0,0,0,0,"-","-","ALAMEDA","OAKLAND",-122.25469,37.79649
"6381316",2013,2014-05-29,"0109",2013-12-01,"0722","9164","2",7,5,7,"0109",0,0,"0",,0,"34X","61ST AV","FOOTHILL BL",10,"W","N","A","-","N",,,,,,,,,,"N",4,0,1,2,"A","-","10",21950,"A","F","G","B","B","A","H","-","A","D",0,"Y",,,,"Y","Y","-","-",0,0,1,0,1,0,0,0,0,"-","-","ALAMEDA","OAKLAND",-122.18798,37.77122
"6381320",2013,2014-05-29,"0109",2013-12-06,"2010","8532","2",5,5,7,"0109",0,0,"0",,0,"25X","MACARTHUR BL","38TH AV",0,,"Y","C","-","N",,,,,,,,,,"N",4,0,1,2,"A","-","10",21950,"A","N","G","B","B","B","H","-","C","A",0,"Y",,,,"Y",,"A","07",0,0,1,0,1,0,0,0,0,"-","-","ALAMEDA","OAKLAND",-122.19794,37.79079
"6381324",2013,2014-05-29,"0109",2013-12-01,"1442","9119","2",7,5,7,"0109",0,0,"0",,0,"32X","106TH AV","MACARTHUR BL",0,,"Y","A","-","N",,,,,,,,,,"N",4,0,2,2,"A","-","12",21453,"A","N","D","C","A","A","H","-","A","A",0,,,,,"Y",,"A","01",0,0,2,0,0,0,0,0,0,"-","-","ALAMEDA","OAKLAND",-122.15246,37.74291
"6381328",2013,2014-05-29,"0109",2013-12-21,"1129","9034","1",6,5,7,"0109",0,0,"0",,0,"22X","MACARTHUR BL","CHAMPION ST",0,,"Y","A","-","N",,,,,,,,,,"N",3,0,1,3,"A","-","21",22106,,"N","G","B","B","A","H","-","A","D",0,"Y",,,,"Y",,"A","07",0,1,0,0,1,0,0,0,0,"-","-","ALAMEDA","OAKLAND",-122.21585,37.80029
"6381332",2013,2014-05-29,"0109",2013-12-07,"1430","9164","2",6,5,7,"0109",0,0,"0",,0,"31Z","PEARMAIN ST","PRUNE ST",6,"E","N","A","-","N",,,,,,,,,,"N",4,0,1,1,"A","-","08",22107,,"N","E","-","A","A","H","-","A","A",0,,,,,"Y",,"A","01",0,0,1,0,0,0,0,0,0,"-","-","ALAMEDA","OAKLAND",-122.18022,37.73769
"6381336",2013,2014-05-29,"0109",2013-12-22,"1340","9158","2",7,5,7,"0109",0,0,"0",,0,"23X","INTERNATIONAL BL","38TH AV",141,"W","N","A","-","N",,,,,,,,,,"Y",4,0,2,4,"A","-","08",22102,,"N","B","C","E","A","H","-","C","A",0,"Y",,,,"Y",,"A","07",0,0,2,0,1,0,0,0,0,"-","-","ALAMEDA","OAKLAND",-122.22038,37.77497
"6381346",2013,2014-05-14,"0109",2013-11-30,"1711","8660","1",6,5,7,"0109",0,0,"0",,0,"12Y","MANILA AV","COLLEGE AV",150,"N","N","A","-","N",,,,,,,,,,"N",3,0,1,1,"D","-","00",,,"N","H","A","A","A","H","-","C","A",0,,"Y",,,"Y",,"-","-",0,1,0,0,0,0,1,0,0,"-","-","ALAMEDA","OAKLAND",-122.25096,37.84029
"6381350",2013,2014-05-14,"0109",2013-11-10,"1900","9014","1",7,5,7,"0109",0,0,"0",,0,"17X","PARK BL","E 19TH ST",5,"S","N","A","-","N",,,,,,,,,,"N",3,0,1,2,"A","-","10",21950,"A","F","G","B","B","A","H","-","C","A",0,"Y",,,,"Y",,"A","07",0,1,0,0,1,0,0,0,0,"-","-","ALAMEDA","OAKLAND",-122.25013,37.79979
"6381352",2013,2014-05-29,"0109",2013-12-17,"1125","8005","2",2,5,7,"0109",0,0,"0",,0,"26Y","HEGENBERGER RD","HAMILTON ST",0,,"Y","A","-","N",,,,,,,,,,"Y",4,0,1,2,"A","-","12",21453,"A","M","D","C","A","A","H","-","A","A",0,,,,,"Y",,"A","01",0,0,1,0,0,0,0,0,0,"-","-","ALAMEDA","OAKLAND",-122.19036,37.75646
"6381354",2013,2014-06-16,"0109",2013-11-12,"1840","8380","1",2,5,7,"0109",0,0,"0",,0,"10Y","42ND ST","MARTIN LUTHER KING JR WY",100,"W","N","A","-","N",,,,,,,,,,"N",4,0,2,3,"A","-","21",22106,,"N","G","B","E","A","H","-","C","D",0,"Y",,,,"Y",,"A","01",0,0,2,0,1,0,0,0,0,"-","-","ALAMEDA","OAKLAND",-122.26837,37.83153
"6381356",2013,2014-05-29,"0109",2013-12-25,"1025","8005","2",3,5,7,"0109",0,0,"0",,0,"29X","MACARTHUR BL","66TH AV",100,"E","N","A","-","N",,,,,,,,,,"N",4,0,1,3,"A","-","09",21801,"A","N","H","A","A","A","H","-","A","D",0,,,,,"Y",,"A","01",0,0,1,0,0,0,0,0,0,"-","-","ALAMEDA","OAKLAND",-122.17769,37.77238
"6381358",2013,2014-05-14,"0109",2013-11-03,"1330","9070","1",7,5,7,"0109",0,0,"0",,0,"07X","26TH ST","MARKET ST",0,,"Y","A","-","N",,,,,,,,,,"N",4,0,4,4,"A","-","12",21453,"A","M","D","C","A","A","H","-","A","A",0,,,,,"Y",,"A","01",0,0,4,0,0,0,0,0,0,"-","-","ALAMEDA","OAKLAND",-122.27755,37.81752
"6381360",2013,2014-05-29,"0109",2013-12-19,"1600","8120","2",4,5,7,"0109",0,0,"0",,0,"23X","INTERNATIONAL BL","36TH AV",0,,"Y","A","-","N",,,,,,,,,,"N",3,0,1,3,"A","-","03",22350,,"N","C","C","A","A","H","-","A","A",0,,,,,"Y",,"A","07",0,1,0,0,0,0,0,0,0,"-","-","ALAMEDA","OAKLAND",-122.22204,37.77576
"6383721",2013,2014-03-05,"0109",2013-06-20,"0655","8411","2",4,5,7,"0109",0,0,"0",,0,"32Y","98TH AV","STEARNS AV",50,"S","N","A","-","N",,,,,,,,,,"N",4,0,1,2,"A","-","03",22350,,"N","C","C","A","A","H","-","A","A",0,,,,,"Y",,"A","01",0,0,1,0,0,0,0,0,0,"-","-","ALAMEDA","OAKLAND",-122.15448,37.75155