"CASE_ID","ACCIDENT_YEAR","PROC_DATE","JURIS","COLLISION_DATE","COLLISION_TIME","OFFICER_ID","REPORTING_DISTRICT","DAY_OF_WEEK","CHP_SHIFT","POPULATION","CNTY_CITY_LOC","SPECIAL_COND","BEAT_TYPE","CHP_BEAT_TYPE","CITY_DIVISION_LAPD","CHP_BEAT_CLASS","BEAT_NUMBER","PRIMARY_RD","SECONDARY_RD","DISTANCE","DIRECTION","INTERSECTION","WEATHER_1","WEATHER_2","STATE_HWY_IND","CALTRANS_COUNTY","CALTRANS_DISTRICT","STATE_ROUTE","ROUTE_SUFFIX","POSTMILE_PREFIX","POSTMILE","LOCATION_TYPE","RAMP_INTERSECTION","SIDE_OF_HWY","TOW_AWAY","COLLISION_SEVERITY","NUMBER_KILLED","NUMBER_INJURED","PARTY_COUNT","PRIMARY_COLL_FACTOR","PCF_CODE_OF_VIOL","PCF_VIOL_CATEGORY","PCF_VIOLATION","PCF_VIOL_SUBSECTION","HIT_AND_RUN","TYPE_OF_COLLISION","MVIW","PED_ACTION","ROAD_SURFACE","ROAD_COND_1","ROAD_COND_2","LIGHTING","CONTROL_DEVICE","CHP_ROAD_TYPE","PEDESTRIAN_ACCIDENT","BICYCLE_ACCIDENT","MOTORCYCLE_ACCIDENT","TRUCK_ACCIDENT","NOT_PRIVATE_PROPERTY","ALCOHOL_INVOLVED","STWD_VEHTYPE_AT_FAULT","CHP_VEHTYPE_AT_FAULT","COUNT_SEVERE_INJ","COUNT_VISIBLE_INJ","COUNT_COMPLAINT_PAIN","COUNT_PED_KILLED","COUNT_PED_INJURED","COUNT_BICYCLIST_KILLED","COUNT_BICYCLIST_INJURED","COUNT_MC_KILLED","COUNT_MC_INJURED","PRIMARY_RAMP","SECONDARY_RAMP","COUNTY","CITY","POINT_X","POINT_Y"
"90062473",2015,2015-12-01,"9370",2015-11-06,"1906","20206",,5,2,7,"0109",0,1,"1",,2,"055","I-580 W/B","MARKET STREET",300,"W","N","A","-","Y",,,580,,,,,,"W","N",4,0,1,2,"A","-","03",22350,,"N","C","C","A","A","H","-","C","D",0,,,,,"Y",,"A","01",0,0,1,0,0,0,0,0,0,"-","-","ALAMEDA","OAKLAND",-122.27779,37.82663
"90062251",2015,2015-12-01,"9335",2015-11-10,"1140","013738",,2,1,7,"0109",0,1,"1",,1,"082","I-80 W/B (SFOBB)","TOLL PLAZA",500,"W","N","A","-","Y",,,,,,,,,,"N",4,0,1,2,"B","-","22",,,"N","B","C","A","A","H","-","A","D",0,,,,"Y","Y",,"A","01",0,0,1,0,0,0,0,0,0,"-","-","ALAMEDA","OAKLAND",,
"90060962",2015,2015-11-30,"9370",2015-11-08,"1805","019815",,7,2,7,"0109",0,1,"1",,2,"055","I-580 W/B (MACARTHUR FREEWAY)","WEST STREET",150,"E","N","B","-","Y",,,580,,,,,,"W","Y",3,0,1,2,"A","-","07",21658,"A","F","E","I","A","A","H","-","D","D",0,,,,,"Y","Y","-","99",0,1,0,0,0,0,0,0,0,"-","-","ALAMEDA","OAKLAND",-122.27193,37.82526
"90060776",2015,2015-11-30,"9370",2015-11-15,"0628","020961",,7,1,7,"0109",0,1,"1",,2,"177","I-880 S/B","OAK ST.",1425,"S","N","C","-","Y",,,880,,,,,,"S","Y",3,0,1,2,"A","-","08",22107,,"N","C","C","A","B","H","-","C","D",0,,,,,"Y",,"A","01",0,1,0,0,0,0,0,0,0,"-","-","ALAMEDA","OAKLAND",-122.26279,37.79251
"90060682",2015,2015-11-30,"9370",2015-11-02,"1120","019815",,1,1,7,"0109",0,1,"1",,2,"055","I-580 W/B (MACARTHUR FREEWAY)","TELEGRAPH AVENUE",500,"E","N","B","-","Y",,,580,,,,,,"W","Y",4,0,1,2,"A","-","08",22107,,"N","C","C","A","A","H","-","A","A",0,,,,,"Y",,"A","01",0,0,1,0,0,0,0,0,0,"-","-","ALAMEDA","OAKLAND",-122.26123,37.82276
"90060479",2015,2015-11-27,"9370",2015-11-15,"0758","020420",,7,1,7,"0109",0,1,"1",,2,"008","I-80 W/B","I-880 N/B TO I-80 W/B",3325,"E","N","B","-","Y",,,80,,,,,,"W","Y",4,0,1,2,"A","-","07",21658,"A","F","B","C","A","B","H","-","A","D",0,,,,,"Y",,"D","22",0,0,1,0,0,0,0,0,0,"-","-","ALAMEDA","OAKLAND",-122.2946,37.82869
"90060478",2015,2015-11-27,"9370",2015-11-07,"0930","021164",,6,1,7,"0109",0,1,"3",,2,"024","SR-24 W/B","CALDECOTT TUNL",440,"W","N","A","-","Y",,,24,,,,,,"W","Y",3,0,1,1,"A","-","03",22350,,"N","E","J","A","A","H","-","A","D",0,,,"Y",,"Y",,"C","02",0,1,0,0,0,0,0,0,1,"-","-","ALAMEDA","OAKLAND",-122.22209,37.8531
"90060456",2015,2015-11-27,"9370",2015-11-01,"1745","019815",,7,2,7,"0109",0,1,"1",,2,"055","I-580 W/B (MACARTHUR FREEWAY)","TELEGRAPH AVE.",890,"E","N","B","-","Y",,,580,,,,,,"W","Y",3,0,2,1,"A","-","08",22107,,"N","F","A","A","A","H","-","C","D",0,,,"Y",,"Y","Y","C","02",0,2,0,0,0,0,0,0,2,"-","-","ALAMEDA","OAKLAND",-122.26272,37.82312
"90060338",2015,2015-11-26,"9335",2015-11-10,"1700","020068",,2,2,7,"0109",0,1,"1",,1,"082","I-80 W/B","TOLL PLAZA",240,"W","N","A","-","Y",,,,,,,,,,"Y",4,0,1,2,"A","-","08",22107,,"N","D","C","A","A","H","-","B","A",0,,,,,"Y",,"A","01",0,0,1,0,0,0,0,0,0,"-","-","ALAMEDA","OAKLAND",37.49271,-122.18521
"90060210",2015,2015-11-26,"9335",2015-11-12,"1750","018379",,4,2,7,"0109",0,1,"1",,1,"082","I-80 W/B","BAY BRIDGE TOLL PLAZA",1320,"W","N","A","-","Y",,,,,,,,,,"Y",4,0,1,2,"A","-","03",22350,,"N","C","C","A","A","H","-","C","D",0,,,"Y",,"Y",,"C","02",0,0,1,0,0,0,0,0,1,"-","-","ALAMEDA","OAKLAND",,
"90060130",2015,2015-11-25,"9370",2015-11-12,"0750","020146",,4,1,7,"0109",1,1,"1",,2,"052","I-580 E/B","EDWARDS AVE.",1100,"W","N","A","-","Y",,,,,,,,,,"N",4,0,2,2,"A","-","03",22350,,"M","C","C","A","A","H","-","A","D",0,,,,,"Y",,"-","99",0,0,2,0,0,0,0,0,0,"-","-","ALAMEDA","OAKLAND",-122.16752,37.77778
"90060042",2015,2015-11-25,"9370",2015-11-06,"1905","20206",,5,2,7,"0109",0,1,"1",,2,"055","I-580 W/B","MARKET STREET",275,"W","N","A","-","Y",,,580,,,,,,"W","N",4,0,1,2,"A","-","07",21658,"A","F","B","C","A","A","H","-","C","D",0,,,,,"Y",,"-","99",0,0,1,0,0,0,0,0,0,"-","-","ALAMEDA","OAKLAND",-122.2773,37.82651
"90059759",2015,2015-11-25,"9370",2015-11-04,"0725","021023",,3,1,7,"0109",0,1,"1",,2,"081","I-80 W/B","GILMAN STREET",1000,"E","N","A","-","Y",,,,,,,,,,"Y",4,0,1,2,"A","-","07",21658,"A","N","B","C","A","A","H","-","A","D",0,,,"Y",,"Y",,"A","01",0,0,1,0,0,0,0,0,1,"-","-","ALAMEDA","OAKLAND",37.881,-122.30721
"90059687",2015,2015-11-25,"9370",2015-11-06,"2320","021105",,5,3,7,"0109",0,1,"1",,2,"053","I-580 W/B","FRUITVALE AVE",133,"E","N","A","-","Y",,,580,,,,,,"W","Y",4,0,1,2,"A","-","07",21658,,"N","B","C","A","A","H","-","C","D",0,,,,,"Y",,"A","08",0,0,1,0,0,0,0,0,0,"-","-","ALAMEDA","OAKLAND",-122.21639,37.79824
"90059683",2015,2015-11-25,"9370",2015-11-04,"2350","017150",,3,3,7,"0109",0,1,"1",,2,"177","I-880 N/B","OAK ST.",300,"S","N","A","-","Y",,,,,,,,,,"Y",3,0,1,3,"A","-","01",23152,"A","N","B","C","A","A","H","-","C","D",0,,,,,"Y","Y","D","22",0,1,0,0,0,0,0,0,0,"-","-","ALAMEDA","OAKLAND",-122.2656,37.79483
"90059639",2015,2015-11-25,"9370",2015-11-05,"1818","020939",,4,2,7,"0109",0,1,"1",,2,"052","I-580 W/B","EDWARDS AVE",1050,"E","N","A","-","Y",,,,,,,,,,"Y",3,0,1,1,"A","-","08",22107,,"N","E","J","A","A","H","-","D","D",0,,,,,"Y",,"A","01",0,1,0,0,0,0,0,0,0,"-","-","ALAMEDA","OAKLAND",-122.161,37.77491
"90059111",2015,2015-11-24,"9370",2015-11-06,"1655","021157",,5,2,7,"0109",0,1,"1",,2,"178","I-880 S/B","MANDELA PARKWAY",260,"N","N","A","-","Y",,,880,,,,,,"S","Y",4,0,1,2,"A","-","03",22350,,"N","C","C","A","A","H","-","D","D",0,,,,,"Y",,"A","01",0,0,1,0,0,0,0,0,0,"-","-","ALAMEDA","OAKLAND",-122.29493,37.80196
"90058701",2015,2015-11-24,"9370",2015-11-02,"0540","018712",,1,3,7,"0109",0,1,"1",,2,"178","I-880 N/B","MARKET ST",200,"N","N","C","-","Y",,,880,,,,,,"N","Y",3,0,1,1,"A","-","08",22107,,"N","E","I","A","B","H","-","D","D",0,,,,,"Y",,"D","22",0,1,0,0,0,0,0,0,0,"-","-","ALAMEDA","OAKLAND",-122.28393,37.80211
"90058593",2015,2015-11-24,"9370",2015-09-21,"0658","020949",,1,1,7,"0109",0,1,"1",,2,"053","I-580 W/B","MAPLE AVE",10,"E","N","A","-","Y",,,580,,,,,,"W","Y",2,0,1,2,"A","-","07",21658,"A","N","B","C","A","A","H","-","A","D",0,,,,,"Y",,"A","01",1,0,0,0,0,0,0,0,0,"-","-","ALAMEDA","OAKLAND",-122.20689,37.79493
"90057712",2015,2015-11-23,"9370",2015-11-01,"1845","019815",,7,2,7,"0109",0,1,"1",,2,"052","I-580 W/B (MACARTHUR FREEWAY)","106TH AVE.",1000,"E","N","B","-","Y",,,580,,,,,,"W","Y",3,0,1,1,"A","-","08",22107,,"N","F","C","A","A","H","-","D","D",0,,,,,"Y","Y","A","01",0,1,0,0,0,0,0,0,0,"-","-","ALAMEDA","OAKLAND",-122.14725,37.74397
"90057688",2015,2015-11-23,"9370",2015-11-01,"0325","020953",,7,3,7,"0109",0,1,"1",,2,"008","I-80 W/B","SAN FRANCISCO TOLL PLAZA",34,"E","N","A","-","Y",,,80,,,,,,"W","Y",4,0,1,3,"A","-","08",22107,,"N","A","I","A","A","H","-","C","A",0,,,,,"Y","Y","A","01",0,0,1,0,0,0,0,0,0,"-","-","ALAMEDA","OAKLAND",-122.31368,37.82488
"90056847",2015,2015-11-23,"9370",2015-11-20,"1125","020356",,5,1,7,"0109",0,1,"1",,2,"176","I-880 N/B","FRUITVALE AVENUE",900,"N","N","A","-","Y",,,880,,,,,,"N","N",3,0,1,2,"A","-","03",22350,,"N","C","C","A","A","H","-","A","D",0,,,,,"Y",,"A","01",0,1,0,0,0,0,0,0,0,"-","-","ALAMEDA","OAKLAND",-122.23108,37.77434
"90054748",2015,2015-11-19,"9370",2015-11-03,"0700","019866",,2,1,7,"0109",0,1,"1",,2,"054","I-580 E/B","GRAND AVE U/C",5280,"W","N","A","-","Y",,,580,,,,,,"E","Y",4,0,1,2,"A","-","03",22350,,"N","C","C","A","A","H","-","A","D",0,,,,,"Y",,"A","01",0,0,1,0,0,0,0,0,0,"-","-","ALAMEDA","OAKLAND",-122.25481,37.81958
"90054313",2015,2015-11-19,"9370",2015-10-31,"0820","020356",,6,1,7,"0109",0,1,"1",,2,"176","I-880 S/B","HEGENBERGER ROAD",2070,"N","N","A","-","Y",,,880,,,,,,"S","Y",3,0,1,2,"A","-","07",21658,"A","N","B","C","A","A","H","-","A","D",0,,,,,"Y",,"A","01",0,1,0,0,0,0,0,0,0,"-","-","ALAMEDA","OAKLAND",-122.20088,37.74538
"90054275",2015,2015-11-19,"9370",2015-11-06,"1120","020356",,5,1,7,"0109",0,1,"1",,2,"176","I-880 N/B","98TH AVENUE",2140,"S","N","A","-","Y",,,880,,,,,,"N","N",4,0,1,2,"A","-","03",22350,,"N","C","C","A","A","H","-","A","D",0,,,,,"Y",,"D","22",0,0,1,0,0,0,0,0,0,"-","-","ALAMEDA","OAKLAND",-122.18506,37.72795
"90054245",2015,2015-11-19,"9370",2015-11-04,"0735","021046",,3,1,7,"0109",0,1,"1",,2,"052","I-580 W/B","DUTTON AVE",1545,"W","N","A","-","Y",,,580,,,,,,"W","N",4,0,1,2,"A","-","03",22350,,"N","C","C","A","A","H","-","A","D",0,,,,,"Y",,"A","01",0,0,1,0,0,0,0,0,0,"-","-","ALAMEDA","OAKLAND",-122.14148,37.73843
"90053871",2015,2015-11-18,"9370",2015-11-02,"0800","020146",,1,1,7,"0109",0,1,"1",,2,"054","I-580 E/B","LAKESHORE AVE",165,"E","N","B","C","Y",,,,,,,,,,"Y",4,0,2,2,"A","-","08",22107,,"N","C","C","A","A","H","-","A","D",0,,,,,"Y",,"A","07",0,0,2,0,0,0,0,0,0,"-","-","ALAMEDA","OAKLAND",-122.24604,37.80952
"90053444",2015,2015-11-18,"9370",2015-10-30,"0840","020506",,5,1,7,"0109",0,1,"1",,2,"177","I-880 S/B","OAK ST.",110,"N","N","A","-","N",,,,,,,,,,"N",4,0,1,2,"A","-","03",22350,,"M","C","C","A","A","H","-","A","D",0,,,,,"Y",,"A","01",0,0,1,0,0,0,0,0,0,"-","-","ALAMEDA","OAKLAND",-122.26691,37.79527
"90053094",2015,2015-11-18,"9370",2015-10-30,"0825","020420",,5,1,7,"0109",0,1,"1",,2,"098","I-980 W/B TO I-880 S/B","WASHINGTON ST",10,"E","N","A","-","Y",,,980,,,,"R",,"W","Y",3,0,1,3,"A","-","03",22350,,"N","C","C","A","A","H","-","A","D",0,,,,,"Y",,"A","01",0,1,0,0,0,0,0,0,0,"-","-","ALAMEDA","OAKLAND",-122.27636,37.79884
"90052983",2015,2015-11-17,"9370",2015-10-31,"0110","20206",,6,3,7,"0109",0,1,"1",,2,"177","I-880 S/B","16TH AVENUE",250,"N","N","A","-","Y",,,880,,,,,,"S","N",4,0,2,2,"A","-","03",22350,,"N","C","C","A","A","H","-","C","D",0,,,,,"Y",,"A","01",0,0,2,0,0,0,0,0,0,"-","-","ALAMEDA","OAKLAND",-122.24569,37.78632
"90052971",2015,2015-11-17,"9370",2015-10-31,"0800","020420",,6,1,7,"0109",0,1,"1",,2,"053","I-580 E/B","BEAUMONT AVE",480,"E","N","A","-","Y",,,580,,,,,,"E","Y",4,0,1,1,"A","-","08",22107,,"N","E","J","A","A","H","-","A","D",0,,,,,"Y",,"A","01",0,0,1,0,0,0,0,0,0,"-","-","ALAMEDA","OAKLAND",-122.22609,37.80023
"90052824",2015,2015-11-17,"9370",2015-10-30,"1238","020657",,5,1,7,"0109",0,1,"1",,2,"052","I-580 EASTBOUND","KELLER AVENUE",1000,"E","N","A","-","Y",,,,,,,,,,"Y",4,0,1,2,"A","-","03",22350,,"N","C","C","A","A","H","-","A","D",0,,,,,"Y",,"A","01",0,0,1,0,0,0,0,0,0,"-","-","ALAMEDA","OAKLAND",-122.15454,37.76962
"90052027",2015,2015-11-17,"9370",2015-10-25,"2235","020656",,7,3,7,"0109",0,1,"1",,2,"054","I-580 W/B","GRAND AVE",650,"W","N","A","-","Y",,,580,,,,,,"W","N",4,0,1,3,"A","-","03",22350,,"N","C","C","A","A","H","-","C","A",0,,,,,"Y",,"A","01",0,0,1,0,0,0,0,0,0,"-","-","ALAMEDA","OAKLAND",-122.24985,37.81146
"90050833",2015,2015-12-04,"9370",2015-10-24,"0150","020949",,6,3,7,"0109",0,1,"1",,2,"176","I-880 N/B","98TH AVENUE OVER-CROSSING",2100,"N","N","A","-","Y",,,880,,,,,,"N","Y",3,0,2,4,"A","-","03",22350,,"N","C","C","A","A","H","-","D","D",0,,,,,"Y",,"A","01",0,2,0,0,0,0,0,0,0,"-","-","ALAMEDA","OAKLAND",-122.19241,37.73638
"90050661",2015,2015-11-13,"9370",2015-10-27,"1319","020146",,2,1,7,"0109",0,1,"1",,2,"176","I-880 NB FROM 98TH AVE.","98TH AVENUE",200,"S","N","B","-","Y",,,,,,,,,,"Y",3,0,1,1,"A","-","08",22107,,"N","F","A","A","A","H","-","A","D",0,,,,"Y","Y",,"G","25",0,1,0,0,0,0,0,0,0,"-","-","ALAMEDA","OAKLAND",-122.18812,37.73137
"90049813",2015,2015-11-12,"9370",2015-10-28,"0923","019469",,3,1,7,"0109",0,1,"1",,2,"053","I-580 W/B","BEAUMONT AVENUE",350,"E","N","B","-","Y",,,580,,,,,,"W","Y",4,0,1,2,"A","-","03",22350,,"N","C","C","A","A","H","-","A","D",0,,,,,"Y",,"A","01",0,0,1,0,0,0,0,0,0,"-","-","ALAMEDA","OAKLAND",-122.22685,37.80057
"90049621",2015,2015-11-12,"9370",2015-10-26,"1800","017150",,1,2,7,"0109",0,1,"3",,2,"024","SR-24 W/B","SR-13",75,"E","N","A","-","Y",,,24,,,,,,"W","N",3,0,1,1,"A","-","01",23152,"E","N","E","I","A","A","H","-","B","D",0,,,,,"Y",,"A","01",0,1,0,0,0,0,0,0,0,"-","-","ALAMEDA","OAKLAND",-122.22732,37.84878
"90049106",2015,2015-11-12,"9335",2015-11-03,"1805","020068",,2,2,7,"0109",0,1,"1",,2,"084","I-80 E/B","TOLL PLAZA",3381,"W","N","A","-","Y",,,,,,,,,,"Y",3,0,1,3,"A","-","03",22350,,"N","C","C","A","A","H","-","C","D",0,,,,,"Y",,"D","22",0,1,0,0,0,0,0,0,0,"-","-","ALAMEDA","OAKLAND",37.4919,-122.1935
"90048824",2015,2015-11-11,"9370",2015-10-26,"1530","021023",,1,2,7,"0109",0,1,"1",,2,"176","I-880 N/B","HEGENBERGER ROAD",1200,"N","N","A","-","Y",,,880,,,,,,"N","Y",3,0,1,2,"A","-","07",21658,"A","N","B","C","A","A","H","-","A","D",0,,,,"Y","Y",,"G","25",0,1,0,0,0,0,0,0,0,"-","-","ALAMEDA","OAKLAND",-122.19896,37.74368
"90048772",2015,2015-11-11,"9370",2015-10-28,"1725","021098",,3,2,7,"0109",0,1,"1",,2,"054","I-580 E/B","CHETWOOD ST",540,"W","N","A","-","Y",,,580,,,,,,"E","N",4,0,1,3,"A","-","03",22350,,"N","C","C","A","A","H","-","A","D",0,,,,,"Y",,"D","22",0,0,1,0,0,0,0,0,0,"-","-","ALAMEDA","OAKLAND",-122.2513,37.81495
"90048402",2015,2015-11-10,"9370",2015-10-26,"1655","019577",,1,2,7,"0109",0,1,"1",,2,"177","I-880 S/B","JEFFERSON ST.",50,"N","N","B","-","Y",,,,,,,,,,"N",4,0,1,3,"A","-","03",22350,,"F","C","C","A","A","H","-","A","D",0,,,,,"Y",,"-","99",0,0,1,0,0,0,0,0,0,"-","-","ALAMEDA","OAKLAND",-122.27862,37.79985
"90048394",2015,2015-11-10,"9370",2015-10-22,"1050","021136",,4,1,7,"0109",0,1,"3",,2,"025","SR-24 W/B","40TH ST",1500,"E","N","A","-","Y",,,24,,,,,,"W","Y",4,0,1,2,"A","-","08",22107,,"N","B","C","A","A","H","-","A","D",0,,,,,"Y",,"A","01",0,0,1,0,0,0,0,0,0,"-","-","ALAMEDA","OAKLAND",-122.26713,37.83036
"90048341",2015,2015-11-10,"9370",2015-10-26,"0815","019577",,1,1,7,"0109",0,1,"1",,2,"098","I-980 E/B TO I-580 E/B","TELEGRAPH AVE.",74,"E","N","B","-","Y",,,,,,,,,,"Y",4,0,1,1,"A","-","08",22107,,"N","E","I","A","A","H","-","A","D",0,,,,,"Y",,"A","01",0,0,1,0,0,0,0,0,0,"-","-","ALAMEDA","OAKLAND",37.8231,-122.26362
"90046228",2015,2015-11-06,"9370",2015-10-23,"0705","021127",,5,1,7,"0109",0,1,"1",,2,"053","I-580 W/B","35TH AVE",260,"E","N","A","-","Y",,,,,,,,,,"Y",4,0,1,2,"A","-","07",21658,"A","N","B","C","A","A","H","-","B","D",0,,,,,"Y",,"-","-",0,0,1,0,0,0,0,0,0,"-","-","ALAMEDA","OAKLAND",-122.2027,37.79165
"90046206",2015,2015-11-06,"9370",2015-10-23,"0820","021127",,5,1,7,"0109",1,4,"S",,2,"901","13TH AVENUE (2000) BLOCK","EAST 20TH STREET",0,,"Y","A","-","N",,,,,,,,,,"Y",4,0,2,2,"A","-","09",21802,"A","N","D","C","A","A","H","-","A","A",0,,,,,"Y",,"H","18",0,0,2,0,0,0,0,0,0,"-","-","ALAMEDA","OAKLAND",37.47378,-122.14299
"90045815",2015,2015-11-05,"9370",2015-09-08,"1545","018579",,2,2,7,"0109",0,1,"3",,2,"013","SR-13 S/B","CALAVERAS AVENUE",154,"N","N","A","-","Y",,,,,,,,,,"N",4,0,1,2,"A","-","03",22350,,"M","A","C","A","A","H","-","A","D",0,,,,,"Y",,"-","99",0,0,1,0,0,0,0,0,0,"-","-","ALAMEDA","OAKLAND",37.47062,-122.10447
"90045801",2015,2015-11-05,"9370",2015-10-28,"0502","020459",,3,3,7,"0109",0,1,"1",,2,"176","I-880 N/B","HIGH ST",12,"S","N","A","-","Y",,,,,,,,,,"Y",4,0,2,1,"A","-","08",22107,,"N","E","I","A","A","H","-","C","D",0,,,,,"Y",,"A","01",0,0,2,0,0,0,0,0,0,"-","-","ALAMEDA","OAKLAND",-122.22011,37.76835
"90044649",2015,2015-11-04,"9370",2015-10-22,"0915","020420",,4,1,7,"0109",0,1,"3",,2,"013","SR-13 N/B","PARK BLVD",300,"S","N","A","-","Y",,,13,,,,,,"N","N",4,0,1,3,"A","-","03",22350,,"N","C","C","A","A","H","-","A","D",0,,,,,"Y",,"A","01",0,0,1,0,0,0,0,0,0,"-","-","ALAMEDA","OAKLAND",-122.2059,37.82013
"90044588",2015,2015-11-04,"9370",2015-10-22,"1835","020656",,4,2,7,"0109",0,1,"1",,2,"177","I-880 S/B","HARRISON ST",380,"N","N","A","-","Y",,,880,,,,,,"S","Y",4,0,1,2,"A","-","03",22350,,"N","C","C","A","A","H","-","B","D",0,,,"Y",,"Y",,"C","02",0,0,1,0,0,0,0,0,1,"-","-","ALAMEDA","OAKLAND",-122.26988,37.79644
"90043971",2015,2015-11-06,"9370",2015-10-21,"0828","019469",,3,1,7,"0109",0,1,"1",,2,"008","I-80 W/B","W. GRAND AVENUE",2450,"E","N","A","-","Y",,,80,,,,,,"W","Y",4,0,1,2,"A","-","07",21658,"A","N","B","C","A","A","H","-","A","D",0,,,"Y",,"Y",,"A","08",0,0,1,0,0,0,0,0,1,"-","-","ALAMEDA","OAKLAND",-122.30085,37.82637
"90043297",2015,2015-11-03,"9370",2015-10-03,"0228","020978",,6,3,7,"0109",0,1,"1",,2,"055","I-580 W/B","TELEGRAPH AVENUE",650,"E","N","A","-","Y",,,580,,,,,,"W","Y",3,0,1,2,"A","-","01",23152,"A","N","C","E","A","A","D","-","C","A",0,,,,"Y","Y","Y","A","07",0,1,0,0,0,0,0,0,0,"-","-","ALAMEDA","OAKLAND",-122.26262,37.8231
"90043047",2015,2015-11-03,"9370",2015-10-01,"0851","020123",,4,1,7,"0109",0,1,"1",,2,"055","I-580 TO SR-24 E/B","40TH STREET WAY",207,"W","N","B","-","Y",,,580,,,,"R",,,"Y",3,0,1,3,"A","-","03",22350,,"N","B","C","A","A","H","-","A","D",0,,,"Y",,"Y",,"C","02",0,1,0,0,0,0,0,0,1,"-","-","ALAMEDA","OAKLAND",-122.2774,37.8261
"90042641",2015,2015-11-02,"9335",2015-10-19,"0810","17604",,1,1,7,"0109",0,1,"1",,1,"082","I-80 W/B","SFOBB TOLL PLAZA",0,,"N","A","-","Y",,,80,,,,,,"W","N",4,0,2,1,"A","-","08",22107,,"N","E","I","A","A","H","-","A","D",0,,,,,"Y",,"A","01",0,0,2,0,0,0,0,0,0,"-","-","ALAMEDA","OAKLAND",-122.31375,37.82486
"90042337",2015,2015-11-02,"9335",2015-10-18,"1746","020132",,7,2,7,"0109",0,1,"1",,2,"084","I-80 E/B","SFOBB TOLL PLAZA",2640,"W","N","A","-","Y",,,80,,,,,,"E","Y",3,0,2,2,"A","-","04",21703,,"N","C","C","A","A","H","-","A","D",0,,,,,"Y",,"A","01",0,1,1,0,0,0,0,0,0,"-","-","ALAMEDA","OAKLAND",-122.32196,37.82255
"90041839",2015,2015-10-30,"9370",2015-10-20,"1138","018579",,2,1,7,"0109",0,1,"1",,2,"054","I-580 W/B FROM HARRISION STREET","HARRISON STREET",535,"W","N","A","-","Y",,,,,,,,,,"Y",3,0,1,3,"A","-","03",22350,,"N","C","C","A","A","H","-","A","D",0,,,,,"Y",,"A","01",0,1,0,0,0,0,0,0,0,"-","-","ALAMEDA","OAKLAND",-122.25595,37.82047
"90041659",2015,2015-10-30,"9370",2015-10-19,"1820","020459",,1,2,7,"0109",0,1,"1",,2,"052","I-580 E/B","SEMINARY AVE",647,"W","N","B","-","Y",,,,,,,,,,"N",3,0,1,2,"A","-","07",21658,"A","N","B","C","A","A","H","-","B","D",0,,,"Y",,"Y",,"-","-",0,1,0,0,0,0,0,0,1,"-","-","ALAMEDA","OAKLAND",37.46557,-122.10321
"90041083",2015,2015-10-29,"9370",2015-10-19,"1834","020155",,1,2,7,"0109",0,1,"1",,2,"176","I-880 N/B","23RD AVE",15,"S","N","A","-","Y",,,880,,,,,,"N","Y",4,0,3,8,"C","-","18",,,"N","E","J","A","A","H","-","B","D",0,,,,,"Y",,"-","-",0,0,3,0,0,0,0,0,0,"-","-","ALAMEDA","OAKLAND",-122.23674,37.77739
"90040985",2015,2015-10-29,"9370",2015-10-20,"0845","018579",,2,1,7,"0109",0,1,"1",,2,"053","I-580 W/B","FRUITVALE AVENUE",155,"W","N","A","-","Y",,,,,,,,,,"Y",4,0,2,4,"A","-","03",22350,,"N","C","C","A","A","H","-","A","D",0,,,,,"Y",,"A","01",0,0,2,0,0,0,0,0,0,"-","-","ALAMEDA","OAKLAND",-122.21746,37.79853
"90040888",2015,2015-10-29,"9370",2015-10-01,"0520","021023",,4,3,7,"0109",0,1,"1",,2,"008","I-80 E/B","POWELL STREET",3300,"W","N","A","-","Y",,,80,,,,,,"E","Y",4,0,1,1,"A","-","08",22107,,"N","E","I","A","A","H","-","C","D",0,,,,,"Y",,"A","01",0,0,1,0,0,0,0,0,0,"-","-","ALAMEDA","OAKLAND",-122.29373,37.82913
"90040843",2015,2015-10-29,"9370",2015-10-19,"1720","018453",,1,2,7,"0109",0,1,"3",,2,"024","SR-24 W/B","CALDECOTT LN",20,"W","N","A","-","Y",,,,,,,,,,"Y",4,0,1,2,"A","-","03",22350,,"N","C","C","A","A","H","-","A","D",0,,,,,"Y",,"A","01",0,0,1,0,0,0,0,0,0,"-","-","ALAMEDA","OAKLAND",-122.21908,37.85492
"90040813",2015,2015-10-29,"9370",2015-10-19,"0545","019469",,1,3,7,"0109",0,1,"3",,2,"025","SR-24 W/B TO I-580 W/B","MARKET STREET",75,"E","N","B","-","Y",,,,,,,,,,"N",4,0,1,2,"A","-","03",22350,,"N","C","C","A","A","H","-","D","D",0,,,,,"Y",,"D","22",0,0,1,0,0,0,0,0,0,"-","-","ALAMEDA","OAKLAND",-122.2781,37.81593
"90040715",2015,2015-10-29,"9370",2015-10-18,"1007","020657",,7,1,7,"0109",0,1,"1",,2,"052","I-580 WESTBOUND","KUHNLE AVENUE",300,"E","N","A","-","Y",,,580,,,,,,"W","Y",4,0,1,2,"A","-","07",21658,"A","N","D","C","A","A","H","-","A","D",0,,,,,"Y",,"A","01",0,0,1,0,0,0,0,0,0,"-","-","ALAMEDA","OAKLAND",-122.17429,37.78152