"CASE_ID","ACCIDENT_YEAR","PROC_DATE","JURIS","COLLISION_DATE","COLLISION_TIME","OFFICER_ID","REPORTING_DISTRICT","DAY_OF_WEEK","CHP_SHIFT","POPULATION","CNTY_CITY_LOC","SPECIAL_COND","BEAT_TYPE","CHP_BEAT_TYPE","CITY_DIVISION_LAPD","CHP_BEAT_CLASS","BEAT_NUMBER","PRIMARY_RD","SECONDARY_RD","DISTANCE","DIRECTION","INTERSECTION","WEATHER_1","WEATHER_2","STATE_HWY_IND","CALTRANS_COUNTY","CALTRANS_DISTRICT","STATE_ROUTE","ROUTE_SUFFIX","POSTMILE_PREFIX","POSTMILE","LOCATION_TYPE","RAMP_INTERSECTION","SIDE_OF_HWY","TOW_AWAY","COLLISION_SEVERITY","NUMBER_KILLED","NUMBER_INJURED","PARTY_COUNT","PRIMARY_COLL_FACTOR","PCF_CODE_OF_VIOL","PCF_VIOL_CATEGORY","PCF_VIOLATION","PCF_VIOL_SUBSECTION","HIT_AND_RUN","TYPE_OF_COLLISION","MVIW","PED_ACTION","ROAD_SURFACE","ROAD_COND_1","ROAD_COND_2","LIGHTING","CONTROL_DEVICE","CHP_ROAD_TYPE","PEDESTRIAN_ACCIDENT","BICYCLE_ACCIDENT","MOTORCYCLE_ACCIDENT","TRUCK_ACCIDENT","NOT_PRIVATE_PROPERTY","ALCOHOL_INVOLVED","STWD_VEHTYPE_AT_FAULT","CHP_VEHTYPE_AT_FAULT","COUNT_SEVERE_INJ","COUNT_VISIBLE_INJ","COUNT_COMPLAINT_PAIN","COUNT_PED_KILLED","COUNT_PED_INJURED","COUNT_BICYCLIST_KILLED","COUNT_BICYCLIST_INJURED","COUNT_MC_KILLED","COUNT_MC_INJURED","PRIMARY_RAMP","SECONDARY_RAMP","COUNTY","CITY","POINT_X","POINT_Y"
"90040267",2015,2015-10-29,"9370",2015-10-17,"1205","020394",,6,1,7,"0109",0,1,"1",,2,"055","I-580 E/B","I-980 U/C",1650,"W","N","A","-","Y",,,,,,,,,,"Y",3,0,1,1,"A","-","08",22107,,"N","F","A","A","A","H","-","A","D",0,,,"Y",,"Y",,"C","02",0,1,0,0,0,0,0,0,1,"-","-","ALAMEDA","OAKLAND",-122.26928,37.82445
"90039966",2015,2015-10-29,"9370",2015-10-22,"1126","019783",,4,1,7,"0109",0,1,"1",,2,"176","I-880 N/B","HEGENBERGER RD",1500,"N","N","A","-","Y",,,880,,,,,,"N","Y",3,0,2,2,"A","-","08",22107,,"N","B","C","A","A","H","-","A","D",0,,,,,"Y",,"A","01",0,1,1,0,0,0,0,0,0,"-","-","ALAMEDA","OAKLAND",-122.20104,37.74611
"90039799",2015,2015-10-29,"9370",2015-10-14,"0030","017211",,3,3,7,"0109",0,1,"1",,2,"008","I-80 W/B (EASTSHORE FREEWAY)","POWELL STREET",3168,"W","N","A","-","Y",,,80,,,,,,"W","Y",2,0,1,2,"A","-","05",21651,"B","F","D","C","A","A","H","-","D","D",0,,,,,"Y",,"-","99",1,0,0,0,0,0,0,0,0,"-","-","ALAMEDA","OAKLAND",-122.29426,37.82927
"90039630",2015,2015-10-29,"9370",2015-10-15,"0946","020123",,4,1,7,"0109",0,1,"1",,2,"176","I-880 N/B","HIGH STREET",460,"S","N","B","-","Y",,,880,,,,,,"N","Y",4,0,1,2,"A","-","03",22350,,"N","C","C","A","A","H","-","A","D",0,,,,,"Y",,"A","01",0,0,1,0,0,0,0,0,0,"-","-","ALAMEDA","OAKLAND",-122.21989,37.76808
"90039590",2015,2015-10-29,"9370",2015-10-15,"1815","019742",,4,2,7,"0109",0,1,"1",,2,"052","I-580 E/B","SR-13 S/B",650,"E","N","A","-","Y",,,580,,,,,,"E","N",4,0,1,2,"A","-","03",22350,,"N","C","C","A","A","H","-","B","D",0,,,,,"Y",,"A","07",0,0,1,0,0,0,0,0,0,"-","-","ALAMEDA","OAKLAND",-122.17647,37.78266
"90039580",2015,2015-10-29,"9370",2015-10-14,"0550","019577",,3,3,7,"0109",0,1,"3",,2,"013","SR-13 S/B","PARK AVE.",150,"S","N","B","-","Y",,,,,,,,,,"Y",3,0,1,1,"C","-","18",,,"N","E","H","A","A","H","-","D","D",0,,,,,"Y",,"-","-",0,1,0,0,0,0,0,0,0,"-","-","ALAMEDA","OAKLAND",-122.20702,37.82126
"90039578",2015,2015-10-29,"9370",2015-10-14,"1853","020459",,3,2,7,"0109",0,1,"1",,2,"053","I-580 E/B","COOLIDGE AVE",253,"E","N","A","-","Y",,,,,,,,,,"N",4,0,1,2,"A","-","03",22350,,"N","C","C","A","A","H","-","D","D",0,,,,,"Y",,"A","01",0,0,1,0,0,0,0,0,0,"-","-","ALAMEDA","OAKLAND",-122.20998,37.79615
"90039575",2015,2015-10-29,"9370",2015-10-13,"1000","020123",,2,1,7,"0109",0,1,"1",,2,"055","I-580 W/B TO I-80 W/B","MANDELA PARKWAY",35,"E","N","A","-","Y",,,580,,,,"R",,"W","Y",4,0,1,3,"A","-","03",22350,,"N","C","C","A","A","H","-","A","D",0,,,,,"Y",,"A","01",0,0,1,0,0,0,0,0,0,"-","-","ALAMEDA","OAKLAND",-122.2904,37.827
"90039489",2015,2015-10-29,"9370",2015-10-14,"1755","019742",,3,2,7,"0109",0,1,"1",,2,"053","I-580 E/B","BOSTON AVE",100,"W","N","A","-","Y",,,580,,,,,,"E","N",4,0,2,3,"A","-","03",22350,,"N","C","C","A","A","H","-","A","D",0,,,,,"Y",,"A","01",0,0,2,0,0,0,0,0,0,"-","-","ALAMEDA","OAKLAND",-122.21407,37.79747
"90039337",2015,2015-10-29,"9370",2015-10-13,"2017","020155",,2,2,7,"0109",0,1,"3",,2,"024","SR-24 W/B","KAY RD.",345,"W","N","A","-","Y",,,24,,,,,,"W","Y",3,0,1,1,"A","-","08",22107,,"N","E","I","A","A","H","-","D","D",0,,,,,"Y",,"A","01",0,1,0,0,0,0,0,0,0,"-","-","ALAMEDA","OAKLAND",-122.22604,37.84879
"90039082",2015,2015-10-27,"9370",2015-10-13,"1610","019742",,2,2,7,"0109",0,1,"1",,2,"053","I-580 E/B","35TH AVE",100,"E","N","A","-","Y",,,580,,,,,,"E","Y",3,0,1,3,"A","-","03",22350,,"N","C","C","A","A","H","-","A","D",0,,,,,"Y",,"A","01",0,1,0,0,0,0,0,0,0,"-","-","ALAMEDA","OAKLAND",-122.20291,37.79153
"90039038",2015,2015-10-27,"9370",2015-10-09,"1740","019815",,5,2,7,"0109",0,1,"1",,2,"008","I-80 E/B TO I-580 E/B","I-880 N/B TO I-80 W/B",1250,"E","N","A","-","Y",,,80,,,,"R",,"E","N",4,0,1,5,"A","-","03",22350,,"N","C","C","A","A","H","-","A","D",0,,,,,"Y",,"A","01",0,0,1,0,0,0,0,0,0,"-","-","ALAMEDA","OAKLAND",-122.3011,37.8258
"90038826",2015,2015-10-27,"9370",2015-10-08,"1640","019815",,4,2,7,"0109",0,1,"1",,2,"053","I-580 E/B (MACARTHUR FREEWAY)","35TH AVE.",1500,"W","N","A","-","Y",,,580,,,,,,"E","N",4,0,1,2,"A","-","07",21658,"A","N","B","C","A","A","H","-","A","D",0,,,,,"Y",,"-","-",0,0,1,0,0,0,0,0,0,"-","-","ALAMEDA","OAKLAND",-122.20688,37.79468
"90038473",2015,2015-10-26,"9335",2015-10-12,"1120","019521",,1,1,7,"0109",0,1,"1",,1,"082","I-80 W/B","SFOBB METERING LIGHTS",5,"E","N","A","-","Y",,,,,,,,,,"N",4,0,1,2,"A","-","07",21658,"A","N","B","C","A","A","H","-","A","D",0,,,,,"Y",,"A","07",0,0,1,0,0,0,0,0,0,"-","-","ALAMEDA","OAKLAND",37.4926,-122.19524
"90038456",2015,2015-10-26,"9370",2015-10-22,"1500","021136",,4,2,7,"0109",0,1,"1",,2,"177","I-880 S/B","16TH AVE",2270,"N","N","A","-","Y",,,880,,,,,,"S","N",4,0,1,2,"A","-","03",22350,,"N","C","C","A","A","H","-","A","D",0,,,,,"Y",,"A","01",0,0,1,0,0,0,0,0,0,"-","-","ALAMEDA","OAKLAND",-122.24825,37.78745
"90036707",2015,2015-10-22,"9370",2015-10-06,"1303","014859",,2,1,7,"0109",0,1,"S",,2,"904","I-580 W/B","SR-13",528,"W","N","A","-","Y",,,580,,,,,,"W","Y",2,0,1,1,"A","-","03",22350,,"N","E","J","A","A","C","-","A","D",0,,,"Y",,"Y",,"C","02",1,0,0,0,0,0,0,0,1,"-","-","ALAMEDA","OAKLAND",-122.18493,37.78421
"90035818",2015,2015-10-21,"9370",2015-10-11,"2255","020939",,7,3,7,"0109",0,1,"1",,2,"176","I-880 N/B","FRUITVALE AVE",210,"N","N","A","-","Y",,,,,,,,,,"Y",4,0,1,3,"A","-","03",22350,,"N","C","C","A","A","H","-","D","D",0,,,,,"Y",,"A","01",0,0,1,0,0,0,0,0,0,"-","-","ALAMEDA","OAKLAND",-122.22862,37.77349
"90034870",2015,2015-10-20,"9370",2015-10-08,"1030","020394",,4,1,7,"0109",0,1,"1",,2,"176","I-880 N/B","HEGENBERGER RD",250,"S","N","A","-","Y",,,,,,,,,,"N",4,0,4,2,"A","-","04",21703,,"N","C","C","A","A","H","-","A","D",0,,,,,"Y",,"A","01",0,0,4,0,0,0,0,0,0,"-","-","ALAMEDA","OAKLAND",-122.19628,37.74065
"90034723",2015,2015-10-20,"9370",2015-10-07,"1555","019469",,3,2,7,"0109",0,1,"3",,2,"025","SR-24 E/B TO 51ST STREET","45TH STREET",80,"E","N","A","-","Y",,,24,,,,"R",,"E","N",4,0,1,2,"A","-","03",22350,,"M","C","C","A","A","H","-","A","D",0,,,,,"Y",,"-","99",0,0,1,0,0,0,0,0,0,"-","-","ALAMEDA","OAKLAND",-122.26571,37.83304
"90034127",2015,2015-10-19,"9370",2015-10-07,"1143","019866",,3,1,7,"0109",0,1,"1",,2,"008","I-80 W/B","W. GRAND AVE",50,"E","N","A","-","Y",,,80,,,,,,"W","Y",4,0,3,3,"A","-","03",22350,,"N","C","C","A","A","H","-","A","D",0,,,,,"Y",,"A","01",0,0,3,0,0,0,0,0,0,"-","-","ALAMEDA","OAKLAND",-122.30531,37.8255
"90033147",2015,2015-10-19,"9370",2015-10-04,"0050","020953",,7,3,7,"0109",0,1,"1",,2,"055","I-580 E/B","SAN PABLO AVENUE",226,"E","N","A","-","Y",,,580,,,,,,"E","Y",4,0,1,2,"A","-","07",21658,"A","N","B","C","A","A","H","-","C","D",0,,,,,"Y","Y","-","-",0,0,1,0,0,0,0,0,0,"-","-","ALAMEDA","OAKLAND",-122.27745,37.82637
"90033031",2015,2015-10-19,"9370",2015-10-06,"2250","017211",,2,3,7,"0109",0,1,"1",,2,"176","I-880 S/B","HEGENBERGER ROAD",1200,"S","N","A","-","Y",,,880,,,,,,"S","Y",4,0,1,3,"A","-","03",22350,,"N","C","C","A","A","H","-","D","D",0,,,,,"Y",,"A","01",0,0,1,0,0,0,0,0,0,"-","-","ALAMEDA","OAKLAND",-122.19275,37.73612
"90032949",2015,2015-10-19,"9370",2015-10-05,"0835","019577",,1,1,7,"0109",0,1,"3",,2,"024","SR-24 W/B","GOLDEN GATE AVE.",910,"E","N","A","-","Y",,,24,,,,,,"W","Y",4,0,2,2,"A","-","03",22350,,"N","C","C","A","A","H","-","A","D",0,,,,,"Y",,"A","01",0,0,2,0,0,0,0,0,0,"-","-","ALAMEDA","OAKLAND",-122.23744,37.8498
"90032752",2015,2015-10-19,"9370",2015-10-01,"1030","019577",,4,1,7,"0109",0,1,"1",,2,"052","I-580 E/B TO 98TH AVE.","GOLF LINKS RD.",371,"N","N","B","-","Y",,,,,,,,,,"Y",4,0,2,5,"A","-","03",22350,,"F","C","C","A","A","H","-","A","D",0,,,,,"Y",,"-","99",0,0,2,0,0,0,0,0,0,"-","-","ALAMEDA","OAKLAND",-122.15067,37.75461
"90032544",2015,2015-10-19,"9370",2015-10-04,"1721","016710",,7,2,7,"0109",0,1,"1",,2,"177","I-880 S/B","16TH AVENUE",785,"N","N","A","-","Y",,,880,,,,,,"S","Y",4,0,1,2,"A","-","03",22350,,"N","C","C","A","A","H","-","A","D",0,,,,,"Y",,"A","01",0,0,1,0,0,0,0,0,0,"-","-","ALAMEDA","OAKLAND",-122.24689,37.7869
"90032529",2015,2015-10-19,"9370",2015-10-03,"0220","021098",,6,3,7,"0109",0,1,"3",,2,"024","SR-24 W/B","KAY AVENUE",1216,"E","N","A","-","Y",,,24,,,,,,"W","Y",4,0,1,1,"A","-","08",22107,,"N","E","I","A","A","H","-","C","D",0,,,,,"Y",,"A","01",0,0,1,0,0,0,0,0,0,"-","-","ALAMEDA","OAKLAND",-122.22274,37.85184
"90032415",2015,2015-10-19,"9370",2015-10-03,"1658","019815",,6,2,7,"0109",0,1,"1",,2,"053","I-580 W/B (MACARTHUR FREEWAY)","13TH AVE.",380,"E","N","A","-","Y",,,580,,,,,,"W","Y",3,0,1,1,"A","-","01",23152,"A","N","E","I","A","A","H","-","A","D",0,,,,,"Y","Y","A","01",0,1,0,0,0,0,0,0,0,"-","-","ALAMEDA","OAKLAND",-122.23084,37.80234
"90032186",2015,2015-10-19,"9370",2015-10-01,"0120","019156",,4,3,7,"0109",0,1,"1",,2,"008","I-80 E/B","GRAND AVE OVERCROSSING",150,"W","N","A","-","Y",,,,,,,,,,"Y",3,0,1,3,"A","-","03",22350,,"N","C","C","A","A","D","-","C","A",0,,,,,"Y","Y","A","07",0,1,0,0,0,0,0,0,0,"-","-","ALAMEDA","OAKLAND",-122.29512,37.81926
"90031776",2015,2015-10-19,"9370",2015-10-01,"0920","019866",,4,1,7,"0109",0,1,"1",,2,"176","I-880 S/B","29TH AVE U/C",900,"S","N","A","-","Y",,,880,,,,,,"S","N",4,0,1,2,"A","-","03",22350,,"N","C","C","A","A","H","-","A","D",0,,,,,"Y",,"A","01",0,0,1,0,0,0,0,0,0,"-","-","ALAMEDA","OAKLAND",-122.23025,37.77386
"90031695",2015,2015-10-19,"9370",2015-10-07,"1253","018812",,3,1,7,"0109",0,1,"1",,2,"052","I-580 W/B","106TH AVE",750,"W","N","A","-","Y",,,580,,,,,,"W","Y",3,0,3,1,"A","-","08",22107,,"N","E","I","A","A","H","-","A","D",0,,,,,"Y",,"A","01",0,1,2,0,0,0,0,0,0,"-","-","ALAMEDA","OAKLAND",-122.1499,37.74724
"90031656",2015,2015-10-19,"9370",2015-10-02,"0815","020519",,5,1,7,"0109",0,1,"1",,2,"052","I-580 W/B","FONTAINE ST.",270,"W","N","A","-","Y",,,,,,,,,,"N",4,0,1,2,"A","-","03",22350,,"M","C","C","A","A","H","-","A","D",0,,,,,"Y",,"-","99",0,0,1,0,0,0,0,0,0,"-","-","ALAMEDA","OAKLAND",-122.15258,37.76691
"90031496",2015,2015-10-19,"9370",2015-09-30,"1810","021046",,3,2,7,"0109",0,1,"1",,2,"053","I-580 E/B","BOSTON AVE",140,"W","N","A","-","Y",,,580,,,,,,"E","N",4,0,3,3,"A","-","03",22350,,"N","C","C","A","A","H","-","A","D",0,,,,,"Y",,"A","01",0,0,3,0,0,0,0,0,0,"-","-","ALAMEDA","OAKLAND",-122.21415,37.79749
"90031475",2015,2015-10-19,"9370",2015-09-30,"0955","020734",,3,1,7,"0109",0,1,"1",,2,"052","I-580 E/B FROM FOOTHILL BOULEVARD","FOOTHILL BOULEVARD",500,"E","N","C","-","Y",,,580,,,,"R",,"E","Y",4,0,1,1,"A","-","03",22350,,"N","F","I","A","B","H","-","A","D",0,,,,,"Y",,"D","22",0,0,1,0,0,0,0,0,0,"-","-","ALAMEDA","OAKLAND",-122.14113,37.73722
"90031414",2015,2015-10-19,"9370",2015-09-30,"1215","018812",,3,1,7,"0109",0,1,"1",,2,"055","I-580 W/B","SAN PABLO AVE",128,"W","N","C","-","Y",,,580,,,,,,"W","N",4,0,1,5,"A","-","03",22350,,"N","C","C","A","B","H","-","A","D",0,,,,,"Y",,"A","08",0,0,1,0,0,0,0,0,0,"-","-","ALAMEDA","OAKLAND",-122.28631,37.82689
"90030998",2015,2015-10-19,"9370",2015-09-28,"0900","020939",,1,1,7,"0109",0,1,"1",,2,"055","I-580 W/B TO SR-24 E/B","40TH ST",100,"W","N","A","-","Y",,,,,,,,,,"N",4,0,1,2,"A","-","03",22350,,"N","C","C","A","A","H","-","A","D",0,,,,,"Y",,"A","01",0,0,1,0,0,0,0,0,0,"-","-","ALAMEDA","OAKLAND",37.49446,-122.15594
"90030936",2015,2015-10-19,"9370",2015-09-29,"2130","021046",,2,2,7,"0109",0,1,"1",,2,"055","I-580 W/B","ADELINE ST",282,"W","N","A","-","Y",,,580,,,,,,"W","Y",3,0,1,2,"A","-","03",22350,,"N","C","C","A","A","H","-","C","D",0,,,,,"Y",,"A","07",0,1,0,0,0,0,0,0,0,"-","-","ALAMEDA","OAKLAND",-122.2808,37.82735
"90029123",2015,2015-10-19,"9370",2015-09-26,"2349","021098",,6,3,7,"0109",0,1,"1",,2,"008","I-80 E/B","WEST GRAND AVENUE",2430,"E","N","A","-","Y",,,80,,,,,,"E","Y",2,0,1,2,"A","-","01",23152,"A","N","C","C","A","A","H","-","C","D",0,,,"Y",,"Y","Y","C","02",1,0,0,0,0,0,0,0,1,"-","-","ALAMEDA","OAKLAND",-122.30359,37.82545
"90029001",2015,2015-10-19,"9370",2015-09-26,"1730","019815",,6,2,7,"0109",0,1,"1",,2,"053","I-580 W/B (MACARTHUR FREEWAY)","35TH AVE",300,"E","N","A","-","Y",,,580,,,,,,"W","N",4,0,1,2,"A","-","03",22350,,"N","C","C","A","A","H","-","A","D",0,,,,,"Y",,"A","01",0,0,1,0,0,0,0,0,0,"-","-","ALAMEDA","OAKLAND",-122.20257,37.79151
"90028765",2015,2015-10-19,"9370",2015-09-23,"0010","019156",,3,3,7,"0109",0,1,"1",,2,"177","I-880 S/B FROM BROADWAY","HARRISON ST",30,"N","N","A","-","Y",,,880,,,,"R",,"S","Y",3,0,1,1,"A","-","01",23152,"A","N","E","I","A","A","H","-","C","D",0,,,"Y",,"Y","Y","C","02",0,1,0,0,0,0,0,0,1,"-","-","ALAMEDA","OAKLAND",-122.27168,37.79695
"90028299",2015,2015-10-19,"9370",2015-09-25,"2105","021098",,5,2,7,"0109",0,1,"1",,2,"008","I-80 W/B","WEST GRAND AVENUE",45,"E","N","A","-","Y",,,80,,,,,,"W","Y",4,0,1,2,"A","-","03",22350,,"N","C","C","A","A","H","-","D","D",0,,,,,"Y",,"A","01",0,0,1,0,0,0,0,0,0,"-","-","ALAMEDA","OAKLAND",-122.30911,37.82501
"90028094",2015,2015-10-19,"9370",2015-09-24,"0530","017211",,4,3,7,"0109",0,1,"1",,2,"009","I-580 W/B TO I-80 W/B","WEST GRAND AVENUE",2640,"E","N","B","-","Y",,,,,,,,,,"N",4,0,1,2,"A","-","07",21658,"A","F","C","C","A","A","H","-","D","D",0,,,,,"Y",,"-","99",0,0,1,0,0,0,0,0,0,"-","-","ALAMEDA","OAKLAND",-122.24005,37.80777
"90027716",2015,2015-10-19,"9370",2015-09-30,"1315","019577",,3,1,7,"0109",0,1,"3",,2,"013","SR-13 N/B TO SR-24 E/B","SR-24",50,"S","N","C","-","Y",,,13,,,,"R",,"N","Y",4,0,1,1,"A","-","08",22107,,"N","E","I","A","B","H","-","A","D",0,,,,,"Y",,"A","01",0,0,1,0,0,0,0,0,0,"-","-","ALAMEDA","OAKLAND",-122.22564,37.84857
"90027608",2015,2015-10-19,"9370",2015-09-24,"0531","020459",,4,3,7,"0109",0,1,"1",,2,"055","I-580 W/B","SAN PABLO AVE",147,"E","N","B","-","Y",,,580,,,,,,"W","N",4,0,1,4,"A","-","03",22350,,"M","C","C","A","A","H","-","D","D",0,,,,,"Y",,"-","99",0,0,1,0,0,0,0,0,0,"-","-","ALAMEDA","OAKLAND",-122.27797,37.82668
"90027602",2015,2015-10-19,"9370",2015-09-23,"0940","021050",,3,1,7,"0109",0,1,"1",,2,"098","I-980 W/B","34TH STREET",100,"E","N","A","-","Y",,,980,,,,,,"W","Y",4,0,1,2,"A","-","03",22350,,"N","C","C","A","A","H","-","A","D",0,,,,,"Y",,"A","01",0,0,1,0,0,0,0,0,0,"-","-","ALAMEDA","OAKLAND",-122.26888,37.82342
"90027517",2015,2015-10-19,"9370",2015-09-23,"0940","020734",,3,1,7,"0109",0,1,"3",,2,"025","SR-24 W/B","45TH STREET",500,"W","N","A","-","Y",,,24,,,,,,"W","Y",4,0,1,3,"A","-","03",22350,,"N","C","C","A","A","H","-","A","D",0,,,,,"Y",,"A","01",0,0,1,0,0,0,0,0,0,"-","-","ALAMEDA","OAKLAND",-122.26654,37.83326
"90027452",2015,2015-10-19,"9370",2015-09-22,"1650","017150",,2,2,7,"0109",0,1,"1",,2,"055","I-580 W/B","TELEGRAPH AVE",75,"E","N","A","-","Y",,,580,,,,,,"W","Y",4,0,1,3,"A","-","01",23152,"E","M","B","C","A","A","H","-","A","D",0,,,,,"Y",,"A","08",0,0,1,0,0,0,0,0,0,"-","-","ALAMEDA","OAKLAND",-122.26451,37.82349
"90027441",2015,2015-10-19,"9370",2015-09-23,"1715","017150",,3,2,7,"0109",0,1,"1",,2,"053","I-580 E/B","COOLIDGE AVE",650,"W","N","A","-","Y",,,580,,,,,,"E","Y",4,0,1,4,"A","-","03",22350,,"N","C","C","A","A","H","-","A","B",0,,,,,"Y",,"A","07",0,0,1,0,0,0,0,0,0,"-","-","ALAMEDA","OAKLAND",-122.21456,37.7976
"90027269",2015,2015-10-19,"9370",2015-09-21,"0145","021098",,1,3,7,"0109",0,1,"1",,2,"052","I-580 E/B","TWIN OAKS WAY",470,"W","N","A","-","Y",,,580,,,,,,"E","Y",4,0,2,2,"A","-","07",21658,"A","M","B","C","A","A","H","-","D","D",0,,,,,"Y",,"-","99",0,0,2,0,0,0,0,0,0,"-","-","ALAMEDA","OAKLAND",-122.14818,37.75743
"90025666",2015,2015-10-19,"9370",2015-09-21,"1700","017150",,1,2,7,"0109",0,1,"1",,2,"054","I-580 E/B","HIGHT ST.",400,"E","N","A","-","Y",,,580,,,,,,"E","Y",4,0,1,2,"A","-","03",22350,,"N","C","C","A","A","H","-","A","D",0,,,,,"Y",,"A","01",0,0,1,0,0,0,0,0,0,"-","-","ALAMEDA","OAKLAND",-122.21312,37.79723
"90025534",2015,2015-10-19,"9370",2015-10-01,"1715","019742",,4,2,7,"0109",0,1,"1",,2,"098","I-980 W/B","18TH ST",100,"E","N","A","-","Y",,,980,,,,,,"W","N",4,0,1,2,"A","-","07",21658,"A","N","B","C","A","A","H","-","A","D",0,,,,,"Y",,"-","-",0,0,1,0,0,0,0,0,0,"-","-","ALAMEDA","OAKLAND",-122.27607,37.80991
"90024936",2015,2015-10-19,"9370",2015-09-19,"2343","021098",,6,3,7,"0109",0,1,"1",,2,"055","I-580 E/B","HOLLIS ST",230,"W","N","A","-","Y",,,580,,,,,,"E","Y",3,0,1,2,"A","-","07",21658,"A","N","B","C","A","A","H","-","C","D",0,,,,,"Y","Y","A","07",0,1,0,0,0,0,0,0,0,"-","-","ALAMEDA","OAKLAND",-122.28562,37.82678
"90024433",2015,2015-10-19,"9370",2015-09-17,"1520","019577",,4,2,7,"0109",0,1,"3",,2,"013","SR-13 N/B","MORAGA AVE.",443,"S","N","A","-","Y",,,13,,,,,,"N","Y",4,0,1,1,"A","-","03",22350,,"N","F","A","A","A","H","-","A","D",0,,,"Y",,"Y",,"C","02",0,0,1,0,0,0,0,0,1,"-","-","ALAMEDA","OAKLAND",-122.21525,37.831
"90024368",2015,2015-10-19,"9370",2015-09-16,"1740","021046",,3,2,7,"0109",0,1,"1",,2,"054","I-580 W/B FROM GRAND AVENUE","SANTA CLARA AVENUE",254,"W","N","C","-","Y",,,580,,,,"R",,"W","Y",3,0,2,1,"A","-","08",22107,,"N","E","I","A","B","H","-","A","D",0,,,,,"Y",,"A","07",0,1,1,0,0,0,0,0,0,"-","-","ALAMEDA","OAKLAND",-122.2497,37.81269
"90024079",2015,2015-12-09,"9335",2015-09-20,"1145","019631",,7,1,7,"0109",0,1,"1",,2,"084","I-80 E/B","SAN FRANCISCO COUNTY",500,"E","N","A","-","Y",,,80,,,,,,"E","Y",3,0,1,1,"A","-","08",22107,,"N","E","I","A","A","H","-","A","D",0,,,,,"Y",,"A","01",0,1,0,0,0,0,0,0,0,"-","-","ALAMEDA","OAKLAND",-122.34939,37.81889
"90023689",2015,2015-10-19,"9370",2015-09-25,"0745","021050",,5,1,7,"0109",0,1,"1",,2,"177","I-880 N/B","16TH AVE",500,"S","N","A","-","Y",,,880,,,,,,"N","Y",4,0,1,2,"A","-","03",22350,,"N","C","C","A","A","H","-","A","D",0,,,"Y",,"Y",,"C","02",0,0,1,0,0,0,0,0,1,"-","-","ALAMEDA","OAKLAND",-122.24374,37.78552
"90023490",2015,2015-10-19,"9335",2015-09-19,"1013","020068",,6,1,7,"0109",0,1,"1",,1,"082","I-80 W/B","TOLL PLAZA",6705,"W","N","A","-","Y",,,,,,,,,,"Y",4,0,2,3,"A","-","03",22350,,"N","C","C","A","A","H","-","A","D",0,,,,,"Y",,"A","01",0,0,2,0,0,0,0,0,0,"-","-","ALAMEDA","OAKLAND",37.4915,-122.2011
"90023419",2015,2015-10-19,"9370",2015-09-17,"1415","020939",,4,2,7,"0109",0,1,"1",,2,"177","I-880 S/B","5TH AVE",1500,"S","N","A","-","Y",,,,,,,,,,"Y",4,0,2,4,"A","-","03",22350,,"N","C","C","A","A","H","-","A","D",0,,,,"Y","Y",,"G","25",0,0,2,0,0,0,0,0,0,"-","-","ALAMEDA","OAKLAND",-122.25845,37.78961
"90023272",2015,2015-10-19,"9335",2015-09-18,"1725","020068",,5,2,7,"0109",0,1,"1",,2,"084","I-80 E/B","THE TOLL PLAZA",374,"W","N","A","-","Y",,,,,,,,,,"Y",4,0,1,1,"A","-","08",22107,,"N","E","I","A","A","H","-","A","D",0,,,,,"Y",,"A","01",0,0,1,0,0,0,0,0,0,"-","-","ALAMEDA","OAKLAND",37.4924,-122.1856
"90022832",2015,2015-10-19,"9370",2015-09-11,"1405","019815",,5,2,7,"0109",0,1,"1",,2,"052","I-580 E/B (MACARTHUR FREEWAY)","KELLER AVE",1800,"E","N","A","-","Y",,,580,,,,,,"E","Y",3,0,1,2,"B","-","22",,,"M","B","C","A","A","H","-","A","D",0,,,,,"Y",,"A","01",0,1,0,0,0,0,0,0,0,"-","-","ALAMEDA","OAKLAND",-122.15591,37.77134
"90022781",2015,2015-10-19,"9370",2015-09-18,"1201","020258",,5,1,7,"0109",0,1,"1",,2,"177","I-880 S/B","16TH AVE",397,"S","N","A","-","Y",,,880,,,,,,"S","Y",4,0,1,2,"A","-","03",22350,,"N","C","C","A","A","H","-","A","D",0,,,,,"Y",,"D","22",0,0,1,0,0,0,0,0,0,"-","-","ALAMEDA","OAKLAND",-122.24594,37.78645
"90022664",2015,2015-10-19,"9370",2015-09-24,"1420","020155",,4,2,7,"0109",0,1,"3",,2,"024","SR-24 W/B","CALDECOTT TUNL",250,"W","N","A","-","Y",,,24,,,,,,"W","N",4,0,1,2,"A","-","02",22400,"A","N","C","C","A","A","H","-","A","D",0,,,,,"Y",,"A","01",0,0,1,0,0,0,0,0,0,"-","-","ALAMEDA","OAKLAND",-122.21942,37.85461
"90022560",2015,2015-10-19,"9370",2015-09-25,"0745","020428",,5,1,7,"0109",0,1,"1",,2,"052","I-580 W/B","KELLER AVE",2157,"E","N","A","-","Y",,,580,,,,,,"W","N",3,0,1,3,"A","-","03",22350,,"N","C","C","A","A","H","-","A","D",0,,,,,"Y",,"A","07",0,1,0,0,0,0,0,0,0,"-","-","ALAMEDA","OAKLAND",-122.1536,37.76854