"CASE_ID","ACCIDENT_YEAR","PROC_DATE","JURIS","COLLISION_DATE","COLLISION_TIME","OFFICER_ID","REPORTING_DISTRICT","DAY_OF_WEEK","CHP_SHIFT","POPULATION","CNTY_CITY_LOC","SPECIAL_COND","BEAT_TYPE","CHP_BEAT_TYPE","CITY_DIVISION_LAPD","CHP_BEAT_CLASS","BEAT_NUMBER","PRIMARY_RD","SECONDARY_RD","DISTANCE","DIRECTION","INTERSECTION","WEATHER_1","WEATHER_2","STATE_HWY_IND","CALTRANS_COUNTY","CALTRANS_DISTRICT","STATE_ROUTE","ROUTE_SUFFIX","POSTMILE_PREFIX","POSTMILE","LOCATION_TYPE","RAMP_INTERSECTION","SIDE_OF_HWY","TOW_AWAY","COLLISION_SEVERITY","NUMBER_KILLED","NUMBER_INJURED","PARTY_COUNT","PRIMARY_COLL_FACTOR","PCF_CODE_OF_VIOL","PCF_VIOL_CATEGORY","PCF_VIOLATION","PCF_VIOL_SUBSECTION","HIT_AND_RUN","TYPE_OF_COLLISION","MVIW","PED_ACTION","ROAD_SURFACE","ROAD_COND_1","ROAD_COND_2","LIGHTING","CONTROL_DEVICE","CHP_ROAD_TYPE","PEDESTRIAN_ACCIDENT","BICYCLE_ACCIDENT","MOTORCYCLE_ACCIDENT","TRUCK_ACCIDENT","NOT_PRIVATE_PROPERTY","ALCOHOL_INVOLVED","STWD_VEHTYPE_AT_FAULT","CHP_VEHTYPE_AT_FAULT","COUNT_SEVERE_INJ","COUNT_VISIBLE_INJ","COUNT_COMPLAINT_PAIN","COUNT_PED_KILLED","COUNT_PED_INJURED","COUNT_BICYCLIST_KILLED","COUNT_BICYCLIST_INJURED","COUNT_MC_KILLED","COUNT_MC_INJURED","PRIMARY_RAMP","SECONDARY_RAMP","COUNTY","CITY","POINT_X","POINT_Y"
"90021227",2015,2015-10-19,"9370",2015-09-20,"1130","020235",,7,1,7,"0109",0,1,"1",,2,"098","I-980 E/B","27TH STREET",1500,"E","N","A","-","Y",,,980,,,,,,"E","Y",2,0,1,2,"A","-","07",21658,"A","F","C","C","A","A","H","-","A","D",0,,,"Y",,"Y",,"A","01",1,0,0,0,0,0,0,0,1,"-","-","ALAMEDA","OAKLAND",-122.26914,37.8208
"90020561",2015,2015-10-19,"9370",2015-09-13,"2000","019815",,7,2,7,"0109",0,1,"1",,2,"052","I-580 E/B FROM HIGH STREET","HIGH ST",5,"W","N","A","-","Y",,,580,,,,"R",,"E","N",4,0,1,2,"A","-","10",21950,"A","N","G","B","B","A","H","-","C","A",0,"Y",,,,"Y",,"A","01",0,0,1,0,1,0,0,0,0,"-","-","ALAMEDA","OAKLAND",-122.1957,37.7871
"90020460",2015,2015-10-19,"9370",2015-09-12,"2040","020657",,6,2,7,"0109",0,1,"3",,2,"024","SR-24 EASTBOUND","KAY AVE",3000,"E","N","A","-","Y",,,,,,,,,,"Y",3,0,1,2,"A","-","01",23152,"A","N","C","C","A","A","H","-","C","D",0,,,,,"Y","Y","A","07",0,1,0,0,0,0,0,0,0,"-","-","ALAMEDA","OAKLAND",37.51193,-122.12525
"90020282",2015,2015-10-19,"9370",2015-09-11,"1738","016710",,5,2,7,"0109",0,1,"1",,2,"177","I-880 S/B","5TH AVENUE",1575,"S","N","A","-","Y",,,880,,,,,,"S","Y",3,0,2,4,"B","-","22",,,"N","B","C","A","A","H","-","A","D",0,,,,"Y","Y",,"A","08",0,1,1,0,0,0,0,0,0,"-","-","ALAMEDA","OAKLAND",-122.25455,37.78927
"90019740",2015,2015-10-19,"9370",2015-09-10,"1340","019815",,4,1,7,"0109",0,1,"3",,2,"024","SR-24 W/B (GROVE SHAFTER FREEWAY)","SR-13",500,"E","N","A","-","Y",,,24,,,,,,"W","N",4,0,1,2,"A","-","07",21658,"A","N","C","C","A","A","H","-","A","D",0,,,,,"Y",,"A","07",0,0,1,0,0,0,0,0,0,"-","-","ALAMEDA","OAKLAND",-122.22815,37.84887
"90019739",2015,2015-10-19,"9370",2015-09-06,"1515","020420",,7,2,7,"0109",0,1,"3",,2,"024","SR-24 E/B","SR-13 S/B",1480,"W","N","A","-","Y",,,24,,,,,,"E","Y",4,0,1,3,"A","-","03",22350,,"N","C","C","A","A","H","-","A","D",0,,,,,"Y",,"D","22",0,0,1,0,0,0,0,0,0,"-","-","ALAMEDA","OAKLAND",-122.23411,37.84852
"90019737",2015,2015-10-19,"9370",2015-09-10,"1745","019815",,4,2,7,"0109",0,1,"1",,2,"052","I-580 W/B (MACARTHUR FREEWAY)","DAVENPORT AVE",550,"W","N","A","-","Y",,,580,,,,,,"W","N",4,0,2,2,"A","-","03",22350,,"N","C","C","A","A","H","-","A","D",0,,,,,"Y",,"A","01",0,0,2,0,0,0,0,0,0,"-","-","ALAMEDA","OAKLAND",-122.18009,37.78406
"90019645",2015,2015-10-19,"9370",2015-09-09,"1400","019577",,3,2,7,"0109",0,1,"1",,2,"052","I-580 E/B","DUTTON AVE.",1320,"W","N","A","-","Y",,,580,,,,,,"E","Y",4,0,1,1,"A","-","08",22107,,"N","E","I","A","A","H","-","A","D",0,,,,,"Y",,"A","01",0,0,1,0,0,0,0,0,0,"-","-","ALAMEDA","OAKLAND",-122.14081,37.73731
"90019500",2015,2015-10-19,"9370",2015-09-08,"1958","020146",,2,2,7,"0109",0,1,"3",,2,"024","SR-24 WB TO I-580","42ND STREET",250,"W","N","A","-","Y",,,,,,,,,,"Y",3,0,1,2,"A","-","08",22107,,"F","B","C","A","A","H","-","C","D",0,,,"Y",,"Y",,"-","99",0,1,0,0,0,0,0,0,1,"-","-","ALAMEDA","OAKLAND",-122.267,37.83062
"90019191",2015,2015-10-19,"9370",2015-09-04,"1950","020657",,5,2,7,"0109",0,1,"1",,2,"176","I-880 NORTHBOUND","23RD AVENUE",745,"S","N","A","-","Y",,,,,,,,,,"Y",3,0,2,1,"A","-","08",22107,,"N","E","I","A","A","H","-","C","D",0,,,,,"Y",,"A","01",0,2,0,0,0,0,0,0,0,"-","-","ALAMEDA","OAKLAND",-122.23681,37.77746
"90019079",2015,2015-10-19,"9370",2015-09-10,"1054","020235",,4,1,7,"0109",0,1,"1",,2,"008","I-80 W/B","WEST GRAND AVENUE O/C",900,"E","N","A","-","Y",,,80,,,,,,"W","Y",4,0,1,2,"A","-","07",21658,"A","N","B","C","A","A","H","-","A","D",0,,,"Y",,"Y",,"A","01",0,0,1,0,0,0,0,0,1,"-","-","ALAMEDA","OAKLAND",-122.3026,37.82599
"90018791",2015,2015-10-19,"9370",2015-09-07,"1815","021046",,1,2,7,"0109",0,1,"1",,2,"177","I-880 N/B","HARRISON STREET",197,"S","N","A","-","Y",,,880,,,,,,"N","Y",3,0,8,3,"A","-","07",21658,"A","N","D","C","A","A","H","-","A","D",0,,,,,"Y",,"A","01",0,3,5,0,0,0,0,0,0,"-","-","ALAMEDA","OAKLAND",-122.27056,37.79687
"90018789",2015,2015-10-19,"9370",2015-09-08,"0630","021023",,2,1,7,"0109",0,1,"3",,2,"024","SR-24 W/B","SR-13",1500,"W","N","A","-","Y",,,24,,,,,,"W","N",4,0,1,2,"A","-","03",22350,,"N","C","C","A","A","H","-","A","D",0,,,,,"Y",,"A","07",0,0,1,0,0,0,0,0,0,"-","-","ALAMEDA","OAKLAND",-122.23421,37.84876
"90018785",2015,2015-10-19,"9370",2015-09-07,"1515","019866",,1,2,7,"0109",0,1,"1",,2,"008","I-80 W/B","W. GRAND AVENUE",100,"E","N","A","-","Y",,,80,,,,,,"W","Y",4,0,3,2,"A","-","03",22350,,"N","C","C","A","A","H","-","A","D",0,,,,,"Y",,"A","01",0,0,3,0,0,0,0,0,0,"-","-","ALAMEDA","OAKLAND",-122.30259,37.82599
"90018784",2015,2015-10-19,"9370",2015-09-03,"0905","019577",,4,1,7,"0109",0,1,"1",,2,"177","I-880 N/B FROM JACKSON ST.","JACKSON ST",150,"N","N","A","-","Y",,,,,,,,,,"Y",3,0,1,2,"A","-","03",22350,,"N","C","C","A","A","H","-","A","D",0,,,,,"Y",,"A","08",0,1,0,0,0,0,0,0,0,"-","-","ALAMEDA","OAKLAND",-122.26932,37.7964
"90018261",2015,2015-10-19,"9370",2015-09-07,"1430","019742",,1,2,7,"0109",0,1,"1",,2,"177","I-880 N/B","16TH AVE",1300,"N","N","A","-","Y",,,880,,,,,,"N","Y",4,0,1,3,"A","-","08",22107,,"N","E","I","A","A","H","-","A","D",0,,,,,"Y",,"A","01",0,0,1,0,0,0,0,0,0,"-","-","ALAMEDA","OAKLAND",-122.2487,37.78781
"90018259",2015,2015-10-19,"9370",2015-09-07,"0905","019742",,1,1,7,"0109",0,1,"1",,2,"177","I-880 S/B","OAK ST.",1500,"S","N","A","-","Y",,,880,,,,,,"S","Y",4,0,2,1,"A","-","08",22107,,"N","E","I","A","A","H","-","A","D",0,,,,,"Y",,"A","08",0,0,2,0,0,0,0,0,0,"-","-","ALAMEDA","OAKLAND",-122.26168,37.79158
"90018255",2015,2015-10-19,"9370",2015-09-07,"0745","021023",,1,1,7,"0109",0,1,"1",,2,"008","I-80 W/B","BAY BRIDGE TOLL PLAZA",35,"E","N","A","-","Y",,,80,,,,,,"W","Y",4,0,1,3,"A","-","03",22350,,"N","C","C","A","A","H","-","A","D",0,,,,,"Y",,"A","01",0,0,1,0,0,0,0,0,0,"-","-","ALAMEDA","OAKLAND",-122.3137,37.82487
"90018110",2015,2015-10-19,"9370",2015-09-06,"1735","016710",,7,2,7,"0109",0,1,"1",,2,"055","I-580 E/B TO SR-24 E/B","34TH STREET",690,"E","N","A","-","Y",,,580,,,,"R",,"E","Y",3,0,2,2,"A","-","07",21658,"A","F","E","I","A","A","H","-","A","D",0,,,"Y",,"Y",,"-","99",0,2,0,0,0,0,0,0,2,"-","-","ALAMEDA","OAKLAND",-122.26803,37.82496
"90017990",2015,2015-10-19,"9370",2015-09-05,"0320","020508",,6,3,7,"0109",0,1,"1",,2,"055","I-580 E/B","GRAND AVE",580,"W","N","A","-","Y",,,,,,,,,,"Y",2,0,1,1,"A","-","01",23152,"A","N","E","I","A","A","H","-","D","D",0,,,,,"Y","Y","A","01",1,0,0,0,0,0,0,0,0,"-","-","ALAMEDA","OAKLAND",-122.25008,37.81141
"90017894",2015,2015-10-19,"9370",2015-09-05,"0037","020630",,6,3,7,"0109",0,1,"1",,2,"177","I-880 N/B","BROADWAY",119,"N","N","A","-","Y",,,880,,,,,,"N","Y",4,0,1,2,"A","-","03",22350,,"N","C","C","A","A","H","-","D","D",0,,,,,"Y",,"A","01",0,0,1,0,0,0,0,0,0,"-","-","ALAMEDA","OAKLAND",-122.27535,37.79877
"90017763",2015,2015-10-19,"9370",2015-09-05,"0323","020508",,6,3,7,"0109",0,1,"1",,2,"054","I-580 E/B","GRAND AVE",85,"W","N","A","-","Y",,,,,,,,,,"Y",2,0,1,2,"A","-","03",22350,,"N","D","C","A","A","H","-","D","D",0,,,,,"Y","Y","A","01",1,0,0,0,0,0,0,0,0,"-","-","ALAMEDA","OAKLAND",-122.24891,37.81043
"90017752",2015,2015-10-19,"9370",2015-09-04,"1240","019815",,5,1,7,"0109",0,1,"1",,2,"052","I-580 E/B (MACARTHUR FREEWAY)","KELLER AVENUE",400,"E","N","A","-","Y",,,580,,,,,,"E","N",4,0,2,2,"A","-","03",22350,,"N","C","C","A","A","H","-","A","D",0,,,,,"Y",,"A","07",0,0,2,0,0,0,0,0,0,"-","-","ALAMEDA","OAKLAND",-122.15583,37.77126
"90017537",2015,2015-10-19,"9370",2015-09-03,"1040","014952",,4,1,7,"0109",0,1,"1",,2,"008","I-80 W/B","WEST GRAND AVE",1584,"E","N","A","-","Y",,,80,,,,,,"W","N",4,0,1,2,"A","-","03",22350,,"N","C","C","A","A","H","-","A","D",0,,,,,"Y",,"A","01",0,0,1,0,0,0,0,0,0,"-","-","ALAMEDA","OAKLAND",-122.29881,37.82687
"90017458",2015,2015-10-19,"9370",2015-08-31,"0549","019577",,1,3,7,"0109",0,1,"1",,2,"054","I-580 W/B","LAKESHORE AVE.",115,"W","N","A","-","Y",,,580,,,,,,"W","Y",3,0,1,1,"A","-","08",22107,,"N","E","I","A","A","H","-","C","D",0,,,,,"Y",,"A","01",0,1,0,0,0,0,0,0,0,"-","-","ALAMEDA","OAKLAND",-122.24728,37.81006
"90017394",2015,2015-10-19,"9370",2015-08-31,"0710","020949",,1,1,7,"0109",0,1,"1",,2,"176","I-880 N/B","98TH AVE",1600,"S","N","A","-","Y",,,880,,,,,,"N","N",4,0,1,3,"A","-","03",22350,,"N","C","C","A","A","H","-","A","D",0,,,,,"Y",,"A","01",0,0,1,0,0,0,0,0,0,"-","-","ALAMEDA","OAKLAND",-122.18514,37.72805
"90017359",2015,2015-10-19,"9370",2015-08-29,"1535","020155",,6,2,7,"0109",0,1,"1",,2,"054","I-580 E/B","GRAND AVE",100,"W","N","A","-","Y",,,580,,,,,,"E","Y",3,0,4,4,"A","-","03",22350,,"F","C","C","A","A","H","-","A","D",0,,,"Y",,"Y",,"A","01",0,4,0,0,0,0,0,0,4,"-","-","ALAMEDA","OAKLAND",-122.24931,37.81068
"90017318",2015,2015-10-19,"9335",2015-09-10,"0800","020274",,4,1,7,"0109",0,1,"1",,1,"082","I-80 W/B","ARMY RD",4857,"E","N","A","-","Y",,,,,,,,,,"Y",2,0,2,2,"A","-","03",22350,,"N","B","C","A","A","H","-","A","D",0,,,"Y",,"Y",,"C","02",1,0,1,0,0,0,0,0,1,"-","-","ALAMEDA","OAKLAND",37.49122,-122.20371
"90016401",2015,2015-10-19,"9370",2015-08-26,"1710","017150",,3,2,7,"0109",0,1,"1",,2,"052","I-580 E/B","SR-13",100,"E","N","A","-","Y",,,580,,,,,,"E","Y",4,0,1,3,"A","-","03",22350,,"N","B","C","A","A","H","-","A","D",0,,,"Y",,"Y",,"C","02",0,0,1,0,0,0,0,0,1,"-","-","ALAMEDA","OAKLAND",-122.17708,37.78304
"90015906",2015,2015-10-19,"9370",2015-08-31,"1630","020949",,1,2,7,"0109",0,1,"1",,2,"176","I-880 S/B","66TH AVE",2550,"N","N","A","-","Y",,,880,,,,,,"S","Y",3,0,3,3,"A","-","03",22350,,"N","C","C","A","A","H","-","A","D",0,,,,,"Y",,"A","07",0,2,1,0,0,0,0,0,0,"-","-","ALAMEDA","OAKLAND",-122.21364,37.75997
"90015744",2015,2015-10-19,"9370",2015-08-29,"0243","018712",,6,3,7,"0109",0,1,"1",,2,"052","I-580 E/B TO SEMINARY AVE","DAVENPORT AVE",535,"W","N","A","-","Y",,,580,,,,"R",,"E","Y",3,0,3,2,"A","-","03",22350,,"F","C","C","A","A","H","-","D","D",0,,,,,"Y",,"-","99",0,3,0,0,0,0,0,0,0,"-","-","ALAMEDA","OAKLAND",-122.18261,37.78379
"90015553",2015,2015-12-09,"9370",2015-08-08,"2230","021050",,6,3,7,"0109",0,1,"1",,2,"052","I-580 E/B","FOOTHILL BLVD",1741,"W","N","A","-","Y",,,580,,,,,,"E","N",4,0,2,2,"A","-","07",21658,"A","F","B","C","A","A","H","-","D","D",0,,,,,"Y",,"-","99",0,0,2,0,0,0,0,0,0,"-","-","ALAMEDA","OAKLAND",-122.1449,37.7414
"90015213",2015,2015-10-19,"9370",2015-08-27,"1625","016710",,4,2,7,"0109",0,1,"1",,2,"177","I-880 S/B","16TH AVENUE",985,"N","N","A","-","Y",,,880,,,,,,"S","Y",3,0,1,2,"A","-","03",22350,,"N","B","C","A","A","H","-","A","D",0,,,"Y",,"Y",,"C","02",0,1,0,0,0,0,0,0,1,"-","-","ALAMEDA","OAKLAND",-122.24768,37.78723
"90015131",2015,2015-10-19,"9370",2015-08-24,"0345","021050",,1,3,7,"0109",0,1,"1",,2,"008","I-80 W/B","WEST GRAND AVE",4330,"E","N","A","-","Y",,,,,,,,,,"Y",4,0,1,4,"C","-","18",,,"N","D","C","A","A","H","-","D","D",0,,,,,"Y",,"-","-",0,0,1,0,0,0,0,0,0,"-","-","ALAMEDA","OAKLAND",-122.29466,37.81964
"90014905",2015,2015-10-19,"9370",2015-08-31,"1020","019866",,1,1,7,"0109",0,1,"1",,2,"008","I-80 W/B","WEST GRAND AVE O/C",75,"W","N","A","-","Y",,,80,,,,,,"W","N",4,0,1,2,"A","-","03",22350,,"N","C","C","A","A","H","-","A","D",0,,,,,"Y",,"A","08",0,0,1,0,0,0,0,0,0,"-","-","ALAMEDA","OAKLAND",-122.30967,37.825
"90014686",2015,2015-10-19,"9370",2015-08-16,"1610","020356",,7,2,7,"0109",0,1,"1",,2,"054","I-580 E/B","CHETWOOD ST",980,"E","N","A","-","Y",,,580,,,,,,"E","Y",4,0,1,3,"A","-","07",21658,"A","N","B","C","A","A","H","-","A","D",0,,,,,"Y",,"A","07",0,0,1,0,0,0,0,0,0,"-","-","ALAMEDA","OAKLAND",-122.25093,37.81357
"90014423",2015,2015-10-19,"9370",2015-09-02,"1735","017150",,3,2,7,"0109",0,1,"1",,2,"177","I-880 S/B","16TH AVE",300,"N","N","A","-","Y",,,,,,,,,,"Y",4,0,1,2,"A","-","07",21658,"A","M","C","C","A","A","H","-","A","D",0,,,"Y",,"Y",,"-","99",0,0,1,0,0,0,0,0,1,"-","-","ALAMEDA","OAKLAND",-122.24547,37.78624
"90014205",2015,2015-10-19,"9370",2015-08-20,"1235","018812",,4,1,7,"0109",0,1,"1",,2,"055","I-580 E/B","WEST ST",340,"W","N","A","-","Y",,,580,,,,,,"E","Y",4,0,1,1,"A","-","08",22107,,"N","E","I","A","A","H","-","A","D",0,,,,,"Y",,"A","01",0,0,1,0,0,0,0,0,0,"-","-","ALAMEDA","OAKLAND",-122.27694,37.82624
"90014160",2015,2015-10-19,"9370",2015-08-26,"1514","018579",,3,2,7,"0109",0,1,"3",,2,"024","SR-24 E/B","CLAREMONT AVENUE",290,"E","N","A","-","Y",,,,,,,,,,"N",3,0,1,2,"A","-","07",21658,"A","N","B","C","A","A","H","-","A","D",0,,,"Y",,"Y",,"A","01",0,1,0,0,0,0,0,0,1,"-","-","ALAMEDA","OAKLAND",-122.25732,37.84243
"90013879",2015,2015-10-19,"9335",2015-08-29,"0034","020889",,6,3,7,"0109",0,1,"1",,2,"084","I-80 E/B","ALAMEDA COUNTY LINE",200,"E","N","B","-","Y",,,80,,,,,,"E","Y",3,0,2,2,"A","-","03",22350,,"N","D","C","A","A","H","-","C","D",0,,,,,"Y",,"A","01",0,1,1,0,0,0,0,0,0,"-","-","ALAMEDA","OAKLAND",-122.34879,37.81898
"90013717",2015,2015-10-19,"9370",2015-08-25,"0025","019156",,2,3,7,"0109",0,1,"1",,2,"055","I-580 E/B","HOLLIS ST",760,"W","N","A","-","Y",,,580,,,,,,"E","Y",3,0,3,2,"A","-","03",22350,,"N","C","C","A","A","D","-","C","D",0,,,,,"Y",,"A","01",0,1,2,0,0,0,0,0,0,"-","-","ALAMEDA","OAKLAND",-122.28708,37.82652
"90013519",2015,2015-10-19,"9370",2015-08-22,"0820","020155",,6,1,7,"0109",0,1,"3",,2,"024","I-580 E/B TO SR-24 E/B","34TH ST",100,"E","N","B","-","Y",,,580,,,,"R",,"E","Y",3,0,1,1,"A","-","08",22107,,"N","E","I","A","A","H","-","A","D",0,,,,,"Y",,"A","01",0,1,0,0,0,0,0,0,0,"-","-","ALAMEDA","OAKLAND",-122.26924,37.82454
"90013411",2015,2015-10-19,"9370",2015-08-26,"1735","018499",,3,2,7,"0109",0,1,"1",,2,"177","I-880 N/B","OAK ST",1690,"S","N","A","-","Y",,,880,,,,,,"N","Y",4,0,1,1,"A","-","08",22107,,"N","E","I","A","A","H","-","A","D",0,,,,,"Y",,"A","01",0,0,1,0,0,0,0,0,0,"-","-","ALAMEDA","OAKLAND",-122.26352,37.79335
"90013169",2015,2015-10-19,"9370",2015-08-20,"0516","020279",,4,3,7,"0109",0,1,"1",,2,"008","I-80 W/B","W. GRAND AVE",500,"W","N","A","-","Y",,,,,,,,,,"N",4,0,1,2,"A","-","07",21658,"A","N","C","C","A","A","H","-","C","D",0,,,"Y",,"Y",,"C","02",0,0,1,0,0,0,0,0,1,"-","-","ALAMEDA","OAKLAND",-122.29596,37.81857
"90013137",2015,2015-10-19,"9370",2015-08-21,"1345","020235",,5,1,7,"0109",0,1,"1",,2,"008","I-80 E/B","WEST GRAND AVENUE O/C",2000,"E","N","B","-","Y",,,80,,,,,,"E","Y",3,0,1,4,"A","-","01",23152,"A","N","C","C","A","A","H","-","A","D",0,,,,,"Y","Y","A","01",0,1,0,0,0,0,0,0,0,"-","-","ALAMEDA","OAKLAND",-122.30344,37.82548
"90012988",2015,2015-10-19,"9335",2015-08-23,"1805","020384",,7,2,7,"0109",0,1,"1",,1,"082","I-80 W/B","YERBA BUENA ISLAND",6300,"E","N","A","-","Y",,,80,,,,,,"W","Y",3,0,1,2,"A","-","07",21658,"A","N","B","C","A","A","H","-","A","D",0,,,,,"Y",,"A","07",0,1,0,0,0,0,0,0,0,"-","-","ALAMEDA","OAKLAND",-122.3486,37.81939
"90012985",2015,2015-10-19,"9335",2015-08-23,"1155","020068",,7,1,7,"0109",0,1,"1",,1,"082","I-80 W/B","METERING LIGHTS",4407,"W","N","A","-","Y",,,,,,,,,,"Y",4,0,6,2,"A","-","03",22350,,"N","C","C","A","A","H","-","A","D",0,,,,,"Y",,"A","01",0,0,6,0,0,0,0,0,0,"-","-","ALAMEDA","OAKLAND",37.4918,-122.1951
"90012509",2015,2015-10-19,"9370",2015-08-28,"1310","020447",,5,1,7,"0109",0,1,"1",,2,"176","I-880 N/B","HIGH ST",1460,"S","N","A","-","Y",,,880,,,,,,"N","Y",4,0,1,2,"A","-","03",22350,,"N","C","C","A","A","H","-","A","D",0,,,,,"Y",,"A","01",0,0,1,0,0,0,0,0,0,"-","-","ALAMEDA","OAKLAND",-122.2175,37.76491
"90012473",2015,2015-10-19,"9370",2015-08-14,"0315","021050",,5,3,7,"0109",0,1,"1",,2,"176","I-880 N/B","66TH AVE",275,"N","N","A","-","Y",,,,,,,,,,"Y",4,0,1,2,"A","-","03",22350,,"N","C","C","A","A","H","-","C","D",0,,,,,"Y",,"A","01",0,0,1,0,0,0,0,0,0,"-","-","ALAMEDA","OAKLAND",-122.20852,37.75458
"90012170",2015,2015-10-19,"9335",2015-08-27,"0940","019175",,4,1,7,"0109",0,1,"1",,1,"082","I-80 W/B (SFOBB)","METERING LIGHTS",15,"W","N","A","-","Y",,,,,,,,,,"Y",2,0,1,2,"A","-","03",22350,,"N","B","C","A","A","H","-","A","D",0,,,,,"Y",,"A","01",1,0,0,0,0,0,0,0,0,"-","-","ALAMEDA","OAKLAND",37.02358,-122.37665
"90012169",2015,2015-10-19,"9335",2015-08-27,"0925","019631",,4,1,7,"0109",0,1,"1",,1,"082","I-80 W/B","CALL BOX AL 80 07M",250,"E","N","A","-","Y",,,80,,,,,,"W","Y",3,0,1,4,"A","-","07",21658,"A","N","B","C","A","A","H","-","A","D",0,,,"Y",,"Y",,"A","01",0,1,0,0,0,0,0,0,1,"-","-","ALAMEDA","OAKLAND",-122.33258,37.8217
"90012031",2015,2015-10-19,"9370",2015-08-25,"1710","018499",,2,2,7,"0109",0,1,"1",,2,"177","I-880 N/B","JACKSON ST",350,"N","N","A","-","Y",,,880,,,,,,"N","N",4,0,2,3,"A","-","03",22350,,"F","C","C","A","A","H","-","A","D",0,,,,,"Y",,"-","99",0,0,2,0,0,0,0,0,0,"-","-","ALAMEDA","OAKLAND",-122.2698,37.79657
"90011907",2015,2015-10-19,"9370",2015-08-02,"1340","020953",,7,1,7,"0109",0,1,"1",,2,"176","I-880 S/B","HIGH STREET",1682,"N","N","A","-","Y",,,880,,,,,,"S","N",4,0,1,2,"A","-","03",22350,,"M","C","C","A","A","H","-","A","D",0,,,,,"Y",,"-","99",0,0,1,0,0,0,0,0,0,"-","-","ALAMEDA","OAKLAND",-122.22578,37.77236
"90011825",2015,2015-10-19,"9370",2015-08-18,"2235","017736",,2,3,7,"0109",0,1,"1",,2,"008","I-80 E/B","SFOBB TOLL PLAZA",174,"E","N","A","-","Y",,,,,,,,,,"Y",2,0,1,1,"A","-","03",22350,,"N","F","A","A","A","H","-","C","D",0,,,"Y",,"Y",,"C","02",1,0,0,0,0,0,0,0,1,"-","-","ALAMEDA","OAKLAND",37.49262,-122.18468
"90011772",2015,2015-10-19,"9335",2015-08-05,"0835","019737",,3,1,7,"0109",0,1,"1",,1,"082","I-80 W/B","TOLL PLAZA",315,"E","N","A","-","Y",,,,,,,,,,"N",4,0,1,2,"A","-","07",21658,"A","M","B","C","A","A","H","-","A","D",0,,,,,"Y",,"A","01",0,0,1,0,0,0,0,0,0,"-","-","ALAMEDA","OAKLAND",37.49296,-122.18458
"90011761",2015,2015-10-19,"9370",2015-08-22,"1705","020447",,6,2,7,"0109",0,1,"1",,2,"008","I-80 W/B","WEST GRAND AVE",1590,"E","N","A","-","Y",,,80,,,,,,"W","N",4,0,1,3,"A","-","03",22350,,"N","C","C","A","A","H","-","A","D",0,,,,,"Y",,"D","22",0,0,1,0,0,0,0,0,0,"-","-","ALAMEDA","OAKLAND",-122.30408,37.82572
"90011739",2015,2015-10-19,"9370",2015-08-21,"1610","019815",,5,2,7,"0109",0,1,"1",,2,"055","I-580 W/B TO SR-24 E/B","MACARTHUR BLVD",100,"W","N","B","-","Y",,,580,,,,"R",,"W","Y",4,0,2,2,"A","-","07",21658,"A","N","B","C","A","A","H","-","A","D",0,,,,,"Y",,"A","01",0,0,2,0,0,0,0,0,0,"-","-","ALAMEDA","OAKLAND",-122.26708,37.8264
"90011733",2015,2015-10-29,"9370",2015-08-21,"1230","020356",,5,1,7,"0109",0,1,"3",,2,"024","SR-24 E/B FROM 27TH STREET","27TH STREET",20,"E","N","A","-","Y",,,,,,,,,,"N",4,0,1,2,"A","-","09",21453,"B","N","D","C","A","A","H","-","A","A",0,,,,,"Y",,"A","01",0,0,1,0,0,0,0,0,0,"-","-","ALAMEDA","OAKLAND",-122.2615,37.81281
"90011589",2015,2015-10-19,"9370",2015-08-19,"1824","020586",,3,2,7,"0109",0,1,"1",,2,"008","I-80 E/B","W. GRAND AVE",37,"E","N","A","-","Y",,,80,,,,,,"E","Y",4,0,2,3,"A","-","03",22350,,"N","C","C","A","A","H","-","A","D",0,,,,,"Y",,"A","01",0,0,2,0,0,0,0,0,0,"-","-","ALAMEDA","OAKLAND",-122.30493,37.82514
"90011312",2015,2015-10-19,"9370",2015-08-19,"1035","019801",,3,1,7,"0109",0,1,"1",,2,"176","I-880 N/B","HIGH ST",2200,"S","N","A","-","Y",,,880,,,,,,"N","Y",4,0,1,3,"A","-","07",21658,"A","N","B","C","A","A","H","-","A","D",0,,,,"Y","Y",,"A","01",0,0,1,0,0,0,0,0,0,"-","-","ALAMEDA","OAKLAND",-122.21593,37.76311
"90011310",2015,2015-10-19,"9370",2015-08-17,"1635","017150",,1,2,7,"0109",0,1,"1",,2,"053","I-580 E/B","COOLIDGE AVE",100,"E","N","A","-","Y",,,580,,,,,,"E","Y",4,0,2,2,"A","-","04",21703,,"N","C","C","A","A","H","-","A","D",0,,,,,"Y",,"A","01",0,0,2,0,0,0,0,0,0,"-","-","ALAMEDA","OAKLAND",-122.21312,37.79723
"90011298",2015,2015-10-19,"9370",2015-08-20,"1120","021046",,4,1,7,"0109",0,1,"1",,2,"176","I-880 N/B","HIGH STREET",1880,"S","N","A","-","Y",,,880,,,,,,"N","Y",4,0,4,3,"A","-","03",22350,,"N","C","C","A","A","H","-","A","D",0,,,,,"Y",,"A","01",0,0,4,0,0,0,0,0,0,"-","-","ALAMEDA","OAKLAND",-122.21676,37.76402