"CASE_ID","ACCIDENT_YEAR","PROC_DATE","JURIS","COLLISION_DATE","COLLISION_TIME","OFFICER_ID","REPORTING_DISTRICT","DAY_OF_WEEK","CHP_SHIFT","POPULATION","CNTY_CITY_LOC","SPECIAL_COND","BEAT_TYPE","CHP_BEAT_TYPE","CITY_DIVISION_LAPD","CHP_BEAT_CLASS","BEAT_NUMBER","PRIMARY_RD","SECONDARY_RD","DISTANCE","DIRECTION","INTERSECTION","WEATHER_1","WEATHER_2","STATE_HWY_IND","CALTRANS_COUNTY","CALTRANS_DISTRICT","STATE_ROUTE","ROUTE_SUFFIX","POSTMILE_PREFIX","POSTMILE","LOCATION_TYPE","RAMP_INTERSECTION","SIDE_OF_HWY","TOW_AWAY","COLLISION_SEVERITY","NUMBER_KILLED","NUMBER_INJURED","PARTY_COUNT","PRIMARY_COLL_FACTOR","PCF_CODE_OF_VIOL","PCF_VIOL_CATEGORY","PCF_VIOLATION","PCF_VIOL_SUBSECTION","HIT_AND_RUN","TYPE_OF_COLLISION","MVIW","PED_ACTION","ROAD_SURFACE","ROAD_COND_1","ROAD_COND_2","LIGHTING","CONTROL_DEVICE","CHP_ROAD_TYPE","PEDESTRIAN_ACCIDENT","BICYCLE_ACCIDENT","MOTORCYCLE_ACCIDENT","TRUCK_ACCIDENT","NOT_PRIVATE_PROPERTY","ALCOHOL_INVOLVED","STWD_VEHTYPE_AT_FAULT","CHP_VEHTYPE_AT_FAULT","COUNT_SEVERE_INJ","COUNT_VISIBLE_INJ","COUNT_COMPLAINT_PAIN","COUNT_PED_KILLED","COUNT_PED_INJURED","COUNT_BICYCLIST_KILLED","COUNT_BICYCLIST_INJURED","COUNT_MC_KILLED","COUNT_MC_INJURED","PRIMARY_RAMP","SECONDARY_RAMP","COUNTY","CITY","POINT_X","POINT_Y"
"7137720",2015,2015-12-21,"0109",2015-07-31,"1658","9390","2",5,5,7,"0109",0,0,"0",,0,"030","BANCROFT AV","CHURCH ST",200,"E","N","A","-","N",,,,,,,,,,"N",3,0,1,2,"A","-","03",22350,,"F","G","B","D","A","H","-","A","D",0,"Y",,,,"Y",,"A","01",0,1,0,0,1,0,0,0,0,"-","-","ALAMEDA","OAKLAND",-122.17913,37.7676
"7136793",2015,2016-07-19,"0109",2015-09-21,"1015","8222","2",1,5,7,"0109",0,0,"0",,0,"35X","BANCROFT AV","86TH AV",0,,"Y","A","-","N",,,,,,,,,,"N",4,0,1,2,"A","-","12",22450,"A","N","D","C","A","A","H","-","A","D",0,,,,,"Y",,"A","01",0,0,1,0,0,0,0,0,0,"-","-","ALAMEDA","OAKLAND",-122.16826,37.75685
"7136789",2015,2015-12-17,"0109",2015-09-21,"0152","9286","1",1,5,7,"0109",0,0,"0",,0,"14X","VAN BUREN AV","STATEN AV",300,"N","N","A","-","N",,,,,,,,,,"N",4,0,1,4,"A","-","08",22107,,"N","B","E","A","A","H","-","C","D",0,,,,,"Y",,"A","01",0,0,1,0,0,0,0,0,0,"-","-","ALAMEDA","OAKLAND",-122.25462,37.8106
"7136785",2015,2015-12-17,"0109",2015-09-19,"1030","9324","1",6,5,7,"0109",0,0,"0",,0,"06X","LUSK ST","40TH ST",0,,"Y","A","-","N",,,,,,,,,,"N",4,0,3,2,"A","-","12",22450,,"F","D","C","A","A","H","-","A","A",0,,,,,"Y",,"A","01",0,0,3,0,0,0,0,0,0,"-","-","ALAMEDA","OAKLAND",-122.27203,37.83033
"7136777",2015,2015-12-17,"0109",2015-09-27,"1512","9407","2",7,5,7,"0109",0,0,"0",,0,"26X","73RD AV","INTERNATIONAL BL",0,,"Y","A","-","N",,,,,,,,,,"N",4,0,1,2,"A","-","11",21456,"B","N","G","B","B","A","H","-","A","A",0,"Y",,,,"Y",,"N","60",0,0,1,0,1,0,0,0,0,"-","-","ALAMEDA","OAKLAND",-122.18708,37.75921
"7136773",2015,2015-12-17,"0109",2015-09-12,"1244","9409","2",6,5,7,"0109",0,0,"0",,0,"26X","COLISEUM WY","50TH AV",1000,"E","N","A","-","N",,,,,,,,,,"N",4,0,1,2,"A","-","09",21804,"A","N","B","C","A","A","H","-","A","D",0,,,,,"Y",,"A","08",0,0,1,0,0,0,0,0,0,"-","-","ALAMEDA","OAKLAND",-122.21209,37.76209
"7136769",2015,2015-12-17,"0109",2015-09-28,"1021","9353","1",1,5,7,"0109",0,0,"0",,0,"10Y","MARTIN LUTHER KING JR WY","52ND ST",0,,"Y","A","-","N",,,,,,,,,,"N",4,0,2,3,"A","-","12",21453,"A","N","B","C","A","A","C","H","A","A",0,,,,,"Y",,"A","01",0,0,2,0,0,0,0,0,0,"-","-","ALAMEDA","OAKLAND",-122.2687,37.83719
"7136761",2015,2015-12-17,"0109",2015-09-22,"1736","9407","2",2,5,7,"0109",0,0,"0",,0,"33X","B ST","97TH AV",0,,"Y","B","-","N",,,,,,,,,,"N",3,0,1,2,"A","-","11",21954,"A","N","G","B","D","D","B","-","A","D",0,"Y",,,,"Y",,"N","60",0,1,0,0,1,0,0,0,0,"-","-","ALAMEDA","OAKLAND",-122.17441,37.74349
"7136757",2015,2015-12-17,"0109",2015-09-23,"0755","9371","1",3,5,7,"0109",0,0,"0",,0,"14X","ADAMS ST","PERKINS",160,"S","N","A","-","N",,,,,,,,,,"N",4,0,1,2,"A","-","13",22515,"B","N","G","B","E","A","H","-","A","D",0,"Y",,,,"Y",,"A","01",0,0,1,0,1,0,0,0,0,"-","-","ALAMEDA","OAKLAND",-122.25588,37.81437
"7136712",2015,2015-12-21,"0109",2015-10-03,"2342","9310","1",6,5,7,"0109",0,0,"0",,0,"03X","MADISON ST","13TH ST",0,,"Y","A","-","N",,,,,,,,,,"N",2,0,1,2,"D","-","00",,,"F","D","G","A","A","H","-","C","A",0,,"Y",,,"Y",,"-","-",1,0,0,0,0,0,1,0,0,"-","-","ALAMEDA","OAKLAND",-122.26449,37.80083
"7136701",2015,2015-12-17,"0109",2015-11-04,"0850","8655","1",3,5,7,"0109",0,0,"0",,0,"11X","SHATTUCK AV","56TH ST",0,,"Y","A","-","N",,,,,,,,,,"N",4,0,1,2,"A","-","09",21802,"A","N","D","C","A","A","H","-","A","A",0,,,,,"Y",,"A","08",0,0,1,0,0,0,0,0,0,"-","-","ALAMEDA","OAKLAND",-122.26464,37.84124
"7136697",2015,2015-12-17,"0109",2015-10-09,"1730","9280","2",5,5,7,"0109",0,0,"0",,0,"26X","E 12TH ST","44TH AV",0,,"Y","A","-","N",,,,,,,,,,"N",4,0,1,2,"A","-","09",21801,"A","N","D","C","A","A","H","-","A","A",0,,,,,"Y",,"A","08",0,0,1,0,0,0,0,0,0,"-","-","ALAMEDA","OAKLAND",-122.21482,37.77114
"7136689",2015,2015-12-17,"0109",2015-11-15,"0035","9129","1",7,5,7,"0109",0,0,"0",,0,"02X","5TH ST","UNION ST",0,,"Y","A","-","N",,,,,,,,,,"Y",4,0,1,2,"A","-","01",23152,"A","N","D","C","A","A","H","-","C","A",0,,,,,"Y","Y","A","01",0,0,1,0,0,0,0,0,0,"-","-","ALAMEDA","OAKLAND",-122.29091,37.80348
"7136420",2015,2015-12-17,"0109",2015-05-15,"1420","9446","1",5,5,7,"0109",0,0,"0",,0,"04X","17TH ST","JEFFERSON ST",0,,"Y","A","-","N",,,,,,,,,,"N",4,0,2,2,"A","-","12",21453,"A","N","D","C","A","A","H","-","A","A",0,,,,,"Y",,"-","-",0,0,2,0,0,0,0,0,0,"-","-","ALAMEDA","OAKLAND",-122.27359,37.80762
"7136271",2015,2015-12-15,"0109",2015-04-09,"1528","8609","2",4,5,7,"0109",0,0,"0",,0,"023","INTERNATIONAL BL","35TH AV",0,,"Y","B","-","N",,,,,,,,,,"N",4,0,1,2,"A","-","03",22350,,"N","D","C","A","A","H","-","A","A",0,,,"Y",,"Y",,"C","02",0,0,1,0,0,0,0,0,1,"-","-","ALAMEDA","OAKLAND",-122.2227,37.77613
"7135998",2015,2015-12-21,"0109",2015-06-28,"1138","9446","1",7,5,7,"0109",0,0,"0",,0,"020","INTERNATIONAL BL","25TH AV",0,,"Y","A","-","N",,,,,,,,,,"Y",4,0,1,2,"A","-","12",21453,"A","N","D","C","A","A","H","-","A","A",0,,,,,"Y",,"A","07",0,0,1,0,0,0,0,0,0,"-","-","ALAMEDA","OAKLAND",-122.23385,37.78215
"7135986",2015,2015-12-14,"0109",2015-07-27,"2221","9259","2",1,5,7,"0109",0,0,"0",,0,"29X","69TH AV","MACARTHUR BL",0,,"Y","A","-","N",,,,,,,,,,"N",4,0,1,2,"A","-","10",21950,"A","N","G","B","B","A","H","-","C","A",0,"Y",,,,"Y",,"A","01",0,0,1,0,1,0,0,0,0,"-","-","ALAMEDA","OAKLAND",-122.17541,37.77073
"7135982",2015,2015-12-14,"0109",2015-07-17,"2042","8432","2",5,5,7,"0109",0,0,"0",,0,"31X","EDES AV","85TH AV",0,,"Y","A","-","N",,,,,,,,,,"Y",2,0,1,2,"A","-","12",22450,"A","F","D","C","A","A","H","-","C","A",0,,,"Y",,"Y",,"C","02",1,0,0,0,0,0,0,0,1,"-","-","ALAMEDA","OAKLAND",-122.1929,37.73902
"7135974",2015,2015-12-15,"0109",2015-07-24,"1558","9407","1",5,5,7,"0109",0,0,"0",,0,"03X","7TH ST","HARRISON ST",0,,"Y","A","-","N",,,,,,,,,,"N",4,0,2,2,"A","-","12",21453,"A","N","D","C","A","A","H","-","A","A",0,,,,,"Y",,"-","-",0,0,2,0,0,0,0,0,0,"-","-","ALAMEDA","OAKLAND",-122.27063,37.79809
"7135816",2015,2015-12-14,"0109",2015-09-23,"1124","9278","2",3,5,7,"0109",0,0,"0",,0,"23X","INTERNATIONAL BL","42ND AV",78,"W","N","A","-","N",,,,,,,,,,"N",4,0,1,3,"A","-","03",22350,,"N","C","C","A","A","H","-","A","A",0,,,,,"Y",,"A","01",0,0,1,0,0,0,0,0,0,"-","-","ALAMEDA","OAKLAND",-122.21649,37.77313
"7135812",2015,2015-12-14,"0109",2015-09-15,"0657","9282","1",2,5,7,"0109",0,0,"0",,0,"04X","CASTRO ST","17TH ST",75,"N","N","B","-","N",,,,,,,,,,"N",4,0,1,2,"A","-","17",21657,,"N","D","-","A","A","H","-","A","D",0,,"Y",,,"Y",,"L","04",0,0,1,0,0,0,1,0,0,"-","-","ALAMEDA","OAKLAND",-122.27583,37.80883
"7135808",2015,2015-12-14,"0109",2015-09-22,"0745","7975","1",2,5,7,"0109",0,0,"0",,0,"03X","7TH ST","WEBSTER ST",0,,"Y","A","-","N",,,,,,,,,,"N",4,0,1,2,"A","-","10",21950,"A","N","G","B","B","A","H","-","A","A",0,"Y",,,,"Y",,"A","08",0,0,1,0,1,0,0,0,0,"-","-","ALAMEDA","OAKLAND",-122.27179,37.79856
"7135800",2015,2015-12-14,"0109",2015-09-24,"1335","9211","1",4,5,7,"0109",0,0,"0",,0,"02X","12TH ST","POPULAR ST",0,,"Y","A","-","N",,,,,,,,,,"N",4,0,1,1,"A","-","08",22107,,"N","E","I","A","A","H","-","A","A",0,,,,,"Y",,"A","01",0,0,1,0,0,0,0,0,0,"-","-","ALAMEDA","OAKLAND",-122.28993,37.8086
"7135796",2015,2015-12-14,"0109",2015-09-28,"1246","9447","1",1,5,7,"0109",0,0,"0",,0,"20X","29TH AV","E 16TH ST",0,,"Y","A","-","N",,,,,,,,,,"N",4,0,1,2,"A","-","09",21802,"A","N","D","C","A","A","H","-","A","A",0,,,,,"Y",,"A","01",0,0,1,0,0,0,0,0,0,"-","-","ALAMEDA","OAKLAND",-122.22745,37.78094
"7135792",2015,2015-12-14,"0109",2015-09-10,"0753","9410","2",4,5,7,"0109",0,0,"0",,0,"35X","90TH AV","BANCROFT AV",105,"N","N","A","-","N",,,,,,,,,,"N",4,0,1,2,"A","-","09",21804,"A","N","H","G","A","A","H","-","A","A",0,,"Y",,,"Y",,"A","08",0,0,1,0,0,0,1,0,0,"-","-","ALAMEDA","OAKLAND",-122.16549,37.7537
"7135788",2015,2015-12-17,"0109",2015-09-27,"1309","9371","1",7,5,7,"0109",0,0,"0",,0,"14X","MACARTHUR BL","OAKLAND AV",0,,"Y","A","-","N",,,,,,,,,,"Y",4,0,2,3,"A","-","12",21453,"A","N","D","C","A","A","H","-","A","A",0,,,,,"Y",,"-","-",0,0,2,0,0,0,0,0,0,"-","-","ALAMEDA","OAKLAND",-122.25345,37.81914
"7133555",2015,2015-12-16,"0109",2015-11-17,"0928","9278","2",2,5,7,"0109",0,0,"0",,0,"33X","85TH AV","SAN LEANDRO ST",0,,"Y","A","-","N",,,,,,,,,,"Y",4,0,1,2,"A","-","09",21801,"A","M","A","C","A","A","H","-","A","A",0,,,,,"Y",,"A","01",0,0,1,0,0,0,0,0,0,"-","-","ALAMEDA","OAKLAND",-122.18908,37.747
"7133543",2015,2015-12-16,"0109",2015-11-29,"1615","9140","2",7,5,7,"0109",0,0,"0",,0,"31X","SAN LEANDRO ST","85TH AV",0,,"Y","A","-","N",,,,,,,,,,"N",4,0,1,2,"A","-","12",21453,"A","M","D","C","A","A","H","-","A","A",0,,,,,"Y",,"A","01",0,0,1,0,0,0,0,0,0,"-","-","ALAMEDA","OAKLAND",-122.18908,37.747
"7133491",2015,2015-12-14,"0109",2015-10-13,"1508","9305","2",2,5,7,"0109",0,0,"0",,0,"25Y","MOUNTAIN BL","KELLER AV",0,,"Y","A","-","N",,,,,,,,,,"N",4,0,1,2,"A","-","12",22450,"A","M","D","C","A","A","H","-","A","A",0,,,,,"Y",,"A","01",0,0,1,0,0,0,0,0,0,"-","-","ALAMEDA","OAKLAND",-122.15587,37.77228
"7133487",2015,2015-12-14,"0109",2015-10-17,"1004","9447","1",6,5,7,"0109",0,0,"0",,0,"03X","LAKE MERRITT BL","12TH ST",0,,"Y","B","-","N",,,,,,,,,,"N",4,0,2,2,"A","-","12",21453,"A","N","B","C","A","A","H","-","A","A",0,,"Y",,,"Y",,"L","04",0,0,2,0,0,0,2,0,0,"-","-","ALAMEDA","OAKLAND",-122.26191,37.79907
"7133483",2015,2015-12-14,"0109",2015-10-06,"1543","9385","1",2,5,7,"0109",0,0,"0",,0,"06X","35TH ST","MARKET",100,"W","N","A","-","N",,,,,,,,,,"N",4,0,1,2,"A","-","03",22350,,"N","C","C","A","A","H","-","A","A",0,,,,,"Y",,"A","01",0,0,1,0,0,0,0,0,0,"-","-","ALAMEDA","OAKLAND",-122.27553,37.82563
"7133471",2015,2015-12-11,"0109",2015-10-05,"1820","9128","1",1,5,7,"0109",0,0,"0",,0,"08X","24TH ST","WEBSTER ST",0,,"Y","A","-","N",,,,,,,,,,"N",3,0,1,2,"A","-","12",22450,"A","N","D","-","A","A","-","-","B","A",0,,,,,"Y",,"-","-",0,1,0,0,0,0,0,0,0,"-","-","ALAMEDA","OAKLAND",-122.26492,37.81328
"7133467",2015,2015-12-11,"0109",2015-10-04,"0200","9231","1",7,5,7,"0109",0,0,"0",,0,"22X","MACARTHUR BL","LAGUNA AV",5,"W","N","A","-","N",,,,,,,,,,"N",3,0,1,2,"A","-","11",21954,"A","F","G","B","D","A","H","-","C","D",0,"Y",,,,"Y","Y","A","01",0,1,0,0,1,0,0,0,0,"-","-","ALAMEDA","OAKLAND",-122.21096,37.79903
"7133463",2015,2015-12-21,"0109",2015-10-06,"0820","8347","1",2,5,7,"0109",0,0,"0",,0,"07X","SAN PABLO AV","MEAD AV",90,"N","N","A","-","N",,,,,,,,,,"N",3,0,1,2,"D","-","00",,,"M","D","B","D","A","H","-","A","D",0,"Y",,,,"Y",,"-","-",0,1,0,0,1,0,0,0,0,"-","-","ALAMEDA","OAKLAND",-122.27531,37.81667
"7133459",2015,2015-12-11,"0109",2015-10-18,"0030","9243","2",7,5,7,"0109",0,0,"0",,0,"24X","38TH AV","MERA ST",345,"N","N","A","-","N",,,,,,,,,,"N",4,0,1,2,"A","-","01",23152,"A","N","A","C","A","A","H","-","C","D",0,,,,,"Y","Y","A","01",0,0,1,0,0,0,0,0,0,"-","-","ALAMEDA","OAKLAND",-122.2142,37.78079
"7133455",2015,2015-12-11,"0109",2015-10-08,"1902","9384","2",4,5,7,"0109",0,0,"0",,0,"31X","98TH","DENSLOW ST",0,,"Y","A","-","N",,,,,,,,,,"N",2,0,1,2,"A","-","09",21801,"A","F","D","C","A","A","H","-","C","A",0,,,"Y",,"Y",,"-",,1,0,0,0,0,0,0,0,1,"-","-","ALAMEDA","OAKLAND",,
"7133447",2015,2015-12-11,"0109",2015-10-08,"1402","9409","2",4,5,7,"0109",0,0,"0",,0,"26X","COLISEUM WY","45TH AV",50,"E","N","A","-","N",,,,,,,,,,"N",3,0,1,2,"A","-","08",22107,,"M","B","G","A","A","H","-","A","D",0,,"Y",,,"Y",,"A","01",0,1,0,0,0,0,1,0,0,"-","-","ALAMEDA","OAKLAND",-122.21881,37.76685
"7130480",2015,2015-12-08,"0109",2015-09-23,"1804","8856","2",3,5,7,"0109",0,0,"0",,0,"27X","SEMINARY AV","HARMON AV",0,,"Y","A","-","N",,,,,,,,,,"N",4,0,1,2,"A","-","09",21802,"A","N","B","C","A","A","H","-","A","A",0,,,,,"Y",,"A","01",0,0,1,0,0,0,0,0,0,"-","-","ALAMEDA","OAKLAND",-122.19511,37.76824
"7130476",2015,2015-12-08,"0109",2015-09-12,"1446","9390","2",6,5,7,"0109",0,0,"0",,0,"27X","BANCROFT AV","45TH AV",0,,"Y","B","-","N",,,,,,,,,,"N",4,0,2,2,"A","-","09",21802,"A","N","D","C","A","A","H","-","A","A",0,,,,,"Y",,"A","01",0,0,2,0,0,0,0,0,0,"-","-","ALAMEDA","OAKLAND",-122.21198,37.77263
"7130472",2015,2015-12-08,"0109",2015-09-13,"1833","9325","1",7,5,7,"0109",0,0,"0",,0,"19X","23RD AV","E 15TH ST",0,,"Y","A","-","N",,,,,,,,,,"N",4,0,1,2,"A","-","09",21802,"A","N","D","C","A","A","H","-","A","A",0,,,,,"Y",,"A","01",0,0,1,0,0,0,0,0,0,"-","-","ALAMEDA","OAKLAND",-122.23515,37.78424
"7130468",2015,2015-12-08,"0109",2015-09-20,"1005","9171","1",7,5,7,"0109",0,0,"0",,0,"12X","KEITH AV","MCMILLAN ST",50,,"N","A","-","N",,,,,,,,,,"N",4,0,1,2,"D","-","00",,,"N","D","G","A","A","H","-","A","D",0,,"Y",,,"Y",,"-","-",0,0,1,0,0,0,1,0,0,"-","-","ALAMEDA","OAKLAND",-122.2488,37.84527
"7130464",2015,2015-12-08,"0109",2015-09-26,"1707","9090","2",6,5,7,"0109",0,0,"0",,0,"30X","74TH AV","INTERNATIONAL BL",600,"N","N","A","-","N",,,,,,,,,,"N",2,0,1,2,"A","-","08",22103,,"N","D","C","A","A","H","-","A","D",0,,,"Y",,"Y",,"A","07",1,0,0,0,0,0,0,0,1,"-","-","ALAMEDA","OAKLAND",-122.18464,37.75984
"7130420",2015,2015-12-08,"0109",2015-10-27,"1850","9113","2",2,5,7,"0109",0,0,"0",,0,"23X","35TH AV","FOOTHILL BL",0,,"Y","B","-","N",,,,,,,,,,"N",4,0,2,2,"A","-","09",21801,"A","N","A","C","A","A","H","-","C","A",0,,,,,"Y",,"A","01",0,0,2,0,0,0,0,0,0,"-","-","ALAMEDA","OAKLAND",-122.21912,37.78219
"7130416",2015,2015-12-08,"0109",2015-10-02,"2110","9404","2",5,5,7,"0109",0,0,"0",,0,"30X","73RD AV","ARTHUR ST",0,,"Y","A","-","N",,,,,,,,,,"N",4,0,2,2,"A","-","12",21453,"A","N","D","C","A","A","H","-","C","A",0,,,,,"Y",,"A","01",0,0,2,0,0,0,0,0,0,"-","-","ALAMEDA","OAKLAND",-122.18038,37.76369
"7130412",2015,2015-12-08,"0109",2015-10-04,"1935","9127","1",7,5,7,"0109",0,0,"0",,0,"01X","MARTIN LUTHER KING JR WY","2ND ST",0,,"Y","A","-","N",,,,,,,,,,"N",4,0,1,2,"A","-","09",21802,"A","N","D","G","A","A","H","-","C","A",0,,"Y",,,"Y",,"L","04",0,0,1,0,0,0,1,0,0,"-","-","ALAMEDA","OAKLAND",-122.28111,37.79793
"7129885",2015,2015-12-07,"0109",2015-04-20,"1638","9326","1",1,5,7,"0109",0,0,"0",,0,"04X","BROADWAY","15TH ST",15,"S","N","A","-","N",,,,,,,,,,"N",3,0,1,2,"A","-","08",22107,,"N","C","G","A","A","H","-","A","A",0,,"Y",,,"Y",,"L","04",0,1,0,0,0,0,1,0,0,"-","-","ALAMEDA","OAKLAND",-122.27062,37.80526
"7129861",2015,2015-12-07,"0109",2015-05-18,"1417","9380","2",1,5,7,"0109",0,0,"0",,0,"32X","98TH AV","B ST",3,"S","N","A","-","N",,,,,,,,,,"Y",4,0,1,3,"A","-","08",22107,,"N","A","C","A","A","H","-","A","A",0,,,,,"Y",,"A","01",0,0,1,0,0,0,0,0,0,"-","-","ALAMEDA","OAKLAND",-122.1739,37.74277
"7129598",2015,2015-12-07,"0109",2015-09-14,"1631","9107","2",1,5,7,"0109",0,0,"0",,0,"31X","HEGENBERGER RD","COLLINS AV",0,,"Y","B","-","N",,,,,,,,,,"Y",4,0,1,2,"A","-","09",21804,"A","N","F","C","A","A","H","-","A","B",0,,,,,"Y",,"A","01",0,0,1,0,0,0,0,0,0,"-","-","ALAMEDA","OAKLAND",-122.19618,37.74551
"7129594",2015,2015-12-07,"0109",2015-09-13,"1417","9149","1",7,5,7,"0109",0,0,"0",,0,"14Y","LAKESHORE AV","TRESTLE GLEN RD",10,"S","N","A","-","N",,,,,,,,,,"N",3,0,1,2,"A","-","03",22350,,"N","C","G","A","A","H","-","A","D",0,,"Y",,,"Y",,"L","04",0,1,0,0,0,0,1,0,0,"-","-","ALAMEDA","OAKLAND",-122.24329,37.81101
"7129590",2015,2015-12-07,"0109",2015-09-11,"2025","9209","1",5,5,7,"0109",0,0,"0",,0,"02X","7TH ST","MARKET ST",0,,"Y","A","-","N",,,,,,,,,,"Y",4,0,1,2,"A","-","09",21801,"A","N","D","C","A","A","H","-","A","A",0,,,,,"Y",,"A","01",0,0,1,0,0,0,0,0,0,"-","-","ALAMEDA","OAKLAND",-122.28299,37.8027
"7129586",2015,2015-12-07,"0109",2015-09-28,"1637","9172","1",1,5,7,"0109",0,0,"0",,0,"22X","MACARTHUR BL","35TH AV",0,,"Y","A","-","N",,,,,,,,,,"N",4,0,1,2,"A","-","08",22107,,"M","G","B","B","A","H","-","A","A",0,"Y",,,,"Y",,"A","01",0,0,1,0,1,0,0,0,0,"-","-","ALAMEDA","OAKLAND",-122.2007,37.79381
"7129582",2015,2015-12-07,"0109",2015-09-12,"1245","9263","2",6,5,7,"0109",0,0,"0",,0,"35X","MACARTHUR BL","HIGH ST",70,"E","N","A","-","N",,,,,,,,,,"N",4,0,1,2,"A","-","03",22350,,"M","C","C","A","A","H","-","A","A",0,,,,,"Y",,"A","07",0,0,1,0,0,0,0,0,0,"-","-","ALAMEDA","OAKLAND",-122.19466,37.78721
"7129578",2015,2015-12-07,"0109",2015-09-18,"1540","9384","2",5,5,7,"0109",0,0,"0",,0,"31X","PENDLETON WY","EDGEWATER DR",20,"S","N","A","-","N",,,,,,,,,,"N",3,0,1,1,"A","-","08",22107,,"N","E","I","A","A","H","-","A","A",0,,,,,"Y",,"A","01",0,1,0,0,0,0,0,0,0,"-","-","ALAMEDA","OAKLAND",-122.19951,37.73762
"7129575",2015,2015-12-07,"0109",2015-08-27,"1434","9409","2",4,5,7,"0109",0,0,"0",,0,"26X","INTERNATIONAL BL","51ST AV",5,"S","N","A","-","N",,,,,,,,,,"N",4,0,1,2,"A","-","07",21658,"A","N","B","C","A","A","H","-","A","D",0,,,"Y",,"Y",,"A","01",0,0,1,0,0,0,0,0,1,"-","-","ALAMEDA","OAKLAND",-122.20787,37.76903
"7129574",2015,2015-12-07,"0109",2015-09-15,"1815","8869","1",2,5,7,"0109",0,0,"0",,0,"10X","SAN PABLO AV","62ND ST",0,,"Y","B","-","N",,,,,,,,,,"N",3,0,1,2,"A","-","04",21703,,"N","D","G","A","A","H","-","A","D",0,,"Y",,,"Y",,"L","04",0,1,0,0,0,0,1,0,0,"-","-","ALAMEDA","OAKLAND",-122.28435,37.84473
"7129571",2015,2015-12-07,"0109",2015-08-13,"1956","9384","2",4,5,7,"0109",0,0,"0",,0,"34X","BURLWOOD AV","CLARA ST",15,"E","N","A","-","N",,,,,,,,,,"N",4,0,1,2,"A","-","11",21954,"A","N","G","B","D","A","H","-","A","D",0,"Y",,,,"Y",,"A","01",0,0,1,0,1,0,0,0,0,"-","-","ALAMEDA","OAKLAND",-122.18832,37.73379
"7129570",2015,2015-12-07,"0109",2015-09-17,"0853","849*","2",4,5,7,"0109",0,0,"0",,0,"31Y","100TH AV","VOLTAIRE AV",0,,"Y","B","-","N",,,,,,,,,,"N",2,0,1,2,"A","-","09",21802,"A","N","H","G","A","A","H","-","A","D",0,,"Y",,,"Y",,"L","04",1,0,0,0,0,0,1,0,0,"-","-","ALAMEDA","OAKLAND",-122.15695,37.74566
"7129567",2015,2015-12-07,"0109",2015-08-11,"1613","9437","1",2,5,7,"0109",0,0,"0",,0,"21X","FRUITVALE AV","HAROLD ST",0,,"Y","A","-","N",,,,,,,,,,"N",4,0,1,2,"A","-","10",21950,"A","N","G","B","B","A","H","-","A","A",0,"Y",,,,"Y",,"A","01",0,0,1,0,1,0,0,0,0,"-","-","ALAMEDA","OAKLAND",-122.21713,37.79793
"7129566",2015,2015-12-07,"0109",2015-09-18,"2141","9231","1",5,5,7,"0109",0,0,"0",,0,"19X","E 15TH ST","2ND AV",0,,"Y","A","-","N",,,,,,,,,,"N",4,0,1,2,"A","-","12",22450,"A","M","B","C","A","A","H","-","C","D",0,,,,,"Y",,"A","01",0,0,1,0,0,0,0,0,0,"-","-","ALAMEDA","OAKLAND",-122.2554,37.79859
"7129563",2015,2015-12-07,"0109",2015-09-09,"1500","9423","1",3,5,7,"0109",0,0,"0",,0,"20X","25TH AV","INTERNATIONAL BL",3,"S","N","A","-","N",,,,,,,,,,"N",4,0,1,2,"A","-","10",21950,"A","F","G","B","B","A","H","-","A","A",0,"Y",,,,"Y",,"A","01",0,0,1,0,1,0,0,0,0,"-","-","ALAMEDA","OAKLAND",-122.23386,37.78214
"7129559",2015,2015-12-07,"0109",2015-08-05,"0430","8704","1",3,5,7,"0109",0,0,"0",,0,"17X","14TH AV","EAST 21ST ST",10,"N","N","A","-","N",,,,,,,,,,"N",4,0,1,3,"A","-","08",22107,,"N","B","C","A","A","H","-","C","D",0,,,,,"Y",,"A","01",0,0,1,0,0,0,0,0,0,"-","-","ALAMEDA","OAKLAND",-122.24004,37.7939
"7129555",2015,2015-12-07,"0109",2015-08-29,"1058","9364","2",6,5,7,"0109",0,0,"0",,0,"25X","35TH AV","VICTOR AV",5,"S","N","B","-","N",,,,,,,,,,"Y",4,0,1,2,"A","-","08",22107,,"N","D","C","A","B","H","-","A","D",0,,,,,"Y",,"A","01",0,0,1,0,0,0,0,0,0,"-","-","ALAMEDA","OAKLAND",-122.19316,37.79813
"7129554",2015,2015-12-07,"0109",2015-10-27,"1735","8662","1",2,5,7,"0109",0,0,"0",,0,"05Y","W GRAND AV","CAMPBELL ST",0,,"Y","A","-","N",,,,,,,,,,"N",4,0,1,2,"A","-","09",21801,"A","N","D","C","A","A","H","-","A","A",0,,,"Y",,"Y",,"A","01",0,0,1,0,0,0,0,0,1,"-","-","ALAMEDA","OAKLAND",-122.29089,37.81744
"7129550",2015,2015-12-07,"0109",2015-10-22,"1725","8662","1",4,5,7,"0109",0,0,"0",,0,"01X","FRANKLIN ST","3RD ST",0,,"Y","A","-","N",,,,,,,,,,"N",4,0,1,3,"A","-","12",22450,"A","N","D","C","A","A","H","-","A","A",0,,,,,"Y",,"A","01",0,0,1,0,0,0,0,0,0,"-","-","ALAMEDA","OAKLAND",-122.2747,37.79626