"CASE_ID","ACCIDENT_YEAR","PROC_DATE","JURIS","COLLISION_DATE","COLLISION_TIME","OFFICER_ID","REPORTING_DISTRICT","DAY_OF_WEEK","CHP_SHIFT","POPULATION","CNTY_CITY_LOC","SPECIAL_COND","BEAT_TYPE","CHP_BEAT_TYPE","CITY_DIVISION_LAPD","CHP_BEAT_CLASS","BEAT_NUMBER","PRIMARY_RD","SECONDARY_RD","DISTANCE","DIRECTION","INTERSECTION","WEATHER_1","WEATHER_2","STATE_HWY_IND","CALTRANS_COUNTY","CALTRANS_DISTRICT","STATE_ROUTE","ROUTE_SUFFIX","POSTMILE_PREFIX","POSTMILE","LOCATION_TYPE","RAMP_INTERSECTION","SIDE_OF_HWY","TOW_AWAY","COLLISION_SEVERITY","NUMBER_KILLED","NUMBER_INJURED","PARTY_COUNT","PRIMARY_COLL_FACTOR","PCF_CODE_OF_VIOL","PCF_VIOL_CATEGORY","PCF_VIOLATION","PCF_VIOL_SUBSECTION","HIT_AND_RUN","TYPE_OF_COLLISION","MVIW","PED_ACTION","ROAD_SURFACE","ROAD_COND_1","ROAD_COND_2","LIGHTING","CONTROL_DEVICE","CHP_ROAD_TYPE","PEDESTRIAN_ACCIDENT","BICYCLE_ACCIDENT","MOTORCYCLE_ACCIDENT","TRUCK_ACCIDENT","NOT_PRIVATE_PROPERTY","ALCOHOL_INVOLVED","STWD_VEHTYPE_AT_FAULT","CHP_VEHTYPE_AT_FAULT","COUNT_SEVERE_INJ","COUNT_VISIBLE_INJ","COUNT_COMPLAINT_PAIN","COUNT_PED_KILLED","COUNT_PED_INJURED","COUNT_BICYCLIST_KILLED","COUNT_BICYCLIST_INJURED","COUNT_MC_KILLED","COUNT_MC_INJURED","PRIMARY_RAMP","SECONDARY_RAMP","COUNTY","CITY","POINT_X","POINT_Y"
"7099466",2015,2015-10-29,"0109",2015-06-17,"1548","9447","1",3,5,7,"0109",0,0,"0",,0,"04X","W GRAND AV","MARTIN LUTHER KING JR WY",0,,"Y","A","-","N",,,,,,,,,,"N",4,0,1,2,"A","-","08",22107,,"N","B","C","A","A","H","-","A","A",0,,,,,"Y",,"-","-",0,0,1,0,0,0,0,0,0,"-","-","ALAMEDA","OAKLAND",-122.27278,37.81248
"7097347",2015,2015-10-22,"0109",2015-09-21,"1800","9140","2",1,5,7,"0109",0,0,"0",,0,"029","MOUNTAIN BL","EDWARDS AV",0,,"Y","A","-","N",,,,,,,,,,"Y",4,0,1,3,"A","-","12",21453,"A","N","D","C","A","A","H","-","A","A",0,,,,,"Y",,"A","01",0,0,1,0,0,0,0,0,0,"-","-","ALAMEDA","OAKLAND",-122.16384,37.77667
"7095260",2015,2015-10-14,"0109",2015-07-01,"0740","8445","1",3,5,7,"0109",0,0,"0",,0,"15X","PARK BL","E 18TH ST",6,"N","N","A","-","N",,,,,,,,,,"N",4,0,2,3,"A","-","10",21950,"A","N","G","B","B","A","H","-","A","A",0,"Y",,,,"Y",,"A","01",0,0,2,0,2,0,0,0,0,"-","-","ALAMEDA","OAKLAND",-122.25096,37.79912
"7095248",2015,2015-10-14,"0109",2015-07-15,"1215","8500","2",3,5,7,"0109",0,0,"0",,0,"26X","HIGH ST","INTERNATIONAL BL",0,,"Y","A","-","N",,,,,,,,,,"N",4,0,1,2,"A","-","09",21801,"A","N","A","C","A","A","H","-","A","A",0,,,,,"Y",,"A","01",0,0,1,0,0,0,0,0,0,"-","-","ALAMEDA","OAKLAND",-122.21483,37.77235
"7094814",2015,2015-10-13,"0109",2015-07-28,"0830","9196","1",2,5,7,"0109",0,0,"0",,0,"06X","MARTIN LUTHER KING JR WY","40TH ST",5,"N","N","A","-","N",,,,,,,,,,"N",4,0,1,2,"A","-","09",21801,"A","N","H","G","A","A","H","-","A","A",0,,"Y",,,"Y",,"A","01",0,0,1,0,0,0,1,0,0,"-","-","ALAMEDA","OAKLAND",-122.26843,37.82978
"7094797",2015,2015-10-15,"0109",2015-08-17,"1900","8700","1",1,5,7,"0109",0,0,"0",,0,"15X","BEACON ST","BODEN WY",0,,"Y","A","-","N",,,,,,,,,,"N",4,0,1,2,"A","-","08",22107,,"N","B","C","A","A","H","-","A","D",0,,,,,"Y",,"D","22",0,0,1,0,0,0,0,0,0,"-","-","ALAMEDA","OAKLAND",-122.24718,37.80835
"7094785",2015,2015-10-26,"0109",2015-06-19,"2348","9338","1",5,5,7,"0109",0,0,"0",,0,"21Y","COOLIDGE AV","BROOKDALE AV",150,"S","N","A","-","N",,,,,,,,,,"N",4,0,1,2,"A","-","10",21950,"A","F","G","B","D","A","H","-","C","A",0,"Y",,,,"Y",,"D","22",0,0,1,0,1,0,0,0,0,"-","-","ALAMEDA","OAKLAND",-122.21506,37.79141
"7094773",2015,2015-10-22,"0109",2015-09-17,"0626","8073","1",4,5,7,"0109",0,0,"0",,0,"03X","JACKSON ST","12TH ST",0,,"Y","B","-","N",,,,,,,,,,"N",4,0,1,2,"A","-","12",21453,"A","N","D","C","A","A","H","-","A","A",0,,,,"Y","Y",,"-","-",0,0,1,0,0,0,0,0,0,"-","-","ALAMEDA","OAKLAND",-122.26609,37.8006
"7094624",2015,2015-10-12,"0109",2015-08-29,"1358","9364","2",6,5,7,"0109",0,0,"0",,0,"25X","SKYLINE BL","PARKRIDGE DR",100,"E","N","B","-","N",,,,,,,,,,"Y",4,0,1,1,"A","-","03",22350,,"N","E","I","A","B","H","-","A","D",0,,,,,"Y",,"A","01",0,0,1,0,0,0,0,0,0,"-","-","ALAMEDA","OAKLAND",-122.14985,37.78877
"7094620",2015,2015-10-12,"0109",2015-08-28,"1521","8410","1",5,5,7,"0109",0,0,"0",,0,"07X","SAN PABLO AV","32ND ST",4,"S","N","A","-","N",,,,,,,,,,"N",2,0,1,2,"A","-","10",21950,"A","F","G","B","B","A","H","-","A","D",0,"Y",,,,"Y",,"A","01",1,0,0,0,1,0,0,0,0,"-","-","ALAMEDA","OAKLAND",-122.27733,37.82292
"7094606",2015,2015-10-10,"0109",2015-09-14,"2011","9326","1",1,5,7,"0109",0,0,"0",,0,"04X","17TH ST","MARTIN LUTHER KING JR WY",0,,"Y","A","-","N",,,,,,,,,,"N",4,0,2,2,"A","-","09",21801,"A","N","A","C","A","A","H","-","C","A",0,,,,,"Y",,"A","01",0,0,2,0,0,0,0,0,0,"-","-","ALAMEDA","OAKLAND",-122.27476,37.80811
"7094602",2015,2015-10-10,"0109",2015-09-06,"1920","9014","2",7,5,7,"0109",0,0,"0",,0,"23X","FRUITVALE AV","FOOTHILL BL",25,"S","N","A","-","N",,,,,,,,,,"Y",4,0,1,3,"A","-","03",22350,,"N","C","C","A","A","H","-","B","A",0,,,,,"Y",,"A","01",0,0,1,0,0,0,0,0,0,"-","-","ALAMEDA","OAKLAND",-122.22278,37.78369
"7093714",2015,2015-11-24,"0109",2015-08-17,"1720","9348","1",1,5,7,"0109",0,0,"0",,0,"11X","ALCATRAZ AV","RAYMOND ST",0,,"Y","A","-","N",,,,,,,,,,"Y",4,0,1,1,"A","-","03",22350,,"N","A","I","A","A","H","-","A","D",0,,,,,"Y",,"A","01",0,0,1,0,0,0,0,0,0,"-","-","ALAMEDA","OAKLAND",-122.26235,37.84994
"7093710",2015,2015-11-24,"0109",2015-08-30,"2316","9269","2",7,5,7,"0109",0,0,"0",,0,"28X","MACARTHUR BL","SIMMONS ST",80,"N","N","A","-","N",,,,,,,,,,"Y",2,0,1,1,"A","-","01",23152,"A","N","E","I","A","A","H","-","C","D",0,,,,,"Y","Y","A","01",1,0,0,0,0,0,0,0,0,"-","-","ALAMEDA","OAKLAND",,
"7093706",2015,2015-11-24,"0109",2015-08-04,"1740","9505","1",2,5,7,"0109",0,0,"0",,0,"14X","HARRISON AV","GRAND AV",0,,"Y","A","-","N",,,,,,,,,,"N",3,0,1,2,"A","-","12",21453,"A","N","B","G","A","A","H","-","A","A",0,,"Y",,,"Y",,"L","04",0,1,0,0,0,0,1,0,0,"-","-","ALAMEDA","OAKLAND",-122.26244,37.81091
"7093702",2015,2015-11-24,"0109",2015-08-10,"0137","9259","2",1,5,7,"0109",0,0,"0",,0,"32X","MACARTHUR BL","FOOTHILL BL",0,,"Y","A","-","N",,,,,,,,,,"Y",4,0,1,2,"A","-","08",22107,,"M","B","C","A","A","H","-","C","D",0,,,,,"Y",,"A","01",0,0,1,0,0,0,0,0,0,"-","-","ALAMEDA","OAKLAND",-122.17203,37.76913
"7093698",2015,2015-11-24,"0109",2015-08-17,"1514","9325","1",1,5,7,"0109",0,0,"0",,0,"20X","29TH AV","INTERNATIONAL BL",0,,"Y","A","-","N",,,,,,,,,,"N",4,0,1,2,"A","-","12",21453,"A","N","D","C","A","A","H","-","A","A",0,,,,,"Y",,"A","07",0,0,1,0,0,0,0,0,0,"-","-","ALAMEDA","OAKLAND",-122.22911,37.7793
"7093697",2015,2015-11-24,"0109",2015-08-30,"2205","9210","1",7,5,7,"0109",0,0,"0",,0,"06X","35TH ST","SAN PABLO AV",500,"E","N","A","-","N",,,,,,,,,,"N",3,0,1,2,"A","-","11",21954,"A","N","G","B","D","A","H","-","C","D",0,"Y",,,,"Y","Y","N","60",0,1,0,0,1,0,0,0,0,"-","-","ALAMEDA","OAKLAND",-122.27681,37.82596
"7093693",2015,2015-11-24,"0109",2015-08-31,"1745","9377","2",1,5,7,"0109",0,0,"0",,0,"31X","85TH AV","G ST",140,"S","N","A","-","N",,,,,,,,,,"N",4,0,1,2,"A","-","08",22107,,"M","B","E","A","D","H","-","A","D",0,,,,"Y","Y",,"F","27",0,0,1,0,0,0,0,0,0,"-","-","ALAMEDA","OAKLAND",-122.18588,37.74893
"7091729",2015,2015-11-10,"0109",2015-08-27,"1746","9502","2",4,5,7,"0109",0,0,"0",,0,"34X","HOLLY ST","87TH AV",0,,"Y","A","-","N",,,,,,,,,,"N",4,0,2,2,"B","-","22",,,"N","D","C","A","A","H","-","A","A",0,,,,,"Y",,"J","48",0,0,2,0,0,0,0,0,0,"-","-","ALAMEDA","OAKLAND",-122.17428,37.75241
"7089672",2015,2015-10-10,"0109",2015-07-20,"1943","9377","2",1,5,7,"0109",0,0,"0",,0,"27Y","BANCROFT AV","FAIRFAX AV",12,"W","N","A","-","N",,,,,,,,,,"N",3,0,1,2,"A","-","10",21950,"A","N","G","B","B","A","H","-","A","A",0,"Y",,,,"Y",,"A","01",0,1,0,0,1,0,0,0,0,"-","-","ALAMEDA","OAKLAND",-122.20082,37.77176
"7089668",2015,2015-10-10,"0109",2015-07-16,"1155","8655","1",4,5,7,"0109",0,0,"0",,0,"19X","INTERNATIONAL BL","14TH AV",0,,"Y","A","-","N",,,,,,,,,,"Y",4,0,1,2,"A","-","12",21453,"A","N","D","C","A","A","H","-","A","A",0,,,,,"Y",,"A","01",0,0,1,0,0,0,0,0,0,"-","-","ALAMEDA","OAKLAND",-122.24616,37.78941
"7089664",2015,2015-10-10,"0109",2015-07-15,"1641","9248","1",3,5,7,"0109",0,0,"0",,0,"12X","WEBSTER ST","42ND ST",10,"S","N","A","-","N",,,,,,,,,,"N",4,0,1,2,"D","-","00",,,"N","G","B","E","A","H","-","A","A",0,"Y",,,,"Y",,"-","-",0,0,1,0,1,0,0,0,0,"-","-","ALAMEDA","OAKLAND",-122.26017,37.83097
"7088870",2015,2015-10-21,"0109",2015-08-17,"2045","9170","1",1,5,7,"0109",0,0,"0",,0,"19X","INTERNATIONAL BL","2ND AV",0,,"Y","A","-","N",,,,,,,,,,"Y",4,0,1,2,"A","-","03",22350,,"N","C","C","A","A","H","-","A","A",0,,,"Y",,"Y",,"C","02",0,0,1,0,0,0,0,0,1,"-","-","ALAMEDA","OAKLAND",-122.25628,37.79793
"7088846",2015,2015-10-21,"0109",2015-08-15,"2230","9407","2",6,5,7,"0109",0,0,"0",,0,"23X","INTERNATIONAL BL","FRUITVALE AV",0,,"Y","A","-","N",,,,,,,,,,"N",4,0,1,2,"A","-","12",21453,"A","N","D","C","A","A","H","-","C","A",0,,,,,"Y",,"A","01",0,0,1,0,0,0,0,0,0,"-","-","ALAMEDA","OAKLAND",-122.22583,37.77761
"7088656",2015,2015-10-13,"0109",2015-09-16,"2315","9423","1",3,5,7,"0109",0,0,"0",,0,"13Z","MOUNTAIN BL","VILLAGE SQ",150,"E","N","B","-","N",,,,,,,,,,"N",3,0,1,1,"A","-","01",23152,"A","N","E","I","A","B","H","-","C","A",0,,,,,"Y","Y","A","07",0,1,0,0,0,0,0,0,0,"-","-","ALAMEDA","OAKLAND",-122.20771,37.82275
"7088594",2015,2015-10-26,"0109",2015-06-08,"2124","9372","2",1,5,7,"0109",0,0,"0",,0,"26X","62ND AV","TEVIS ST",100,"S","N","A","-","N",,,,,,,,,,"N",4,0,1,3,"A","-","08",22107,,"N","D","E","A","A","H","-","A","B",0,,,,,"Y",,"A","08",0,0,1,0,0,0,0,0,0,"-","-","ALAMEDA","OAKLAND",-122.20125,37.76113
"7088530",2015,2015-10-20,"0109",2015-08-08,"1909","9170","1",6,5,7,"0109",0,0,"0",,0,"17Y","PARK BL","E 22ND ST",0,,"Y","A","-","N",,,,,,,,,,"Y",4,0,1,2,"A","-","09",21801,"A","N","B","C","A","A","H","-","A","A",0,,,,"Y","Y",,"F","26",0,0,1,0,0,0,0,0,0,"-","-","ALAMEDA","OAKLAND",-122.24674,37.8013
"7088522",2015,2015-10-31,"0109",2015-05-10,"1345","9380","2",7,5,7,"0109",0,0,"0",,0,"32X","105TH AV","105TH AV 1043",0,,"-","A","-","N",,,,,,,,,,"N",4,0,1,2,"A","-","05",21650,,"M","B","C","A","A","H","-","A","D",0,,,"Y","Y","Y",,"C","02",0,0,1,0,0,0,0,0,1,"-","-","ALAMEDA","OAKLAND",,
"7086619",2015,2016-01-19,"0109",2015-09-01,"0815","8073","1",2,5,7,"0109",0,0,"0",,0,"005","14TH ST","MARKET ST",0,,"Y","A","-","N",,,,,,,,,,"Y",3,0,1,1,"A","-","03",22350,,"N","E","I","A","A","H","-","A","A",0,,,,,"Y",,"A","01",0,1,0,0,0,0,0,0,0,"-","-","ALAMEDA","OAKLAND",-122.28096,37.80818
"7086386",2015,2015-10-08,"0109",2015-06-05,"0725","9376","1",5,5,7,"0109",0,0,"0",,0,"05X","MARITIME ST","BATAAN AV",0,,"Y","A","B","N",,,,,,,,,,"N",4,0,1,2,"A","-","05",21460,"A","M","G","B","D","A","H","-","A","A",0,"Y",,,,"Y",,"D","22",0,0,1,0,1,0,0,0,0,"-","-","ALAMEDA","OAKLAND",-122.3038,37.81951
"7082738",2015,2015-10-12,"0109",2015-04-16,"1804","9427","1",4,5,7,"0109",0,0,"0",,0,"22X","LINCOLN AV","RAVENWOOD LN",0,,"Y","A","-","N",,,,,,,,,,"N",3,0,1,2,"A","-","11",21950,"B","N","G","B","E","A","H","-","A","A",0,"Y",,,,"Y",,"N","60",0,1,0,0,1,0,0,0,0,"-","-","ALAMEDA","OAKLAND",-122.20734,37.80641
"7082384",2015,2015-10-02,"0109",2015-09-04,"1723","8425",,5,5,7,"0109",0,0,"0",,0,,"13TH ST","BRUSH ST",5,"W","N","A","-","N",,,,,,,,,,"N",4,0,2,2,"A","-","08",22107,,"M","D","C","A","A","H","-","A","A",0,,,,,"Y",,"-","99",0,0,2,0,0,0,0,0,0,"-","-","ALAMEDA","OAKLAND",-122.2791,37.80656
"7082383",2015,2015-10-02,"0109",2015-09-08,"1143","8322","2",2,5,7,"0109",0,0,"0",,0,,"BANCROFT AV","82ND AV",0,,"Y","A","-","N",,,,,,,,,,"Y",4,0,1,2,"A","-","12",21453,"A","F","D","C","A","A","H","-","A","A",0,,,,,"Y",,"A","07",0,0,1,0,0,0,0,0,0,"-","-","ALAMEDA","OAKLAND",-122.17059,37.75999
"7082382",2015,2015-10-02,"0109",2015-09-11,"1253","9135","1",5,5,7,"0109",0,0,"0",,0,"017","PARK BL","MACARTHUR BL",0,,"Y","A","-","N",,,,,,,,,,"Y",4,0,1,2,"A","-","09",21801,"A","N","D","C","A","A","H","-","A","A",0,,,"Y",,"Y",,"A","08",0,0,1,0,0,0,0,0,1,"-","-","ALAMEDA","OAKLAND",-122.23375,37.80396
"7082381",2015,2015-10-03,"0109",2015-09-05,"1830","9127",,6,5,7,"0109",0,0,"0",,0,,"ADELINE ST","18TH ST",0,,"Y","A","-","N",,,,,,,,,,"N",4,0,1,2,"A","-","09",21801,"A","N","A","C","A","A","H","-","A","A",0,,,,,"Y",,"A","01",0,0,1,0,0,0,0,0,0,"-","-","ALAMEDA","OAKLAND",-122.28511,37.81235
"7082380",2015,2015-10-03,"0109",2015-09-21,"1110","8660",,1,5,7,"0109",0,0,"0",,0,,"TELEGRAPH AV","47TH ST",0,,"Y","A","-","N",,,,,,,,,,"N",4,0,1,2,"A","-","09",21801,"A","N","H","G","A","A","H","-","A","A",0,,"Y",,,"Y",,"A","01",0,0,1,0,0,0,1,0,0,"-","-","ALAMEDA","OAKLAND",-122.26307,37.83433
"7082190",2015,2015-10-10,"0109",2015-09-08,"1227","7715",,2,5,7,"0109",0,0,"0",,0,,"SAN LEANDRO ST","BLENHEIM ST",130,"W","N","A","-","N",,,,,,,,,,"N",3,0,3,2,"A","-","05",21460,"A","N","B","C","A","A","E","-","A","D",0,,,,"Y","Y",,"-","-",0,2,1,0,0,0,0,0,0,"-","-","ALAMEDA","OAKLAND",-122.17312,37.73429
"7082189",2015,2015-10-08,"0109",2015-06-25,"1740","9120","1",4,5,7,"0109",0,0,"0",,0,"07X","MANDELA PKWY","HORTON ST",550,"S","N","A","-","N",,,,,,,,,,"N",4,0,1,2,"A","-","09",21801,"A","N","A","C","A","A","H","-","A","D",0,,,,,"Y",,"D","22",0,0,1,0,0,0,0,0,0,"-","-","ALAMEDA","OAKLAND",-122.28896,37.82775
"7082188",2015,2015-10-08,"0109",2015-06-21,"1800","9140","2",7,5,7,"0109",0,0,"0",,0,"35X","MACARTHUR BL","98TH AV",45,"W","N","A","-","N",,,,,,,,,,"N",4,0,1,2,"A","-","12",21453,"A","N","A","C","A","A","H","-","A","A",0,,,,,"Y",,"D","22",0,0,1,0,0,0,0,0,0,"-","-","ALAMEDA","OAKLAND",-122.15896,37.75004
"7080058",2015,2015-09-29,"0109",2015-09-11,"0759","9374","1",5,5,7,"0109",0,0,"0",,0,"03X","13TH ST","MADISON ST",0,,"Y","A","-","N",,,,,,,,,,"N",4,0,2,2,"A","-","12",21453,"A","N","D","C","A","A","H","-","A","A",0,,,,,"Y",,"A","01",0,0,2,0,0,0,0,0,0,"-","-","ALAMEDA","OAKLAND",-122.26449,37.80083
"7079997",2015,2015-09-28,"0109",2015-08-21,"1640","9275","1",5,5,7,"0109",0,0,"0",,0,"21X","RUTHERFORD ST","FOOTHILL",50,"N","N","B","-","N",,,,,,,,,,"N",4,0,1,2,"A","-","10",21950,"A","M","G","B","B","A","H","-","A","A",0,"Y",,,,"Y",,"A","01",0,0,1,0,1,0,0,0,0,"-","-","ALAMEDA","OAKLAND",-122.22361,37.78419
"7079993",2015,2015-09-28,"0109",2015-08-12,"1950","9397","1",3,5,7,"0109",0,0,"0",,0,"02Y","7TH ST","PERALTA ST",78,"E","N","A","-","N",,,,,,,,,,"N",4,0,1,2,"A","-","01",23152,"A","M","C","C","A","A","H","-","A","A",0,,,,,"Y","Y","A","01",0,0,1,0,0,0,0,0,0,"-","-","ALAMEDA","OAKLAND",-122.29802,37.80589
"7079973",2015,2015-09-28,"0109",2015-08-12,"1751","9367","2",3,5,7,"0109",0,0,"0",,0,"27X","BANCROFT AV","63RD AV",0,,"Y","A","-","N",,,,,,,,,,"Y",3,0,1,2,"A","-","09",21802,"A","N","B","-","A","A","H","-","A","A",0,,,"Y",,"Y",,"C","06",0,1,0,0,0,0,0,0,1,"-","-","ALAMEDA","OAKLAND",-122.18642,37.7702
"7079969",2015,2015-09-28,"0109",2015-08-13,"1135","8270","1",4,5,7,"0109",0,0,"0",,0,"19X","14TH AV","E 12TH ST",0,,"Y","A","-","N",,,,,,,,,,"Y",3,0,7,2,"A","-","12",21453,"A","N","D","C","A","A","H","-","A","A",0,,,,,"Y",,"A","08",0,1,6,0,0,0,0,0,0,"-","-","ALAMEDA","OAKLAND",-122.24668,37.7885
"7079941",2015,2015-09-28,"0109",2015-08-17,"0315","9381","1",1,5,7,"0109",0,0,"0",,0,"08X","BROADWAY","WEBSTER ST",0,,"Y","A","-","N",,,,,,,,,,"N",4,0,1,1,"A","-","03",22350,,"N","E","I","A","A","H","-","C","A",0,,,,,"Y",,"A","01",0,0,1,0,0,0,0,0,0,"-","-","ALAMEDA","OAKLAND",-122.26493,37.81431
"7079937",2015,2015-09-28,"0109",2015-08-18,"1236","9211","1",2,5,7,"0109",0,0,"0",,0,"08X","NORTHGATE AV","27TH ST",0,,"Y","A","-","N",,,,,,,,,,"Y",4,0,1,2,"A","-","12",21453,"A","N","D","C","A","A","H","-","A","A",0,,,,,"Y",,"A","01",0,0,1,0,0,0,0,0,0,"-","-","ALAMEDA","OAKLAND",-122.26984,37.81647
"7079933",2015,2015-09-28,"0109",2015-08-18,"1500","9353","1",2,5,7,"0109",0,0,"0",,0,"10Y","MARKET ST","58TH ST",0,,"Y","A","-","N",,,,,,,,,,"N",4,0,1,2,"A","-","03",22350,,"N","D","C","A","A","H","-","A","D",0,,,"Y",,"Y",,"C","02",0,0,1,0,0,0,0,0,1,"-","-","ALAMEDA","OAKLAND",-122.27485,37.84304
"7079929",2015,2016-07-21,"0109",2015-08-19,"1947","8222","1",3,5,7,"0109",0,0,"0",,0,"17X","14TH AV","21ST AV",0,,"Y","B","-","N",,,,,,,,,,"N",4,0,1,2,"A","-","03",22350,,"N","C","C","A","A","H","-","B","D",0,,,,,"Y",,"A","07",0,0,1,0,0,0,0,0,0,"-","-","ALAMEDA","OAKLAND",-122.24007,37.79388
"7079925",2015,2015-09-28,"0109",2015-08-12,"1413","8203","1",3,5,7,"0109",0,0,"0",,0,"09X","PIEDMONT AV","GLEN AV",75,"N","N","A","-","N",,,,,,,,,,"Y",4,0,1,2,"A","-","08",22107,,"N","B","E","A","A","H","-","A","D",0,,,,,"Y",,"A","01",0,0,1,0,0,0,0,0,0,"-","-","ALAMEDA","OAKLAND",-122.25275,37.82616
"7079921",2015,2015-09-28,"0109",2015-08-12,"0705","8270","1",3,5,7,"0109",0,0,"0",,0,"19X","EMBARCADERO AV","6TH AV",35,"E","N","A","-","N",,,,,,,,,,"Y",3,0,1,1,"A","-","03",22350,,"N","E","I","A","A","D","-","A","A",0,,,,,"Y",,"A","01",0,1,0,0,0,0,0,0,0,"-","-","ALAMEDA","OAKLAND",-122.25919,37.78979
"7079789",2015,2015-10-07,"0109",2015-05-22,"1239","9380","2",5,5,7,"0109",0,0,"0",,0,"32X","100TH AV","WALNUT ST",50,"N","N","B","-","N",,,,,,,,,,"N",4,0,1,2,"A","-","11",21950,"B","N","G","B","D","A","H","-","A","D",0,"Y",,,,"Y",,"N","60",0,0,1,0,1,0,0,0,0,"-","-","ALAMEDA","OAKLAND",-122.16678,37.7434
"7076872",2015,2015-10-08,"0109",2015-06-01,"0012","9210","1",1,5,7,"0109",0,0,"0",,0,"03Y","14TH ST","MARTIN LUTHER KING WY",0,,"Y","A","-","N",,,,,,,,,,"N",4,0,1,2,"A","-","12",21453,"A","N","D","C","A","A","H","-","C","A",0,,,,,"Y",,"-","-",0,0,1,0,0,0,0,0,0,"-","-","ALAMEDA","OAKLAND",-122.27597,37.80621
"7076357",2015,2015-09-19,"0109",2015-04-26,"1410","9124","2",7,5,7,"0109",0,0,"0",,0,"33X","98TH AV","B ST",0,,"Y","A","-","N",,,,,,,,,,"N",4,0,1,2,"A","-","09",21801,"A","N","D","C","A","A","H","-","A","A",0,,,,,"Y",,"A","01",0,0,1,0,0,0,0,0,0,"-","-","ALAMEDA","OAKLAND",-122.17389,37.74277
"7076356",2015,2015-09-19,"0109",2015-04-04,"1826","9172","1",6,5,7,"0109",0,0,"0",,0,"19X","E 10TH ST","5TH AV",0,,"Y","B","-","N",,,,,,,,,,"N",4,0,1,2,"A","-","12",21453,"A","N","D","C","A","A","H","-","A","A",0,,,,,"Y",,"A","01",0,0,1,0,0,0,0,0,0,"-","-","ALAMEDA","OAKLAND",-122.25669,37.79371
"7073574",2015,2017-01-14,"0109",2015-09-01,"1708","9384","2",2,5,7,"0109",0,0,"0",,0,"31Y","RT 880","HEGENBERGER RD",0,,"Y","A","-","Y","ALA",4,880,"-","-",25.471,"R","4","S","Y",4,0,2,2,"A","-","12",21453,"A","N","D","C","A","A","H","-","A","A",0,,,,,"Y",,"D","22",0,0,2,0,0,0,0,0,0,"-","-","ALAMEDA","OAKLAND",-122.19619,37.74006
"7073022",2015,2015-09-19,"0109",2015-06-09,"0915","8700",,2,5,7,"0109",0,0,"0",,0,,"MACARTHUR BL","37TH ST",0,,"Y","A","-","N",,,,,,,,,,"N",4,0,1,2,"A","-","08",22100,"A","N","B","C","A","A","H","-","A","A",0,,,"Y",,"Y",,"A","01",0,0,1,0,0,0,0,0,1,"-","-","ALAMEDA","OAKLAND",-122.26677,37.82681
"7072957",2015,2015-09-21,"0109",2015-06-30,"2336","9381",,2,5,7,"0109",0,0,"0",,0,,"COURTLAND AV","HIGH ST",80,"W","N","A","-","N",,,,,,,,,,"N",4,0,1,2,"A","-","11",21954,"A","F","G","B","D","A","H","-","C","D",0,"Y",,,,"Y","Y","N","60",0,0,1,0,1,0,0,0,0,"-","-","ALAMEDA","OAKLAND",-122.21101,37.77564
"7072893",2015,2015-09-21,"0109",2015-06-19,"1817","9019",,5,5,7,"0109",0,0,"0",,0,,"GOLF LINKS RD","OAK HILLS RD",150,"S","N","A","-","N",,,,,,,,,,"Y",4,0,1,1,"A","-","00",23123,"A","N","E","I","A","A","H","-","A","A",0,,,,,"Y",,"A","01",0,0,1,0,0,0,0,0,0,"-","-","ALAMEDA","OAKLAND",-122.14229,37.75736
"7072889",2015,2015-09-21,"0109",2015-06-24,"1626","9308",,3,5,7,"0109",0,0,"0",,0,,"MACARTHUR BL","FISHER AV",50,"E","N","A","-","N",,,,,,,,,,"Y",4,0,1,2,"A","-","03",22350,,"N","C","C","A","A","H","-","A","D",0,,,,,"Y",,"A","01",0,0,1,0,0,0,0,0,0,"-","-","ALAMEDA","OAKLAND",-122.15351,37.744
"7072885",2015,2015-09-21,"0109",2015-06-23,"0745","8270",,2,5,7,"0109",0,0,"0",,0,,"21ST AV","15TH ST",25,"N","N","A","-","N",,,,,,,,,,"Y",3,0,2,2,"A","-","21",22106,,"N","B","C","A","A","H","-","A","A",0,,,,,"Y",,"A","01",0,1,1,0,0,0,0,0,0,"-","-","ALAMEDA","OAKLAND",-122.23808,37.78609
"7072561",2015,2015-09-22,"0109",2015-07-17,"1002","9339","2",5,5,7,"0109",0,0,"0",,0,"23X","FRUITVALE AV","E 17TH ST",0,,"Y","A","-","N",,,,,,,,,,"Y",4,0,2,2,"A","-","05",21460,"A","F","B","C","A","A","H","-","A","D",0,,,,,"Y","Y","A","01",0,0,2,0,0,0,0,0,0,"-","-","ALAMEDA","OAKLAND",-122.22409,37.78113
"7072511",2015,2015-09-19,"0109",2015-08-08,"2017","9325","1",6,5,7,"0109",0,0,"0",,0,"20X","E 15TH ST","24TH AV",0,,"Y","A","-","N",,,,,,,,,,"N",4,0,1,2,"A","-","09",21802,"A","N","D","C","A","A","H","-","B","A",0,,,,,"Y",,"A","01",0,0,1,0,0,0,0,0,0,"-","-","ALAMEDA","OAKLAND",-122.23367,37.78331
"7072510",2015,2016-07-19,"0109",2015-08-06,"1627","8222","1",4,5,7,"0109",0,0,"0",,0,"19X","E 12TH ST","8TH AV",0,,"Y","B","-","N",,,,,,,,,,"N",4,0,1,3,"A","-","09",21800,"A","N","D","C","A","A","H","-","A","D",0,,,,,"Y",,"A","01",0,0,1,0,0,0,0,0,0,"-","-","ALAMEDA","OAKLAND",-122.2523,37.79287