"CASE_ID","ACCIDENT_YEAR","PROC_DATE","JURIS","COLLISION_DATE","COLLISION_TIME","OFFICER_ID","REPORTING_DISTRICT","DAY_OF_WEEK","CHP_SHIFT","POPULATION","CNTY_CITY_LOC","SPECIAL_COND","BEAT_TYPE","CHP_BEAT_TYPE","CITY_DIVISION_LAPD","CHP_BEAT_CLASS","BEAT_NUMBER","PRIMARY_RD","SECONDARY_RD","DISTANCE","DIRECTION","INTERSECTION","WEATHER_1","WEATHER_2","STATE_HWY_IND","CALTRANS_COUNTY","CALTRANS_DISTRICT","STATE_ROUTE","ROUTE_SUFFIX","POSTMILE_PREFIX","POSTMILE","LOCATION_TYPE","RAMP_INTERSECTION","SIDE_OF_HWY","TOW_AWAY","COLLISION_SEVERITY","NUMBER_KILLED","NUMBER_INJURED","PARTY_COUNT","PRIMARY_COLL_FACTOR","PCF_CODE_OF_VIOL","PCF_VIOL_CATEGORY","PCF_VIOLATION","PCF_VIOL_SUBSECTION","HIT_AND_RUN","TYPE_OF_COLLISION","MVIW","PED_ACTION","ROAD_SURFACE","ROAD_COND_1","ROAD_COND_2","LIGHTING","CONTROL_DEVICE","CHP_ROAD_TYPE","PEDESTRIAN_ACCIDENT","BICYCLE_ACCIDENT","MOTORCYCLE_ACCIDENT","TRUCK_ACCIDENT","NOT_PRIVATE_PROPERTY","ALCOHOL_INVOLVED","STWD_VEHTYPE_AT_FAULT","CHP_VEHTYPE_AT_FAULT","COUNT_SEVERE_INJ","COUNT_VISIBLE_INJ","COUNT_COMPLAINT_PAIN","COUNT_PED_KILLED","COUNT_PED_INJURED","COUNT_BICYCLIST_KILLED","COUNT_BICYCLIST_INJURED","COUNT_MC_KILLED","COUNT_MC_INJURED","PRIMARY_RAMP","SECONDARY_RAMP","COUNTY","CITY","POINT_X","POINT_Y"
"7061014",2015,2015-11-19,"0109",2015-07-17,"2051","9222","2",5,5,7,"0109",0,0,"0",,0,"31X","98TH AV","AIRPORT ACCESS RD",0,,"Y","A","-","N",,,,,,,,,,"N",4,0,1,2,"A","-","09",21801,"A","N","D","C","A","-","H","-","C","A",0,,,,,"Y",,"A","01",0,0,1,0,0,0,0,0,0,"-","-","ALAMEDA","OAKLAND",-122.19869,37.72768
"7061013",2015,2015-11-19,"0109",2015-07-16,"2218","9410","1",4,5,7,"0109",0,0,"0",,0,"11X","SHATTUCK AV","58TH ST",128,"N","N","A","-","N",,,,,,,,,,"N",2,0,2,2,"A","-","09",21801,"A","N","D","C","A","A","H","-","C","A",0,,,"Y",,"Y",,"A","01",1,1,0,0,0,0,0,0,1,"-","-","ALAMEDA","OAKLAND",-122.265,37.84392
"7060940",2015,2015-10-08,"0109",2015-04-25,"1218","9380","2",6,5,7,"0109",0,0,"0",,0,"30X","GARFIELD AV","78TH AV",5,"W","N","B","-","N",,,,,,,,,,"N",2,0,1,2,"A","-","12",22450,"A","N","H","G","A","A","H","-","A","A",0,,"Y",,,"Y",,"L","04",1,0,0,0,0,0,1,0,0,"-","-","ALAMEDA","OAKLAND",-122.17286,37.76412
"7060938",2015,2015-10-08,"0109",2015-03-29,"1706","9323","1",7,5,7,"0109",0,0,"0",,0,"12X","56TH ST","TELEGRAPH AV",0,,"Y","A","-","N",,,,,,,,,,"N",4,0,1,2,"D","-","00",,,"N","D","C","A","A","H","-","A","A",0,,,,,"Y",,"-","-",0,0,1,0,0,0,0,0,0,"-","-","ALAMEDA","OAKLAND",-122.26179,37.84094
"7060935",2015,2015-10-26,"0109",2015-04-07,"1620","9356","2",2,5,7,"0109",0,0,"0",,0,"29X","SEMINARY AV","RT 580",0,,"Y","A","-","N",,,,,,,,,,"Y",3,0,1,4,"A","-","12",22450,"A","N","D","C","A","A","H","-","A","D",0,,,,,"Y",,"A","01",0,1,0,0,0,0,0,0,0,"-","-","ALAMEDA","OAKLAND",,
"7060934",2015,2015-10-26,"0109",2015-05-31,"1808","9328","1",7,5,7,"0109",0,0,"0",,0,"12X","55TH ST","TELEGRAPH AV",200,"W","N","A","-","N",,,,,,,,,,"N",4,0,1,2,"A","-","09",21801,"A","N","A","C","A","A","H","-","A","D",0,,,,,"Y",,"A","01",0,0,1,0,0,0,0,0,0,"-","-","ALAMEDA","OAKLAND",-122.26258,37.84029
"7060874",2015,2015-10-26,"0109",2015-06-19,"1550","9365","1",5,5,7,"0109",0,0,"0",,0,"19X","E 15TH ST","2ND AV",0,,"Y","A","-","N",,,,,,,,,,"N",3,0,1,2,"A","-","12",22450,"A","N","H","G","A","A","H","-","A","A",0,,"Y",,,"Y",,"L","04",0,1,0,0,0,0,1,0,0,"-","-","ALAMEDA","OAKLAND",-122.2554,37.79859
"7060873",2015,2015-10-26,"0109",2015-06-19,"1611","9365","1",5,5,7,"0109",0,0,"0",,0,"17Y","E 33RD ST","STUART ST",150,"W","N","A","-","N",,,,,,,,,,"N",4,0,3,2,"A","-","21",22106,,"N","D","C","A","A","H","-","A","D",0,,,"Y",,"Y","Y","A","01",0,0,3,0,0,0,0,0,1,"-","-","ALAMEDA","OAKLAND",-122.23144,37.80081
"7060739",2015,2015-10-08,"0109",2015-06-05,"2146","9291","1",5,5,7,"0109",0,0,"0",,0,"03X","7TH ST","MARTIN LUTHER KING JR WY",15,"N","N","A","-","N",,,,,,,,,,"N",4,0,1,2,"A","-","10",21950,"A","F","G","B","B","A","H","-","C","A",0,"Y",,,,"Y",,"-","99",0,0,1,0,1,0,0,0,0,"-","-","ALAMEDA","OAKLAND",-122.27904,37.80137
"7060738",2015,2015-10-08,"0109",2015-06-26,"2219","9215","2",5,5,7,"0109",0,0,"0",,0,"30X","AVENAL AV","HAVENSCOURT BL",21,"W","N","A","-","N",,,,,,,,,,"N",4,0,1,3,"A","-","06",21750,,"F","B","C","A","A","H","-","C","A",0,,,"Y",,"Y",,"A","01",0,0,1,0,0,0,0,0,1,"-","-","ALAMEDA","OAKLAND",-122.18739,37.76585
"7060410",2015,2015-10-10,"0109",2015-08-21,"1907","9240","2",5,5,7,"0109",0,0,"0",,0,"26X","HIGH ST","INTERNATIONAL BL",0,,"Y","A","-","N",,,,,,,,,,"Y",4,0,1,2,"A","-","09",21800,"A","N","D","C","A","A","H","-","A","A",0,,,,,"Y",,"A","08",0,0,1,0,0,0,0,0,0,"-","-","ALAMEDA","OAKLAND",-122.21483,37.77235
"7059923",2015,2015-10-12,"0109",2015-09-18,"1540","8869","1",5,5,7,"0109",0,0,"0",,0,"10X","ADELINE ST","54TH ST",15,"S","N","A","-","N",,,,,,,,,,"N",4,0,2,2,"A","-","04",21703,,"N","C","C","A","A","H","-","A","A",0,,,,,"Y",,"A","01",0,0,2,0,0,0,0,0,0,"-","-","ALAMEDA","OAKLAND",-122.27566,37.83806
"7059894",2015,2015-10-08,"0109",2015-06-06,"1755","9209","1",6,5,7,"0109",0,0,"0",,0,"03X","7TH ST","MARTIN LUTHER KING JR WY",0,,"Y","A","-","N",,,,,,,,,,"Y",3,0,2,3,"A","-","12",21453,"A","N","D","C","A","A","H","-","C","A",0,,,"Y",,"Y",,"A","01",0,1,1,0,0,0,0,0,1,"-","-","ALAMEDA","OAKLAND",-122.27899,37.80135
"7059893",2015,2015-10-08,"0109",2015-06-22,"1826","9209","1",1,5,7,"0109",0,0,"0",,0,"03X","MADISON ST","7TH ST",0,,"Y","A","-","N",,,,,,,,,,"N",4,0,1,3,"A","-","12",21453,"A","N","D","C","A","A","H","-","A","A",0,,,,,"Y",,"A","01",0,0,1,0,0,0,0,0,0,"-","-","ALAMEDA","OAKLAND",-122.26705,37.79671
"7059804",2015,2015-10-26,"0109",2015-06-30,"0916","9376","2",2,5,7,"0109",0,0,"0",,0,"22X","FRUITVALE AV","MACARTHUR BL",4,"N","N","A","-","N",,,,,,,,,,"N",4,0,1,2,"A","-","10",21950,"A","N","G","B","B","A","H","-","A","A",0,"Y",,,,"Y",,"A","01",0,0,1,0,1,0,0,0,0,"-","-","ALAMEDA","OAKLAND",-122.21614,37.80039
"7059802",2015,2015-10-26,"0109",2015-06-17,"1811","9321","1",3,5,7,"0109",0,0,"0",,0,"19X","EMBARCADERO","16TH AV",151,"E","N","A","-","N",,,,,,,,,,"N",3,0,1,2,"A","-","09",21801,"A","N","D","C","A","A","H","-","A","D",0,,,"Y",,"Y",,"A","01",0,1,0,0,0,0,0,0,1,"-","-","ALAMEDA","OAKLAND",-122.24315,37.78368
"7059801",2015,2015-10-26,"0109",2015-06-16,"2126","9280","1",2,5,7,"0109",0,0,"0",,0,"22X","FRUITVALE AV","MACARTHUR BL",10,"N","N","A","-","N",,,,,,,,,,"N",3,0,1,2,"D","-","00",,,"N","G","B","B","A","H","-","C","A",0,"Y",,,,"Y",,"-","-",0,1,0,0,1,0,0,0,0,"-","-","ALAMEDA","OAKLAND",-122.21613,37.80041
"7059718",2015,2015-10-26,"0109",2015-07-08,"1545","9351","2",3,5,7,"0109",0,0,"0",,0,"35Y","106TH AV","PERALTA OAKS DR",6,"N","N","B","-","N",,,,,,,,,,"N",4,0,1,2,"A","-","03",22350,,"M","C","C","A","A","H","-","A","A",0,,,,,"Y",,"A","01",0,0,1,0,0,0,0,0,0,"-","-","ALAMEDA","OAKLAND",-122.1484,37.74535
"7059709",2015,2015-11-23,"0109",2015-11-06,"1044","7715","2",5,5,7,"0109",0,0,"0",,0,"32Y","MACARTHUR BL","106TH AV",126,"W","N","A","-","N",,,,,,,,,,"Y",4,0,1,1,"C","-","18",,,"N","E","I","A","A","H","-","A","D",0,,,,,"Y",,"-","-",0,0,1,0,0,0,0,0,0,"-","-","ALAMEDA","OAKLAND",-122.15276,37.74324
"7059450",2015,2015-10-12,"0109",2015-08-20,"0622","9227","1",4,5,7,"0109",0,0,"0",,0,"19X","INTERNATIONAL BL","23RD AV",10,"W","N","B","-","N",,,,,,,,,,"N",3,0,1,2,"A","-","12",21453,"A","F","H","G","A","A","H","-","A","A",0,,"Y",,,"Y",,"A","01",0,1,0,0,0,0,1,0,0,"-","-","ALAMEDA","OAKLAND",-122.23597,37.78344
"7058974",2015,2015-10-13,"0109",2015-04-27,"2030","9398","2",1,5,7,"0109",0,0,"0",,0,"35Y","GOLF LINKS RD","SCOTIA AV",500,"S","N","A","-","N",,,,,,,,,,"Y",2,0,1,1,"A","-","03",22350,,"N","E","I","A","A","H","-","B","D",0,,,,,"Y",,"A","01",1,0,0,0,0,0,0,0,0,"-","-","ALAMEDA","OAKLAND",-122.12659,37.75303
"7058973",2015,2015-10-14,"0109",2015-04-27,"2033","9381","2",1,5,7,"0109",0,0,"0",,0,"23X","HIGH ST","INTERNATIONAL BL",6,"S","N","A","-","N",,,,,,,,,,"N",4,0,1,2,"A","-","08",22100,"A","N","D","C","A","A","H","-","C","A",0,,,"Y",,"Y",,"A","07",0,0,1,0,0,0,0,0,1,"-","-","ALAMEDA","OAKLAND",-122.21485,37.77234
"7058835",2015,2015-10-15,"0109",2015-05-01,"1145","9252","2",5,5,7,"0109",0,0,"0",,0,"32X","INTERNATIONAL BL","10TH AV",0,,"Y","A","-","N",,,,,,,,,,"N",3,0,2,4,"A","-","01",23152,"A","N","C","D","B","A","H","-","A","A",0,"Y",,,,"Y",,"A","01",0,1,1,0,2,0,0,0,0,"-","-","ALAMEDA","OAKLAND",-122.24968,37.79207
"7058834",2015,2015-10-15,"0109",2015-05-08,"1241","9393","1",5,5,7,"0109",0,0,"0",,0,"20X","E 7TH ST","23RD AV",2,"E","N","A","-","N",,,,,,,,,,"Y",2,0,1,2,"A","-","03",22350,,"N","D","C","A","A","H","-","A","A",0,,,,,"Y",,"A","07",1,0,0,0,0,0,0,0,0,"-","-","ALAMEDA","OAKLAND",-122.23623,37.77558
"7058833",2015,2015-10-15,"0109",2015-03-16,"2105","8483","2",1,5,7,"0109",0,0,"0",,0,"29X","MACARTHUR BL","69TH AV",0,,"Y","A","-","N",,,,,,,,,,"N",3,0,5,3,"D","-","00",,,"F","D","C","A","A","H","-","C","A",0,,,,,"Y",,"-","-",0,5,0,0,0,0,0,0,0,"-","-","ALAMEDA","OAKLAND",-122.17541,37.77073
"7058749",2015,2015-10-16,"0109",2015-06-16,"0455","940","2",2,5,7,"0109",0,0,"0",,0,"26X","INTERNATIONAL BL","HIGH ST",0,,"Y","A","-","N",,,,,,,,,,"Y",3,0,3,2,"A","-","09",21801,"A","N","A","C","A","A","H","-","C","A",0,,,,,"Y",,"A","08",0,2,1,0,0,0,0,0,0,"-","-","ALAMEDA","OAKLAND",-122.21483,37.77235
"7058565",2015,2015-10-15,"0109",2015-05-07,"1730","9420","1",4,5,7,"0109",0,0,"0",,0,"03X","WEBSTER ST","7TH ST",660,"S","N","F","-","N",,,,,,,,,,"Y",4,0,3,4,"A","-","03",22350,,"N","C","C","A","A","H","-","C","D",0,,,,,"Y",,"A","01",0,0,3,0,0,0,0,0,0,"-","-","ALAMEDA","OAKLAND",-122.2723,37.7976
"7058372",2015,2015-10-12,"0109",2015-08-24,"1503","9209","1",1,5,7,"0109",0,0,"0",,0,"04X","LAKESIDE DR","14TH ST",340,"N","N","A","-","N",,,,,,,,,,"N",4,0,1,2,"A","-","08",22107,,"N","H","G","A","A","H","-","A","A",0,,"Y",,,"Y",,"-","-",0,0,1,0,0,0,1,0,0,"-","-","ALAMEDA","OAKLAND",-122.26234,37.80188
"7058371",2015,2015-10-12,"0109",2015-08-13,"0835","8655","1",4,5,7,"0109",0,0,"0",,0,"09X","MONTE VISTA AV","OAKLAND AV",0,,"Y","A","-","N",,,,,,,,,,"N",4,0,1,2,"A","-","10",21950,"A","N","A","B","B","A","H","-","A","A",0,"Y",,,,"Y",,"A","01",0,0,1,0,1,0,0,0,0,"-","-","ALAMEDA","OAKLAND",-122.2484,37.82128
"7058370",2015,2015-10-12,"0109",2015-08-23,"1040","9211","1",7,5,7,"0109",0,0,"0",,0,"08X","HARRISION ST","BAY PLACE",300,"N","N","A","-","N",,,,,,,,,,"N",4,0,1,2,"A","-","08",22100,"A","N","H","G","A","A","H","-","A","A",0,,"Y",,,"Y",,"A","01",0,0,1,0,0,0,1,0,0,"-","-","ALAMEDA","OAKLAND",-122.26092,37.81349
"7058369",2015,2015-10-12,"0109",2015-08-21,"1125","9409","2",5,5,7,"0109",0,0,"0",,0,"26X","65TH AV","SAN LEANDRO ST",0,,"N","A","-","N",,,,,,,,,,"N",4,0,1,2,"A","-","10",21950,"A","M","G","B","B","A","H","-","C","D",0,"Y",,,,"Y",,"A","01",0,0,1,0,1,0,0,0,0,"-","-","ALAMEDA","OAKLAND",,
"7058343",2015,2015-10-12,"0109",2015-08-25,"1531","9377","2",2,5,7,"0109",0,0,"0",,0,"23X","FOOTHILL BL","42ND AV",100,"E","N","A","-","N",,,,,,,,,,"N",4,0,1,2,"A","-","03",22350,,"N","C","C","A","A","H","-","A","A",0,,,,,"Y",,"A","01",0,0,1,0,0,0,0,0,0,"-","-","ALAMEDA","OAKLAND",-122.21298,37.77572
"7058255",2015,2015-10-14,"0109",2015-06-10,"2303","9231","1",3,5,7,"0109",0,0,"0",,0,"19X","INTERNATIONAL BL","18TH AV",0,,"Y","A","-","N",,,,,,,,,,"N",3,0,1,2,"A","-","11",21954,"A","N","G","B","D","A","H","-","C","D",0,"Y",,,,"Y",,"N","60",0,1,0,0,1,0,0,0,0,"-","-","ALAMEDA","OAKLAND",-122.24206,37.78708
"7058254",2015,2015-10-14,"0109",2015-06-03,"0036","9341","1",3,5,7,"0109",0,0,"0",,0,"06X","NORTHGATE AV","27TH ST",20,"W","N","A","-","N",,,,,,,,,,"N",3,0,1,2,"A","-","11",21950,"B","N","G","B","E","A","H","-","C","A",0,"Y",,,,"Y",,"N","60",0,1,0,0,1,0,0,0,0,"-","-","ALAMEDA","OAKLAND",-122.26985,37.81642
"7057548",2015,2015-11-20,"0109",2015-07-14,"1300","9438","1",2,5,7,"0109",0,0,"0",,0,"02X","BROADWAY","8TH ST",115,"S","N","A","-","N",,,,,,,,,,"N",4,0,1,2,"A","-","10",21952,,"N","G","B","F","A","H","-","A","D",0,"Y",,,,"Y",,"A","07",0,0,1,0,1,0,0,0,0,"-","-","ALAMEDA","OAKLAND",-122.27393,37.79992
"7057546",2015,2015-11-20,"0109",2015-07-16,"0900","9420","1",4,5,7,"0109",0,0,"0",,0,"03X","8TH ST","FRANKLIN ST",0,,"Y","A","-","N",,,,,,,,,,"N",2,0,1,2,"A","-","10",21950,"A","N","G","B","B","A","H","-","A","A",0,"Y",,,,"Y",,"A","08",1,0,0,0,1,0,0,0,0,"-","-","ALAMEDA","OAKLAND",-122.27252,37.79971
"7057545",2015,2015-11-20,"0109",2015-07-21,"1108","9420","1",2,5,7,"0109",0,0,"0",,0,"03X","9TH ST","BROADWAY",0,,"Y","B","-","N",,,,,,,,,,"N",4,0,1,2,"A","-","10",21950,"A","N","G","B","B","A","H","-","A","A",0,"Y",,,,"Y",,"A","01",0,0,1,0,1,0,0,0,0,"-","-","ALAMEDA","OAKLAND",-122.27334,37.80087
"7057517",2015,2015-11-12,"0109",2015-06-30,"0740","9371","1",2,5,7,"0109",0,0,"0",,0,"14X","CHETWOOD ST","SANTA CLARA AV",175,"W","N","A","-","N",,,,,,,,,,"N",4,0,1,2,"A","-","11",21954,"A","N","G","B","D","A","H","-","A","D",0,"Y",,,,"Y",,"N","60",0,0,1,0,1,0,0,0,0,"-","-","ALAMEDA","OAKLAND",-122.25067,37.81683
"7057315",2015,2015-11-23,"0109",2015-04-13,"1330","9313","2",1,5,7,"0109",0,0,"0",,0,"31Z","ROLAND WY","EDGEWATER DR",100,"S","N","A","-","N",,,,,,,,,,"N",4,0,1,2,"A","-","09",21804,"A","N","D","C","A","A","H","-","A","D",0,,,,,"Y",,"A","01",0,0,1,0,0,0,0,0,0,"-","-","ALAMEDA","OAKLAND",-122.20369,37.74185
"7057251",2015,2015-12-01,"0109",2015-05-11,"2137","9401","1",1,5,7,"0109",0,0,"0",,0,"03X","7TH ST","CLAY ST",5,"N","N","A","-","N",,,,,,,,,,"N",4,0,1,3,"A","-","10",21950,"A","F","G","B","B","A","H","-","C","A",0,"Y",,,,"Y",,"A","01",0,0,1,0,1,0,0,0,0,"-","-","ALAMEDA","OAKLAND",-122.27661,37.80046
"7056975",2015,2015-11-12,"0109",2015-06-07,"2112","9124","2",7,5,7,"0109",0,0,"0",,0,"23X","INTERNATIONAL BL","4TH AV",30,"E","N","A","-","N",,,,,,,,,,"N",4,0,1,2,"A","-","10",21950,"A","N","G","B","B","A","H","-","C","D",0,"Y",,,,"Y",,"A","01",0,0,1,0,1,0,0,0,0,"-","-","ALAMEDA","OAKLAND",-122.25453,37.79637
"7056737",2015,2015-12-03,"0109",2015-10-31,"1214","7715","2",6,5,7,"0109",0,0,"0",,0,"32X","SAN LEANDRO ST","STONE ST",0,,"Y","A","-","N",,,,,,,,,,"Y",3,0,2,2,"A","-","08",22107,,"N","B","C","A","A","H","-","A","D",0,,,,,"Y",,"-","-",0,1,1,0,0,0,0,0,0,"-","-","ALAMEDA","OAKLAND",-122.17727,37.73719
"7056116",2015,2015-10-02,"0109",2015-07-26,"2330","9261","2",7,5,7,"0109",0,0,"0",,0,"27X","BANCROFT AV","46TH AV",0,,"Y","A","-","N",,,,,,,,,,"N",4,0,2,2,"A","-","01",23152,"A","N","D","C","A","A","H","-","C","A",0,,,,,"Y","Y","A","01",0,0,2,0,0,0,0,0,0,"-","-","ALAMEDA","OAKLAND",-122.21073,37.77206
"7055600",2015,2015-11-04,"0109",2015-06-11,"1552","8557","1",4,5,7,"0109",0,0,"0",,0,"19X","E 12TH ST","19TH AV",21,"E","N","A","-","N",,,,,,,,,,"Y",4,0,1,6,"A","-","09",21801,"A","M","A","C","A","A","H","-","A","D",0,,,,,"Y",,"A","01",0,0,1,0,0,0,0,0,0,"-","-","ALAMEDA","OAKLAND",-122.24185,37.78547
"7055599",2015,2015-11-04,"0109",2015-06-21,"1859","9323","1",7,5,7,"0109",0,0,"0",,0,"12X","COLLEGE AV","BROADWAY",50,"N","N","A","-","N",,,,,,,,,,"N",4,0,1,2,"A","-","08",22102,,"N","D","C","A","A","H","-","A","D",0,,,,,"Y",,"A","01",0,0,1,0,0,0,0,0,0,"-","-","ALAMEDA","OAKLAND",-122.25126,37.8364
"7055597",2015,2015-11-04,"0109",2015-06-26,"1004","9356","2",5,5,7,"0109",0,0,"0",,0,"32X","BANCROFT AV","82ND AV",40,"W","N","A","-","N",,,,,,,,,,"N",4,0,1,2,"A","-","03",22350,,"N","C","C","A","A","H","-","A","A",0,,,,,"Y",,"A","01",0,0,1,0,0,0,0,0,0,"-","-","ALAMEDA","OAKLAND",-122.17066,37.76009
"7055539",2015,2015-09-26,"0109",2015-07-27,"1746","9326",,1,5,7,"0109",0,0,"0",,0,,"TELEGRAPH AV","21ST ST",120,"N","N","A","-","N",,,,,,,,,,"N",4,0,1,2,"A","-","05",21650,"1","N","G","H","A","A","H","-","A","D",0,,"Y",,,"Y",,"L","04",0,0,1,0,0,0,1,0,0,"-","-","ALAMEDA","OAKLAND",-122.26931,37.81064
"7055538",2015,2015-09-26,"0109",2015-07-29,"0910","8734","1",3,5,7,"0109",0,0,"0",,0,"003","12TH ST","FRANKLIN ST",0,,"Y","A","-","N",,,,,,,,,,"N",3,0,1,2,"A","-","12",21453,"A","N","D","C","A","A","H","-","A","A",0,,,,,"Y",,"A","01",0,1,0,0,0,0,0,0,0,"-","-","ALAMEDA","OAKLAND",-122.27082,37.80247
"7055402",2015,2015-09-29,"0109",2015-06-10,"1603","9419","1",3,5,7,"0109",0,0,"0",,0,"03X","13TH ST","OAK ST",0,,"Y","A","-","N",,,,,,,,,,"N",4,0,1,2,"A","-","10",21950,"A","N","G","B","B","A","H","-","A","A",0,"Y",,,,"Y",,"A","07",0,0,1,0,1,0,0,0,0,"-","-","ALAMEDA","OAKLAND",-122.2633,37.80038
"7055170",2015,2016-12-03,"9370",2015-06-25,"1725","18579",,4,2,7,"0109",0,1,"1",,2,"054","RT 580","SANTA CLARA",200,"E","N","A","-","Y","ALA",4,580,"-","-",43.72,"H","-","W","Y",3,0,1,2,"A","-","07",21658,"A","M","B","C","A","A","H","-","A","D",1,,,,,"Y",,"A","08",0,1,0,0,0,0,0,0,0,"-","-","ALAMEDA","OAKLAND",-122.24942,37.81103
"7054624",2015,2015-09-26,"0109",2015-05-04,"1235","9356","2",1,5,7,"0109",0,0,"0",,0,"30X","MACARTHUR BL","RITCHIE ST",312,"E","N","A","-","N",,,,,,,,,,"N",4,0,1,2,"A","-","03",22350,,"M","B","C","A","A","H","-","A","D",0,,,,,"Y","Y","A","01",0,0,1,0,0,0,0,0,0,"-","-","ALAMEDA","OAKLAND",-122.16598,37.76394
"7054623",2015,2015-09-26,"0109",2015-05-23,"0800","9187",,6,5,7,"0109",0,0,"0",,0,"15X","LAKESHORE AV","WAYNE ST",50,"N","N","B","-","N",,,,,,,,,,"N",4,0,1,2,"A","-","08",22107,,"M","H","G","A","A","H","-","A","D",0,,"Y",,,"Y",,"A","01",0,0,1,0,0,0,1,0,0,"-","-","ALAMEDA","OAKLAND",,
"7054621",2015,2015-09-26,"0109",2015-05-12,"0130","8866","1",2,5,7,"0109",0,0,"0",,0,"19X","E 12TH ST","17TH AV",220,"S","N","A","-","N",,,,,,,,,,"Y",3,0,2,1,"A","-","08",22107,,"M","E","I","A","A","H","-","C","D",0,,,,,"Y",,"A","01",0,2,0,0,0,0,0,0,0,"-","-","ALAMEDA","OAKLAND",-122.24327,37.78653
"7054614",2015,2015-09-26,"0109",2015-05-17,"1732","9325","1",7,5,7,"0109",0,0,"0",,0,"21X","NICOL AV","COOLIDGE AV",50,"W","N","A","-","N",,,,,,,,,,"N",4,0,1,2,"A","-","11",21950,"B","N","G","B","E","A","H","-","A","D",0,"Y",,,,"Y",,"N","60",0,0,1,0,1,0,0,0,0,"-","-","ALAMEDA","OAKLAND",-122.21421,37.79253
"7054613",2015,2015-09-26,"0109",2015-05-29,"1118","8684","1",5,5,7,"0109",0,0,"0",,0,"18Y","BEAUMONT AV","CHATHAM RD",0,,"Y","B","-","N",,,,,,,,,,"Y",4,0,2,2,"A","-","09",21801,"A","N","D","C","A","A","H","-","A","A",0,,,,,"Y",,"A","01",0,0,2,0,0,0,0,0,0,"-","-","ALAMEDA","OAKLAND",-122.22867,37.80147
"7054605",2015,2015-09-26,"0109",2015-05-07,"0903","9388","2",4,5,7,"0109",0,0,"0",,0,"23X","SAN LEANDRO ST","35TH AV",0,,"Y","A","-","N",,,,,,,,,,"N",4,0,1,2,"D","-","00",,,"N","C","C","A","A","H","-","A","A",0,,,,,"Y",,"-","-",0,0,1,0,0,0,0,0,0,"-","-","ALAMEDA","OAKLAND",-122.22426,37.77403
"7054601",2015,2015-09-26,"0109",2015-05-27,"0911","8208","1",3,5,7,"0109",0,0,"0",,0,"19X","E 12TH ST","20TH AV",0,,"Y","B","-","N",,,,,,,,,,"Y",3,0,2,2,"A","-","03",22350,,"M","C","C","A","A","H","-","A","D",0,,,,,"Y",,"A","01",0,1,1,0,0,0,0,0,0,"-","-","ALAMEDA","OAKLAND",-122.24089,37.78485
"7054252",2015,2015-09-30,"0109",2015-07-10,"2240","9310","1",5,5,7,"0109",0,0,"0",,0,"03X","14TH ST","MARTIN LUTHER KING JR WY",0,,"Y","A","-","N",,,,,,,,,,"Y",4,0,1,2,"D","-","00",,,"N","D","C","A","A","H","-","C","A",0,,,,,"Y",,"-","-",0,0,1,0,0,0,0,0,0,"-","-","ALAMEDA","OAKLAND",-122.27597,37.80621
"7054182",2015,2015-09-26,"0109",2015-04-02,"1713","8265","1",4,5,7,"0109",0,0,"0",,0,"13Y","THORNHILL DR","MOUNTAIN BL",0,,"Y","A","-","N",,,,,,,,,,"N",4,0,1,2,"A","-","03",22350,,"N","H","G","A","A","H","-","A","A",0,,"Y",,,"Y",,"L","04",0,0,1,0,0,0,1,0,0,"-","-","ALAMEDA","OAKLAND",-122.21451,37.83276
"7054181",2015,2015-09-26,"0109",2015-04-24,"1855","9351","2",5,5,7,"0109",0,0,"0",,0,"32X","98TH AV","STANLEY ST",0,,"Y","B","-","N",,,,,,,,,,"N",3,0,1,2,"A","-","09",21801,"A","M","D","C","A","A","H","-","A","D",0,,,,,"Y",,"-","99",0,1,0,0,0,0,0,0,0,"-","-","ALAMEDA","OAKLAND",-122.15358,37.75239
"7054000",2015,2015-09-21,"0109",2015-06-06,"0241","9231","1",6,5,7,"0109",0,0,"0",,0,"20X","FRUITVALE AV","E 12TH ST",0,,"Y","A","-","N",,,,,,,,,,"Y",4,0,3,2,"A","-","01",23152,,"N","C","C","A","A","H","-","C","A",0,,,,,"Y","Y","A","01",0,0,3,0,0,0,0,0,0,"-","-","ALAMEDA","OAKLAND",-122.22649,37.77631
"7053998",2015,2015-09-19,"0109",2015-05-30,"1119","9356","2",6,5,7,"0109",0,0,"0",,0,"30X","73RD AV","BANCROFT AV",0,,"Y","A","-","N",,,,,,,,,,"Y",4,0,1,2,"A","-","08",22107,,"M","C","C","A","A","H","-","A","A",0,,,,,"Y","Y","A","01",0,0,1,0,0,0,0,0,0,"-","-","ALAMEDA","OAKLAND",-122.17721,37.76582
"7053996",2015,2015-09-21,"0109",2015-06-12,"1700","9282","1",5,5,7,"0109",0,0,"0",,0,"06X","WEST MACARTHUR BL","MARTIN LUTHER KING JR WY",0,,"Y","A","-","N",,,,,,,,,,"N",4,0,1,2,"A","-","09",21801,"A","N","D","C","A","A","H","-","A","A",0,,,,,"Y",,"A","01",0,0,1,0,0,0,0,0,0,"-","-","ALAMEDA","OAKLAND",-122.26908,37.82719
"7053994",2015,2015-09-19,"0109",2015-05-13,"1147","9316","2",3,5,7,"0109",0,0,"0",,0,"30Y","MACARTHUR BL","73RD AV",60,"E","N","A","-","N",,,,,,,,,,"N",4,0,1,2,"A","-","21",22106,,"F","C","C","A","A","H","-","A","A",0,,,,,"Y",,"A","01",0,0,1,0,0,0,0,0,0,"-","-","ALAMEDA","OAKLAND",-122.17187,37.76902