"CASE_ID","ACCIDENT_YEAR","PROC_DATE","JURIS","COLLISION_DATE","COLLISION_TIME","OFFICER_ID","REPORTING_DISTRICT","DAY_OF_WEEK","CHP_SHIFT","POPULATION","CNTY_CITY_LOC","SPECIAL_COND","BEAT_TYPE","CHP_BEAT_TYPE","CITY_DIVISION_LAPD","CHP_BEAT_CLASS","BEAT_NUMBER","PRIMARY_RD","SECONDARY_RD","DISTANCE","DIRECTION","INTERSECTION","WEATHER_1","WEATHER_2","STATE_HWY_IND","CALTRANS_COUNTY","CALTRANS_DISTRICT","STATE_ROUTE","ROUTE_SUFFIX","POSTMILE_PREFIX","POSTMILE","LOCATION_TYPE","RAMP_INTERSECTION","SIDE_OF_HWY","TOW_AWAY","COLLISION_SEVERITY","NUMBER_KILLED","NUMBER_INJURED","PARTY_COUNT","PRIMARY_COLL_FACTOR","PCF_CODE_OF_VIOL","PCF_VIOL_CATEGORY","PCF_VIOLATION","PCF_VIOL_SUBSECTION","HIT_AND_RUN","TYPE_OF_COLLISION","MVIW","PED_ACTION","ROAD_SURFACE","ROAD_COND_1","ROAD_COND_2","LIGHTING","CONTROL_DEVICE","CHP_ROAD_TYPE","PEDESTRIAN_ACCIDENT","BICYCLE_ACCIDENT","MOTORCYCLE_ACCIDENT","TRUCK_ACCIDENT","NOT_PRIVATE_PROPERTY","ALCOHOL_INVOLVED","STWD_VEHTYPE_AT_FAULT","CHP_VEHTYPE_AT_FAULT","COUNT_SEVERE_INJ","COUNT_VISIBLE_INJ","COUNT_COMPLAINT_PAIN","COUNT_PED_KILLED","COUNT_PED_INJURED","COUNT_BICYCLIST_KILLED","COUNT_BICYCLIST_INJURED","COUNT_MC_KILLED","COUNT_MC_INJURED","PRIMARY_RAMP","SECONDARY_RAMP","COUNTY","CITY","POINT_X","POINT_Y"
"6968777",2015,2016-12-06,"9335",2015-06-14,"1025","019631",,7,1,7,"0109",0,1,"1",,1,"082","RT 80","SFOBB METERING LIGHTS",91,"E","N","B","-","Y","ALA",4,80,"-","-",1.81,"H","-","W","Y",4,0,1,2,"A","-","03",22350,,"N","C","C","A","A","H","-","A","A",4,,,"Y",,"Y",,"C","02",0,0,1,0,0,0,0,0,1,"-","-","ALAMEDA","OAKLAND",-122.31703,37.82421
"6968500",2015,2016-11-05,"9370",2015-06-11,"1127","018579",,4,1,7,"0109",0,1,"3",,2,"025","RT 24","W MACARTHUR BL",735,"W","N","A","-","Y","ALA",4,24,"-","R",1.86,"H","-","E","N",4,0,1,2,"A","-","07",21658,"A","M","B","C","A","A","H","-","A","D",1,,,,,"Y",,"A","07",0,0,1,0,0,0,0,0,0,"-","-","ALAMEDA","OAKLAND",-122.26799,37.82442
"6968493",2015,2016-12-03,"9370",2015-06-10,"1450","018579",,3,2,7,"0109",0,1,"1",,2,"052","RT 580","RUSTING AV",306,"W","N","B","C","Y","ALA",4,580,"-","R",39.451,"R","2","W","Y",4,0,1,1,"A","-","08",22107,,"N","E","I","A","B","H","-","A","D",1,,,,,"Y",,"A","07",0,0,1,0,0,0,0,0,0,"FR","-","ALAMEDA","OAKLAND",-122.18203,37.78412
"6967147",2015,2016-12-06,"9335",2015-06-04,"1700","18688",,4,2,7,"0109",0,1,"1",,1,"082","RT 80","SFOBB METERING LIGHTS",4671,"W","N","A","-","Y","ALA",4,80,"-","R",0.91,"H","-","W","Y",3,0,2,2,"A","-","01",23152,"A","N","C","C","A","A","H","-","A","D",4,,,,,"Y","Y","A","01",0,1,1,0,0,0,0,0,0,"-","-","ALAMEDA","OAKLAND",-122.33341,37.8216
"6966641",2015,2015-07-21,"0109",2015-03-07,"1822","9372","2",6,5,7,"0109",0,0,"0",,0,"26X","71ST AV","HAWLEY ST",50,"S","N","A","-","N",,,,,,,,,,"N",3,0,1,1,"A","-","08",22107,,"N","E","I","A","A","H","-","A","A",0,,,"Y",,"Y",,"C","06",0,1,0,0,0,0,0,0,1,"-","-","ALAMEDA","OAKLAND",-122.19552,37.75557
"6966640",2015,2015-07-07,"0109",2015-05-19,"1249","9194","1",2,5,7,"0109",0,0,"0",,0,"03X","14TH ST","BROADWAY",5,"W","N","B","-","N",,,,,,,,,,"Y",2,0,2,3,"A","-","12",21453,"A","N","G","B","B","A","H","-","A","A",0,"Y",,,"Y","Y",,"A","01",1,0,1,0,1,0,0,0,0,"-","-","ALAMEDA","OAKLAND",-122.27122,37.80433
"6966462",2015,2016-12-03,"9370",2015-05-30,"0945","20949",,6,1,7,"0109",0,1,"1",,2,"052","RT 580","DAVENPORT AV",420,"W","N","B","-","Y","ALA",4,580,"-","R",39.47,"H","-","E","N",4,0,1,2,"A","-","03",22350,,"N","C","C","A","A","H","-","A","D",1,,,,,"Y",,"A","07",0,0,1,0,0,0,0,0,0,"-","-","ALAMEDA","OAKLAND",-122.18221,37.78393
"6966221",2015,2017-01-04,"9370",2015-06-13,"1526","020953",,6,2,7,"0109",0,1,"1",,2,"176","RT 880","66TH AV",3484,"N","N","A","-","Y","ALA",4,880,"-","-",27.41,"H","-","S","N",4,0,2,3,"A","-","03",22350,,"N","C","C","A","A","H","-","A","D",1,,,,,"Y",,"A","07",0,0,2,0,0,0,0,0,0,"-","-","ALAMEDA","OAKLAND",-122.21738,37.76424
"6966209",2015,2016-12-03,"9370",2015-06-13,"0630","020235",,6,1,7,"0109",0,1,"1",,2,"052","RT 580","GOLF LINKS RD",1400,"E","N","B","-","Y","ALA",4,580,"-","R",36.1,"H","-","E","Y",3,0,2,1,"A","-","08",22107,,"N","E","I","A","A","H","-","A","D",1,,,,,"Y",,"A","07",0,2,0,0,0,0,0,0,0,"-","-","ALAMEDA","OAKLAND",-122.1516,37.75017
"6964385",2015,2017-01-04,"9370",2015-06-06,"1650","020986",,6,2,7,"0109",0,1,"1",,2,"176","RT 880","FRUITVALE AV",110,"S","N","A","-","Y","ALA",4,880,"-","-",28.22,"H","-","S","Y",4,0,1,4,"A","-","03",22350,,"N","C","C","A","A","H","-","A","D",1,,,,,"Y",,"A","01",0,0,1,0,0,0,0,0,0,"-","-","ALAMEDA","OAKLAND",-122.22737,37.77289
"6964384",2015,2017-01-04,"9370",2015-06-06,"1040","020961",,6,1,7,"0109",0,1,"1",,2,"177","RT 880","BROADWAY",160,"S","N","A","-","Y","ALA",4,880,"-","-",31.55,"H","-","N","Y",4,0,1,2,"A","-","08",22107,,"N","E","I","A","A","H","-","A","D",1,,,,,"Y",,"A","01",0,0,1,0,0,0,0,0,0,"-","-","ALAMEDA","OAKLAND",-122.27422,37.7983
"6964383",2015,2016-12-03,"9370",2015-06-04,"1715","020949",,4,2,7,"0109",0,1,"1",,2,"052","RT 580","FONTAINE ST",800,"W","N","A","-","Y","ALA",4,580,"-","R",37.49,"H","-","W","N",4,0,2,2,"A","-","07",21658,"A","N","B","C","A","A","H","-","A","D",1,,,,,"Y",,"M","47",0,0,2,0,0,0,0,0,0,"-","-","ALAMEDA","OAKLAND",-122.15344,37.76828
"6962207",2015,2016-12-06,"9370",2015-05-29,"2300","020279",,5,3,7,"0109",0,1,"1",,2,"008","RT 80","WEST GRAND AV",600,"W","N","A","-","Y","ALA",4,80,"-","-",2.3,"H","-","W","N",4,0,2,2,"A","-","07",21658,"A","N","B","C","A","A","H","-","C","D",6,,,,,"Y",,"A","01",0,0,2,0,0,0,0,0,0,"-","-","ALAMEDA","OAKLAND",-122.31085,37.82502
"6961519",2015,2015-06-30,"0109",2015-03-15,"1625","9253","2",7,5,7,"0109",0,0,"0",,0,"23X","34TH AV","17TH AV",5,"E","N","A","-","N",,,,,,,,,,"N",4,0,1,2,"A","-","01",23152,"A","N","A","C","A","A","H","-","A","D",0,,,,,"Y","Y","A","07",0,0,1,0,0,0,0,0,0,"-","-","ALAMEDA","OAKLAND",-122.22201,37.78028
"6961515",2015,2015-06-30,"0109",2015-03-14,"1339","9197","2",6,5,7,"0109",0,0,"0",,0,"25X","REDWOOD RD","MOUNTAIN BL",0,,"Y","A","-","N",,,,,,,,,,"Y",3,0,2,2,"A","-","09",21801,"A","N","D","C","A","A","H","-","A","D",0,,,,,"Y",,"A","01",0,1,1,0,0,0,0,0,0,"-","-","ALAMEDA","OAKLAND",-122.18464,37.79838
"6961511",2015,2015-07-09,"0109",2015-03-31,"1516","8817","2",2,5,7,"0109",0,0,"0",,0,"31X","98TH AV","DENSLOWE AV",0,,"Y","A","-","N",,,,,,,,,,"Y",2,0,3,2,"A","-","12",21453,"A","N","D","C","A","A","H","-","A","A",0,,,,,"Y",,"-","-",1,0,2,0,0,0,0,0,0,"-","-","ALAMEDA","OAKLAND",-122.18581,37.73374
"6961507",2015,2015-07-07,"0109",2015-03-01,"1715","9147","1",7,5,7,"0109",0,0,"0",,0,"03Y","CASTRO ST","6TH ST",0,,"Y","A","-","N",,,,,,,,,,"Y",3,0,3,2,"A","-","12",21453,"A","N","D","C","A","A","H","-","B","A",0,,,,,"Y",,"-","-",0,3,0,0,0,0,0,0,0,"-","-","ALAMEDA","OAKLAND",-122.28056,37.80112
"6961503",2015,2015-07-10,"0109",2015-03-06,"0817","9276","1",5,5,7,"0109",0,0,"0",,0,"04X","16TH ST","TELEGRAPH AV",0,,"Y","A","-","N",,,,,,,,,,"N",4,0,1,2,"A","-","12",21453,"A","N","H","G","A","A","H","-","A","A",0,,"Y",,,"Y",,"-","-",0,0,1,0,0,0,1,0,0,"-","-","ALAMEDA","OAKLAND",-122.27045,37.80609
"6961416",2015,2016-06-15,"0109",2015-05-15,"1904","9449","1",5,5,7,"0109",0,0,"0",,0,"19X","FOOTHILL BL","16TH AV",0,,"Y","A","-","N",,,,,,,,,,"Y",4,0,1,2,"A","-","12",21453,"A","N","A","C","A","A","H","-","A","A",0,,,,,"Y",,"A","01",0,0,1,0,0,0,0,0,0,"-","-","ALAMEDA","OAKLAND",-122.24259,37.78999
"6961396",2015,2015-06-24,"0109",2015-05-25,"2110","8038","1",1,5,7,"0109",0,0,"0",,0,"04X","GRAND AV","BROADWAY",30,"E","N","B","-","N",,,,,,,,,,"Y",3,0,3,7,"A","-","01",23152,"A","N","C","E","F","A","H","-","C","D",0,"Y",,,,"Y","Y","A","01",0,2,1,0,1,0,0,0,0,"-","-","ALAMEDA","OAKLAND",-122.26662,37.81147
"6960513",2015,2015-06-23,"0109",2015-04-08,"1929","8658","2",3,5,7,"0109",0,0,"0",,0,"32X","SAN LEANDRO ST","STONE ST",30,"E","N","A","-","N",,,,,,,,,,"N",4,0,1,2,"A","-","08",22103,,"M","D","C","A","A","H","-","B","A",0,,,,,"Y",,"A","01",0,0,1,0,0,0,0,0,0,"-","-","ALAMEDA","OAKLAND",-122.17725,37.73711
"6960222",2015,2017-01-04,"9370",2015-06-09,"2116","20394",,2,2,7,"0109",0,1,"1",,2,"177","RT 880","7TH ST",20,"N","N","A","-","Y","ALA",4,880,"-","R",33.52,"H","-","N","N",4,0,1,1,"A","-","08",22107,,"N","E","I","A","A","H","-","C","D",1,,,,,"Y",,"A","01",0,0,1,0,0,0,0,0,0,"-","-","ALAMEDA","OAKLAND",-122.30455,37.80801
"6960218",2015,2016-12-06,"9370",2015-06-10,"1148","18245",,3,1,7,"0109",0,1,"1",,2,"008","RT 80","RT 580",100,"W","N","C","-","Y","ALA",4,80,"-","-",3.29,"H","-","E","Y",4,0,1,1,"A","-","03",22350,,"N","E","I","A","B","H","-","A","D",6,,,,,"Y",,"A","01",0,0,1,0,0,0,0,0,0,"-","-","ALAMEDA","OAKLAND",-122.29458,37.8279
"6960210",2015,2016-12-03,"9370",2015-06-09,"1956","20197",,2,2,7,"0109",0,1,"1",,2,"054","RT 580","PARK AV",100,"E","N","A","-","Y","ALA",4,580,"-","-",42.65,"H","-","E","N",4,0,1,2,"A","-","07",21658,"A","N","B","C","A","A","H","-","A","D",1,,,,,"Y",,"A","01",0,0,1,0,0,0,0,0,0,"-","-","ALAMEDA","OAKLAND",-122.23332,37.80405
"6960172",2015,2016-12-06,"9335",2015-06-09,"0105","13058",,2,3,7,"0109",0,1,"1",,2,"084","RT 80","SAN FRANCISCO/ALAMEDA CO LINE",3696,"E","N","A","-","Y","ALA",4,80,"-","R",0.7,"H","-","E","N",3,0,3,2,"A","-","03",22350,,"N","C","C","A","A","H","-","C","D",4,,,,,"Y",,"A","01",0,1,2,0,0,0,0,0,0,"-","-","ALAMEDA","OAKLAND",-122.33698,37.82068
"6959100",2015,2015-07-22,"0109",2015-02-24,"1700","9231","1",2,5,7,"0109",0,0,"0",,0,"21X","FRUITVALE AV","27TH ST",3,"N","N","A","-","N",,,,,,,,,,"N",2,0,1,2,"A","-","10",21950,"A","F","G","B","B","A","H","-","A","A",0,"Y",,,,"Y",,"A","08",1,0,0,0,1,0,0,0,0,"-","-","ALAMEDA","OAKLAND",-122.22004,37.79055
"6959096",2015,2015-07-22,"0109",2015-02-21,"2332","9208","2",6,5,7,"0109",0,0,"0",,0,"24X","FOOTHILL BL","41ST AV",60,"E","N","A","-","N",,,,,,,,,,"Y",4,0,2,3,"A","-","03",22350,,"N","C","C","A","A","H","-","C","D",0,,,,,"Y",,"A","01",0,0,2,0,0,0,0,0,0,"-","-","ALAMEDA","OAKLAND",-122.21372,37.77637
"6959092",2015,2015-07-22,"0109",2015-02-28,"0838","9354","1",6,5,7,"0109",0,0,"0",,0,"11X","55TH ST","SHATTUCK AV",0,,"Y","B","-","N",,,,,,,,,,"N",4,0,1,2,"A","-","12",21453,"A","N","H","G","A","A","H","-","A","A",0,,"Y",,,"Y",,"L","04",0,0,1,0,0,0,1,0,0,"-","-","ALAMEDA","OAKLAND",-122.26452,37.84043
"6958534",2015,2016-06-16,"0109",2015-05-07,"1544","9449","1",4,5,7,"0109",0,0,"0",,0,"017","5TH AV","17TH ST",0,,"Y","B","-","N",,,,,,,,,,"Y",3,0,3,2,"A","-","09",21801,"A","N","A","C","A","A","H","-","A","A",0,,,,,"Y",,"D","22",0,2,1,0,0,0,0,0,0,"-","-","ALAMEDA","OAKLAND",-122.25107,37.79773
"6957201",2014,2015-07-01,"9370",2014-06-02,"1140","18812",,1,1,7,"0109",0,1,"1",,2,"054","RT 580","CHETWOOD ST",125,"E","N","A","-","Y",,,580,,,,,,,"Y",4,0,2,3,"A","-","03",22350,,"N","C","C","A","A","H","-","A","D",0,,,,,"Y",,"A","01",0,0,2,0,0,0,0,0,0,"-","-","ALAMEDA","OAKLAND",-122.25138,37.81591
"6957059",2015,2017-01-04,"9370",2015-05-31,"0052","020506",,7,3,7,"0109",0,1,"1",,2,"176","RT 880","66TH AV",3325,"S","N","A","-","Y","ALA",4,880,"-","-",25.95,"H","-","N","N",3,0,1,2,"A","-","11",21954,"A","N","G","B","E","A","H","-","D","D",1,"Y",,,,"Y","Y","N","60",0,1,0,0,1,0,0,0,0,"-","-","ALAMEDA","OAKLAND",-122.20117,37.74625
"6957051",2015,2016-12-06,"9370",2015-05-28,"0632","019469",,4,1,7,"0109",0,1,"1",,2,"008","RT 80","SFOBB ADMIN BLDG",580,"E","N","B","-","Y","ALA",4,80,"-","-",2.438,"R","4","W","Y",2,0,1,2,"A","-","21",22106,,"N","D","C","A","A","H","-","A","D",6,,,"Y",,"Y",,"A","01",1,0,0,0,0,0,0,0,1,"-","-","ALAMEDA","OAKLAND",-122.30953,37.825
"6957047",2015,2016-12-03,"9370",2015-05-13,"1910","017736",,3,2,7,"0109",0,1,"1",,2,"054","RT 580","PARK BL",1093,"W","N","A","-","Y","ALA",4,580,"-","-",42.91,"H","-","E","Y",3,0,2,4,"A","-","03",22350,,"N","D","C","A","A","H","-","A","D",1,,,,,"Y",,"A","01",0,1,1,0,0,0,0,0,0,"-","-","ALAMEDA","OAKLAND",-122.23705,37.80616
"6956998",2015,2016-12-03,"9370",2015-06-02,"2020","020939",,2,2,7,"0109",0,1,"1",,2,"053","RT 580","FRUITVALE AV",1850,"W","N","A","-","Y","ALA",4,580,"-","R",41.89,"H","-","W","Y",3,0,1,3,"A","-","01",23152,"A","F","C","C","A","A","H","-","B","D",1,,,,,"Y","Y","A","01",0,1,0,0,0,0,0,0,0,"-","-","ALAMEDA","OAKLAND",-122.22348,37.79984
"6955401",2015,2015-08-13,"0109",2015-05-12,"1330","8363","2",2,5,7,"0109",0,0,"0",,0,"32X","100TH AV","MACARTHUR BL",10,"S","N","A","-","N",,,,,,,,,,"N",4,0,1,2,"A","-","08",22107,,"M","D","C","A","A","H","-","A","A",0,,,,,"Y",,"A","07",0,0,1,0,0,0,0,0,0,"-","-","ALAMEDA","OAKLAND",-122.15613,37.74587
"6955400",2015,2015-07-10,"0109",2015-05-14,"1800","8973","2",4,5,7,"0109",0,0,"0",,0,"32X","101ST AV","PLYMOUTH ST",0,,"Y","A","-","N",,,,,,,,,,"Y",4,0,1,2,"A","-","12",22450,"A","F","B","C","A","A","H","-","A","D",0,,,,,"Y",,"A","01",0,0,1,0,0,0,0,0,0,"-","-","ALAMEDA","OAKLAND",-122.16534,37.74302
"6955399",2015,2015-07-08,"0109",2015-05-16,"1806","9348","1",6,5,7,"0109",0,0,"0",,0,"10X","52ND ST","MARTIN LUTHER KING",7,"E","N","A","B","N",,,,,,,,,,"Y",4,0,3,2,"A","-","01",23152,"A","N","C","C","A","A","H","-","B","A",0,,,,,"Y","Y","A","01",0,0,3,0,0,0,0,0,0,"-","-","ALAMEDA","OAKLAND",-122.26868,37.83719
"6955398",2015,2015-07-08,"0109",2015-05-08,"1913","9275","1",5,5,7,"0109",0,0,"0",,0,"18X","23RD AV","22ND ST",0,,"Y","A","-","N",,,,,,,,,,"N",4,0,1,2,"A","-","09",21801,"A","N","B","C","A","A","H","-","A","A",0,,,,,"Y",,"A","01",0,0,1,0,0,0,0,0,0,"-","-","ALAMEDA","OAKLAND",-122.23092,37.78947
"6955397",2015,2015-07-08,"0109",2015-05-11,"1220","7940","1",1,5,7,"0109",0,0,"0",,0,"03X","11TH ST","ALICE ST",0,,"Y","A","-","N",,,,,,,,,,"N",4,0,1,2,"A","-","07",21658,"A","N","B","C","A","A","H","-","A","D",0,,,,,"Y",,"A","08",0,0,1,0,0,0,0,0,0,"-","-","ALAMEDA","OAKLAND",-122.26771,37.80038
"6955396",2015,2015-07-08,"0109",2015-05-14,"1451","8973","2",4,5,7,"0109",0,0,"0",,0,"32X","103RD AV","PLYMOUTH ST",0,,"Y","A","-","N",,,,,,,,,,"N",4,0,1,2,"A","-","12",22450,"A","N","A","C","A","B","H","-","A","A",0,,,,,"Y",,"A","01",0,0,1,0,0,0,0,0,0,"-","-","ALAMEDA","OAKLAND",-122.16481,37.74166
"6955395",2015,2015-07-08,"0109",2015-05-19,"0631","9302","1",2,5,7,"0109",0,0,"0",,0,"12Y","TELEGRAPH AV","58TH ST",0,,"Y","C","-","N",,,,,,,,,,"Y",4,0,1,2,"A","-","09",21801,"A","N","D","C","A","B","H","-","A","C",0,,,,,"Y",,"A","01",0,0,1,0,0,0,0,0,0,"-","-","ALAMEDA","OAKLAND",-122.26141,37.84397
"6955394",2015,2015-07-08,"0109",2015-05-09,"0738","9149","1",6,5,7,"0109",0,0,"0",,0,"14X","OAKLAND AV","PERRY PL",0,,"Y","A","-","N",,,,,,,,,,"Y",4,0,1,2,"A","-","12",21453,"A","N","D","C","A","A","H","-","A","A",0,,,,,"Y",,"A","01",0,0,1,0,0,0,0,0,0,"-","-","ALAMEDA","OAKLAND",-122.25418,37.81862
"6954957",2015,2015-07-01,"0109",2015-04-07,"1246","9371","1",2,5,7,"0109",0,0,"0",,0,"11X","SHATTUCK AV","52ND ST",30,"N","N","B","-","N",,,,,,,,,,"N",4,0,1,3,"A","-","03",22350,,"N","C","C","A","A","H","-","A","A",0,,,,,"Y",,"A","01",0,0,1,0,0,0,0,0,0,"-","-","ALAMEDA","OAKLAND",-122.26419,37.83798
"6954953",2015,2015-07-02,"0109",2015-04-30,"2020","9149","2",4,5,7,"0109",0,0,"0",,0,"33X","98TH AV","E ST",25,"N","N","A","-","N",,,,,,,,,,"N",4,0,1,2,"A","-","09",21804,"A","M","B","C","A","A","H","-","C","A",0,,,,,"Y",,"A","01",0,0,1,0,0,0,0,0,0,"-","-","ALAMEDA","OAKLAND",-122.17687,37.74137
"6954949",2015,2015-07-02,"0109",2015-04-09,"1330","8881","1",4,5,7,"0109",0,0,"0",,0,"04X","14TH ST","CLAY ST",25,"W","N","A","-","N",,,,,,,,,,"N",4,0,1,2,"A","-","07",21658,"A","M","B","C","A","A","H","-","A","A",0,,,,,"Y",,"A","01",0,0,1,0,0,0,0,0,0,"-","-","ALAMEDA","OAKLAND",-122.27369,37.80531
"6954945",2015,2015-07-02,"0109",2015-04-10,"1424","8655","1",5,5,7,"0109",0,0,"0",,0,"20X","25TH AV","E 11TH ST",50,"S","N","A","-","N",,,,,,,,,,"N",4,0,1,2,"A","-","08",22107,,"F","C","E","A","A","H","-","A","D",0,,,,,"Y",,"A","01",0,0,1,0,0,0,0,0,0,"-","-","ALAMEDA","OAKLAND",-122.23608,37.77976
"6954929",2015,2015-07-01,"0109",2015-04-09,"1349","9197","2",4,5,7,"0109",0,0,"0",,0,"33X","SAN LEANDRO ST","85TH AV",0,,"Y","A","-","N",,,,,,,,,,"N",4,0,1,2,"A","-","09",21453,"B","N","G","B","B","A","H","-","A","A",0,"Y",,,,"Y",,"A","01",0,0,1,0,1,0,0,0,0,"-","-","ALAMEDA","OAKLAND",-122.18908,37.747
"6954925",2015,2015-07-01,"0109",2015-04-14,"1515","8958","1",2,5,7,"0109",0,0,"0",,0,"18Y","HIGHLAND AV","E 20TH ST",200,"N","N","A","-","N",,,,,,,,,,"N",3,0,1,1,"A","-","03",22350,,"N","E","I","A","A","H","-","A","D",0,,,,,"Y",,"A","01",0,1,0,0,0,0,0,0,0,"-","-","ALAMEDA","OAKLAND",,
"6954921",2015,2015-07-01,"0109",2015-04-10,"1806","8869","1",5,5,7,"0109",0,0,"0",,0,"09X","BROADWAY","WEST MACARTHUR BL",100,"S","N","A","-","N",,,,,,,,,,"N",3,0,1,2,"A","-","08",22100,"A","N","H","G","A","A","H","-","A","A",0,,"Y",,,"Y",,"A","01",0,1,0,0,0,0,1,0,0,"-","-","ALAMEDA","OAKLAND",-122.25883,37.82412
"6954917",2015,2015-07-01,"0109",2015-04-30,"1815","8817","2",4,5,7,"0109",0,0,"0",,0,"32Y","MACARTHUR BL","109TH AV",0,,"Y","A","-","N",,,,,,,,,,"N",3,0,2,2,"A","-","03",22350,,"N","C","C","A","A","H","-","A","D",0,,,,,"Y",,"A","01",0,1,1,0,0,0,0,0,0,"-","-","ALAMEDA","OAKLAND",-122.14971,37.74134
"6954677",2015,2015-07-03,"0109",2015-03-17,"1454","8410","1",2,5,7,"0109",0,0,"0",,0,"05X","W GRAND AV","ADELINE ST",0,,"Y","A","-","N",,,,,,,,,,"N",2,0,2,3,"A","-","12",21453,"A","N","D","C","A","A","H","-","A","A",0,,"Y",,,"Y",,"L","04",1,0,1,0,0,0,1,0,0,"-","-","ALAMEDA","OAKLAND",-122.28397,37.81551
"6954673",2015,2015-07-03,"0109",2015-03-23,"0900","9376","1",1,5,7,"0109",0,0,"0",,0,"23X","INTERNATIONAL BL","34TH AV",25,"E","N","B","C","N",,,,,,,,,,"N",4,0,1,2,"A","-","03",22350,,"N","C","C","A","B","H","-","A","A",0,,,,,"Y",,"A","01",0,0,1,0,0,0,0,0,0,"-","-","ALAMEDA","OAKLAND",-122.22376,37.77662
"6954669",2015,2015-07-03,"0109",2015-03-16,"0828","9383","1",1,5,7,"0109",0,0,"0",,0,"19X","INTERNATIONAL BL","14TH AV",0,,"Y","B","-","N",,,,,,,,,,"N",4,0,1,2,"A","-","10",21950,"A","N","G","B","B","A","H","-","A","A",0,"Y",,,,"Y",,"A","01",0,0,1,0,1,0,0,0,0,"-","-","ALAMEDA","OAKLAND",-122.24616,37.78941
"6954641",2015,2015-07-03,"0109",2015-03-16,"0915","7940","1",1,5,7,"0109",0,0,"0",,0,"04X","BROADWAY","GRAND AV",0,,"Y","A","-","N",,,,,,,,,,"N",4,0,1,2,"A","-","11",21950,"B","N","G","B","B","A","H","-","A","A",0,"Y",,,,"Y",,"N","60",0,0,1,0,1,0,0,0,0,"-","-","ALAMEDA","OAKLAND",-122.26672,37.81149
"6953461",2015,2016-11-05,"9370",2015-05-23,"0220","020656",,6,3,7,"0109",0,1,"3",,2,"025","RT 24","RT 580",82,"W","N","A","-","Y","ALA",4,24,"-","R",2.081,"R","2","W","Y",2,0,4,1,"A","-","01",23152,"A","N","E","I","A","A","H","-","C","D",1,,,,,"Y","Y","A","01",1,1,2,0,0,0,0,0,0,"-","-","ALAMEDA","OAKLAND",-122.2677,37.82766
"6953460",2015,2016-12-03,"9370",2015-05-20,"1515","018812",,3,2,7,"0109",0,1,"1",,2,"053","RT 580","BOSTON AV",150,"W","N","A","-","Y","ALA",4,580,"-","R",41.36,"H","-","W","Y",4,0,1,2,"C","-","18",,,"N","B","C","A","A","H","-","A","D",1,,,,,"Y",,"-","-",0,0,1,0,0,0,0,0,0,"-","-","ALAMEDA","OAKLAND",-122.21438,37.79775
"6951753",2015,2015-06-30,"0109",2015-02-15,"1951","9233","2",7,5,7,"0109",0,0,"0",,0,"31X","85TH AV","EDES AV",50,"N","N","A","-","N",,,,,,,,,,"N",4,0,1,2,"A","-","21",22106,,"M","G","B","E","A","H","-","A","D",0,"Y",,,,"Y",,"-","99",0,0,1,0,1,0,0,0,0,"-","-","ALAMEDA","OAKLAND",-122.19286,37.73915
"6951749",2015,2015-06-30,"0109",2015-02-21,"0341","9244","1",6,5,7,"0109",0,0,"0",,0,"22Y","REDWOOD RD","SKYLINE BL",2640,"N","N","A","-","N",,,,,,,,,,"Y",2,0,1,1,"A","-","03",22350,,"N","F","I","A","A","H","-","D","A",0,,,,,"Y",,"A","01",1,0,0,0,0,0,0,0,0,"-","-","ALAMEDA","OAKLAND",-122.17518,37.7962
"6951747",2015,2015-06-29,"0109",2015-01-17,"0308","9259","2",6,5,7,"0109",0,0,"0",,0,"32X","INTERNATIONAL BL","98TH AV",0,,"Y","A","-","N",,,,,,,,,,"N",4,0,2,2,"A","-","08",22107,,"M","A","C","A","A","H","-","C","A",0,,,,,"Y",,"A","01",0,0,2,0,0,0,0,0,0,"-","-","ALAMEDA","OAKLAND",-122.17058,37.74433
"6951745",2015,2015-07-10,"0109",2015-02-19,"1712","9349","2",4,5,7,"0109",0,0,"0",,0,"30X","BANCROFT AV","CHURCH ST",200,"E","N","A","-","N",,,,,,,,,,"N",4,0,2,2,"A","-","03",22350,,"N","D","C","A","A","H","-","A","A",0,,,,,"Y",,"-",,0,0,2,0,0,0,0,0,0,"-","-","ALAMEDA","OAKLAND",-122.17913,37.7676
"6951743",2015,2015-06-29,"0109",2015-01-17,"1620","9267","2",6,5,7,"0109",0,0,"0",,0,"34X","BANCROFT AV","98TH AV",222,"W","N","A","-","N",,,,,,,,,,"N",4,0,1,2,"A","-","03",22350,,"M","C","C","A","A","H","-","B","A",0,,,,,"Y",,"A","07",0,0,1,0,0,0,0,0,0,"-","-","ALAMEDA","OAKLAND",-122.16239,37.74894
"6951741",2015,2015-06-30,"0109",2015-02-20,"2129","9303","2",5,5,7,"0109",0,0,"0",,0,"27X","INTERNATIONAL BL","45TH AV",60,"W","N","A","-","N",,,,,,,,,,"N",4,0,1,6,"A","-","03",22350,,"M","C","C","A","A","H","-","C","A",0,,,,,"Y",,"-","99",0,0,1,0,0,0,0,0,0,"-","-","ALAMEDA","OAKLAND",-122.21309,37.77153