"CASE_ID","ACCIDENT_YEAR","PROC_DATE","JURIS","COLLISION_DATE","COLLISION_TIME","OFFICER_ID","REPORTING_DISTRICT","DAY_OF_WEEK","CHP_SHIFT","POPULATION","CNTY_CITY_LOC","SPECIAL_COND","BEAT_TYPE","CHP_BEAT_TYPE","CITY_DIVISION_LAPD","CHP_BEAT_CLASS","BEAT_NUMBER","PRIMARY_RD","SECONDARY_RD","DISTANCE","DIRECTION","INTERSECTION","WEATHER_1","WEATHER_2","STATE_HWY_IND","CALTRANS_COUNTY","CALTRANS_DISTRICT","STATE_ROUTE","ROUTE_SUFFIX","POSTMILE_PREFIX","POSTMILE","LOCATION_TYPE","RAMP_INTERSECTION","SIDE_OF_HWY","TOW_AWAY","COLLISION_SEVERITY","NUMBER_KILLED","NUMBER_INJURED","PARTY_COUNT","PRIMARY_COLL_FACTOR","PCF_CODE_OF_VIOL","PCF_VIOL_CATEGORY","PCF_VIOLATION","PCF_VIOL_SUBSECTION","HIT_AND_RUN","TYPE_OF_COLLISION","MVIW","PED_ACTION","ROAD_SURFACE","ROAD_COND_1","ROAD_COND_2","LIGHTING","CONTROL_DEVICE","CHP_ROAD_TYPE","PEDESTRIAN_ACCIDENT","BICYCLE_ACCIDENT","MOTORCYCLE_ACCIDENT","TRUCK_ACCIDENT","NOT_PRIVATE_PROPERTY","ALCOHOL_INVOLVED","STWD_VEHTYPE_AT_FAULT","CHP_VEHTYPE_AT_FAULT","COUNT_SEVERE_INJ","COUNT_VISIBLE_INJ","COUNT_COMPLAINT_PAIN","COUNT_PED_KILLED","COUNT_PED_INJURED","COUNT_BICYCLIST_KILLED","COUNT_BICYCLIST_INJURED","COUNT_MC_KILLED","COUNT_MC_INJURED","PRIMARY_RAMP","SECONDARY_RAMP","COUNTY","CITY","POINT_X","POINT_Y"
"6765187",2014,2016-05-16,"9370",2014-12-15,"1035","19812",,1,1,7,"0109",0,1,"1",,2,"098","RT 980","23RD ST",183,"E","N","C","-","Y","ALA",4,980,"-","-",1.32,"H","-","E","Y",4,0,1,1,"A","-","08",22107,,"N","E","I","A","B","H","-","A","D",1,,,,,"Y",,"A","01",0,0,1,0,0,0,0,0,0,"-","-","ALAMEDA","OAKLAND",-122.27133,37.81429
"6764823",2014,2015-02-04,"9370",2014-12-12,"1230","020235",,5,1,7,"0109",0,1,"1",,2,"054","RT 580","LAKE PARK AV",500,"E","N","C","-","Y",,,580,,,,,,,"Y",4,0,1,2,"A","-","07",21658,"A","N","B","C","A","B","H","-","A","D",0,,,,,"Y",,"A","01",0,0,1,0,0,0,0,0,0,"-","-","ALAMEDA","OAKLAND",-122.23838,37.807
"6764810",2014,2016-05-21,"9370",2014-11-14,"1852","020089",,5,2,7,"0109",0,1,"1",,2,"176","RT 880","23RD AV",71,"S","N","A","-","Y","ALA",4,880,"-","-",28.97,"H","-","S","Y",3,0,1,2,"A","-","08",22107,,"N","B","C","A","A","H","-","E","D",1,,,"Y",,"Y",,"C","02",0,1,0,0,0,0,0,0,1,"-","-","ALAMEDA","OAKLAND",-122.23714,37.77757
"6764312",2014,2015-04-02,"0109",2014-12-16,"1655","8655","1",2,5,7,"0109",0,0,"0",,0,"11X","TELEGRAPH AV","63RD ST",50,"N","N","C","-","N",,,,,,,,,,"Y",4,0,1,6,"A","-","03",22350,,"N","C","C","A","B","H","-","C","D",0,,,,,"Y",,"D","22",0,0,1,0,0,0,0,0,0,"-","-","ALAMEDA","OAKLAND",-122.26071,37.84883
"6763310",2014,2016-06-16,"9335",2014-12-13,"0108","20435",,6,3,7,"0109",0,1,"1",,1,"082","RT 80","SAN FRANCISCO CO LINE",120,"E","N","A","-","Y","ALA",4,80,"-","R",0.02,"H","-","E","Y",4,0,3,2,"A","-","01",23152,"A","N","C","C","A","A","H","-","C","D",4,,,,,"Y","Y","A","01",0,0,3,0,0,0,0,0,0,"-","-","ALAMEDA","OAKLAND",-122.34925,37.81891
"6763306",2014,2016-05-24,"9335",2014-12-13,"0113","20435",,6,3,7,"0109",0,1,"1",,1,"082","RT 80","SAN FRANCISCO CO LINE",80,"E","N","A","-","Y","ALA",4,80,"-","-",0.02,"H","-","W","Y",4,0,2,2,"A","-","03",22350,,"N","C","C","A","A","C","-","C","D",4,,,,,"Y",,"A","01",0,0,2,0,0,0,0,0,0,"-","-","ALAMEDA","OAKLAND",-122.34939,37.81927
"6763115",2014,2016-06-16,"9335",2014-12-16,"2040","20889",,2,2,7,"0109",0,1,"1",,2,"084","RT 80","SFOBB TP",3168,"W","N","B","-","Y","ALA",4,80,"-","R",1.39,"H","-","E","N",4,0,1,2,"A","-","07",21658,"A","N","B","C","A","B","H","-","C","D",4,,,,,"Y",,"A","01",0,0,1,0,0,0,0,0,0,"-","-","ALAMEDA","OAKLAND",-122.32448,37.82226
"6761271",2014,2016-05-21,"9370",2014-10-02,"1705","18182",,4,2,7,"0109",0,1,"1",,2,"177","RT 880","RT 980",2640,"S","N","A","-","Y","ALA",4,880,"-","-",31.18,"H","-","S","N",4,0,1,2,"A","-","03",22350,,"N","C","C","A","A","H","-","A","D",1,,,,,"Y",,"-","99",0,0,1,0,0,0,0,0,0,"-","-","ALAMEDA","OAKLAND",-122.2681,37.79574
"6761188",2014,2015-01-21,"0109",2014-09-25,"1714","9242","1",4,5,7,"0109",0,0,"0",,0,"08X","BROADWAY","24TH ST",0,,"Y","A","-","N",,,,,,,,,,"N",4,0,1,2,"A","-","09",21802,"A","N","D","G","A","A","H","-","B","A",0,,"Y",,,"Y",,"D","22",0,0,1,0,0,0,1,0,0,"-","-","ALAMEDA","OAKLAND",-122.26552,37.81339
"6761090",2014,2015-01-06,"0109",2014-08-27,"1400","18499",,3,5,7,"0109",0,0,"0",,0,,"BURMA RD","MARITIME ST",250,"N","N","A","-","N",,,,,,,,,,"Y",4,0,1,2,"A","-","08",22107,,"N","D","C","A","A","H","-","A","D",0,,,,"Y","Y",,"F","27",0,0,1,0,0,0,0,0,0,"-","-","ALAMEDA","OAKLAND",-122.3021,37.82207
"6760404",2014,2016-05-21,"9370",2014-12-10,"1245","020197",,3,1,7,"0109",0,1,"1",,2,"177","RT 880","23RD AV",2640,"N","N","B","-","Y","ALA",4,880,"-","-",29.43,"H","-","N","N",4,0,1,2,"A","-","03",22350,,"N","C","C","A","A","H","-","A","D",1,,,,"Y","Y",,"G","25",0,0,1,0,0,0,0,0,0,"-","-","ALAMEDA","OAKLAND",-122.24069,37.78381
"6758941",2014,2015-01-23,"9370",2014-11-24,"1739","019812",,1,2,7,"0109",0,1,"1",,2,"008","RT 80","RT 580",0,"E","-","A","-","Y",,,80,,,,,,,"Y",3,0,1,1,"A","-","08",22107,,"N","E","I","A","A","H","-","C","D",0,,,"Y",,"Y",,"C","02",0,1,0,0,0,0,0,0,1,"TO","-","ALAMEDA","OAKLAND",-122.29359,37.82966
"6758939",2014,2014-12-22,"0109",2014-09-06,"0147","9169","1",6,5,7,"0109",0,0,"0",,0,"03X","HARRISON ST","7TH ST",90,"S","N","A","-","N",,,,,,,,,,"N",4,0,2,2,"A","-","03",22350,,"M","C","C","A","A","H","-","C","A",0,,,"Y",,"Y",,"-","99",0,0,2,0,0,0,0,0,2,"-","-","ALAMEDA","OAKLAND",-122.27077,37.79787
"6758933",2014,2015-01-23,"9370",2014-11-21,"1920","19815",,5,2,7,"0109",0,1,"1",,2,"055","RT 580","MARTIN LUTHER KING WY",70,"W","N","B","-","Y",,,580,,,,,,,"N",4,0,1,2,"A","-","03",22350,,"N","C","C","A","A","H","-","C","D",0,,,,,"Y",,"A","01",0,0,1,0,0,0,0,0,0,"FR","-","ALAMEDA","OAKLAND",-122.27219,37.82515
"6758921",2014,2015-01-16,"0109",2014-09-13,"1205","8258","1",6,5,7,"0109",0,0,"0",,0,"06X","35TH ST","SAN PABLO AV",30,"E","N","A","-","N",,,,,,,,,,"N",4,0,1,2,"A","-","08",22107,,"N","B","C","A","A","H","-","A","D",0,,,,,"Y",,"A","01",0,0,1,0,0,0,0,0,0,"-","-","ALAMEDA","OAKLAND",-122.27835,37.82637
"6758903",2014,2014-12-22,"0109",2014-09-05,"0940","9148","1",5,5,7,"0109",0,0,"0",,0,"03X","OAK ST","12TH ST",0,,"Y","B","-","N",,,,,,,,,,"N",4,0,1,2,"A","-","04",21703,,"N","C","C","A","A","H","-","A","A",0,,,,,"Y",,"-",,0,0,1,0,0,0,0,0,0,"-","-","ALAMEDA","OAKLAND",-122.26371,37.79968
"6758899",2014,2014-12-22,"0109",2014-09-04,"1456","9229","2",4,5,7,"0109",0,0,"0",,0,"24X","98TH AV","PLYMOUTH ST",0,,"Y","A","-","N",,,,,,,,,,"Y",4,0,1,2,"A","-","09",21801,"A","N","A","C","A","A","H","-","A","A",0,,,,,"Y",,"A","01",0,0,1,0,0,0,0,0,0,"-","-","ALAMEDA","OAKLAND",-122.16724,37.74591
"6758895",2014,2014-12-22,"0109",2014-09-11,"0728","8655","1",4,5,7,"0109",0,0,"0",,0,"08X","TELEGRAPH AV","24TH ST",0,,"Y","A","-","N",,,,,,,,,,"N",3,0,1,2,"A","-","10",21950,"A","N","G","B","B","A","H","-","A","A",0,"Y",,,,"Y",,"A","07",0,1,0,0,1,0,0,0,0,"-","-","ALAMEDA","OAKLAND",-122.26859,37.81344
"6758891",2014,2014-12-22,"0109",2014-09-03,"1044","8655","1",3,5,7,"0109",0,0,"0",,0,"11X","SHATTUCK AV","53RD ST",25,"S","N","A","-","N",,,,,,,,,,"N",4,0,1,2,"A","-","05",21650,"1","N","D","G","A","A","H","-","A","D",0,,"Y",,,"Y",,"L","04",0,0,1,0,0,0,1,0,0,"-","-","ALAMEDA","OAKLAND",-122.26425,37.83841
"6758887",2014,2014-12-22,"0109",2014-09-12,"1515","8973","1",5,5,7,"0109",0,0,"0",,0,"13X","CLAREMONT AV","100TH AV",0,,"N","A","-","N",,,,,,,,,,"N",4,0,1,1,"A","-","08",22107,,"N","H","J","A","A","H","-","A","D",0,,,"Y",,"Y",,"C","02",0,0,1,0,0,0,0,0,1,"-","-","ALAMEDA","OAKLAND",,
"6758883",2014,2015-01-08,"0109",2014-09-09,"1658","9188","1",2,5,7,"0109",0,0,"0",,0,"07X","CHESTNUT ST","35TH ST",0,,"Y","A","-","N",,,,,,,,,,"Y",4,0,2,2,"A","-","16",27154,,"N","B","C","A","A","H","-","A","D",0,,,"Y",,"Y",,"C","02",0,0,2,0,0,0,0,0,1,"-","-","ALAMEDA","OAKLAND",-122.27882,37.82652
"6758492",2014,2015-01-30,"9370",2014-12-04,"0700","020235",,4,1,7,"0109",0,1,"1",,2,"054","RT 580","BROADWAY",500,"W","N","B","-","Y",,,580,,,,,,,"Y",4,0,1,4,"A","-","07",21658,"A","N","C","C","A","B","H","-","A","D",0,,,,,"Y",,"A","07",0,0,1,0,0,0,0,0,0,"TO","-","ALAMEDA","OAKLAND",-122.26305,37.82319
"6758136",2014,2015-01-22,"0109",2014-11-21,"2006","9349","2",5,5,7,"0109",0,0,"0",,0,"35X","98TH AV","LAS VEGAS AV",206,"S","N","B","-","N",,,,,,,,,,"Y",4,0,1,2,"A","-","01",23152,"A","N","D","C","A","A","H","-","C","A",0,,,,,"Y","Y","A","01",0,0,1,0,0,0,0,0,0,"-","-","ALAMEDA","OAKLAND",-122.15287,37.75342
"6758132",2014,2015-01-22,"0109",2014-11-13,"1124","9083","1",4,5,7,"0109",0,0,"0",,0,"12Y","CLAREMONT AV","HUDSON ST",0,,"Y","B","-","N",,,,,,,,,,"Y",4,0,1,2,"A","-","12",21453,"A","N","D","C","A","B","H","-","A","A",0,,,,,"Y",,"A","01",0,0,1,0,0,0,0,0,0,"-","-","ALAMEDA","OAKLAND",-122.25762,37.84291
"6758114",2014,2015-01-22,"0109",2014-11-25,"2046","9275","1",2,5,7,"0109",0,0,"0",,0,"06X","SAN PABLO AV","31ST ST",0,,"Y","A","-","N",,,,,,,,,,"Y",4,0,1,2,"A","-","08",22107,,"F","D","C","A","A","H","-","C","A",0,,,,,"Y",,"A","01",0,0,1,0,0,0,0,0,0,"-","-","ALAMEDA","OAKLAND",-122.27687,37.8215
"6757986",2015,2016-09-15,"9370",2015-01-06,"1320","19812",,2,1,7,"0109",0,1,"1",,2,"177","RT 880","23RD AV",200,"N","N","A","-","Y","ALA",4,880,"-","-",29.101,"R","1","N","N",4,0,1,2,"A","-","08",22107,,"N","B","C","A","A","H","-","A","D",1,,,,,"Y",,"A","07",0,0,1,0,0,0,0,0,0,"FR","-","ALAMEDA","OAKLAND",-122.23798,37.77958
"6757954",2014,2015-01-22,"0109",2014-10-27,"2040","8038","1",1,5,7,"0109",0,0,"0",,0,"02Y","12TH ST","UNION ST",0,,"Y","A","-","N",,,,,,,,,,"N",3,0,1,2,"A","-","12",22450,"A","F","D","G","A","A","H","-","C","A",0,,"Y",,,"Y",,"-","-",0,1,0,0,0,0,1,0,0,"-","-","ALAMEDA","OAKLAND",-122.28885,37.80858
"6757921",2014,2015-01-22,"0109",2014-08-15,"1139","9120","1",5,5,7,"0109",0,0,"0",,0,"05X","MANDELA PKWY","14TH ST",260,"N","N","A","-","N",,,,,,,,,,"N",4,0,1,2,"A","-","11",21955,,"N","G","B","E","A","H","-","A","D",0,"Y",,,,"Y",,"N","60",0,0,1,0,1,0,0,0,0,"-","-","ALAMEDA","OAKLAND",-122.29149,37.81154
"6757748",2014,2015-02-11,"0109",2014-11-04,"1548","9181","2",2,5,7,"0109",0,0,"0",,0,"31Y","98TH AV","DENSLOWE ST",0,,"Y","A","-","N",,,,,,,,,,"N",4,0,2,2,"A","-","09",21801,"A","N","A","C","A","A","H","-","A","A",0,,,,"Y","Y",,"D","22",0,0,2,0,0,0,0,0,0,"-","-","ALAMEDA","OAKLAND",-122.18581,37.73374
"6757720",2014,2015-02-13,"0109",2014-12-14,"1400","9170","1",7,5,7,"0109",0,0,"0",,0,"10X","55TH ST","MARKET ST",100,"W","N","B","-","N",,,,,,,,,,"N",3,0,1,2,"A","-","21",22106,,"N","H","G","A","A","H","-","A","D",0,,"Y",,"Y","Y",,"F","26",0,1,0,0,0,0,1,0,0,"-","-","ALAMEDA","OAKLAND",-122.27424,37.83921
"6755906",2014,2015-01-23,"0109",2014-10-02,"0830","9123","2",4,5,7,"0109",0,0,"0",,0,"30Y","HAVENSCOURT BL","FOOTHILL BL",0,,"Y","A","-","N",,,,,,,,,,"N",4,0,1,2,"A","-","05",21650,"1","N","D","G","A","A","H","-","A","A",0,,"Y",,,"Y",,"L","04",0,0,1,0,0,0,1,0,0,"-","-","ALAMEDA","OAKLAND",-122.18183,37.77041
"6755894",2014,2015-01-27,"0109",2014-11-05,"0926","9376","1",3,5,7,"0109",0,0,"0",,0,"05X","MYRTLE ST","18TH ST",150,"N","N","A","-","N",,,,,,,,,,"N",4,0,1,2,"A","-","21",22106,,"F","D","C","A","A","H","-","A","D",0,,,,,"Y",,"D","22",0,0,1,0,0,0,0,0,0,"-","-","ALAMEDA","OAKLAND",-122.28075,37.81178
"6755001",2014,2015-02-06,"9370",2014-12-07,"0132","20644",,7,3,7,"0109",0,1,"1",,2,"054","RT 580","LAKESHORE AV",700,"E","N","A","-","Y",,,,,,,,,,"Y",3,0,2,1,"A","-","08",22107,,"N","E","I","A","A","H","-","C","D",0,,,,,"Y",,"A","01",0,1,1,0,0,0,0,0,0,"-","-","ALAMEDA","OAKLAND",-122.2443,37.80903
"6755000",2014,2015-02-06,"9370",2014-12-08,"1402","19812",,1,2,7,"0109",0,1,"1",,2,"052","RT 580","KUHNLE AV",400,"W","N","A","-","Y",,,580,,,,,,,"Y",4,0,1,3,"A","-","07",21658,"A","N","B","C","A","A","H","-","A","D",0,,,,,"Y",,"A","01",0,0,1,0,0,0,0,0,0,"-","-","ALAMEDA","OAKLAND",-122.17499,37.78196
"6754994",2014,2016-06-13,"9370",2014-12-22,"0003","20657",,1,3,7,"0109",0,1,"3",,2,"025","RT 24","40TH ST",20,"E","N","A","-","Y","ALA",4,24,"-","R",2.22,"H","-","E","Y",4,0,1,1,"A","-","08",22107,,"N","E","I","A","A","H","-","C","D",1,,,,,"Y",,"A","01",0,0,1,0,0,0,0,0,0,"-","-","ALAMEDA","OAKLAND",-122.26671,37.82952
"6754993",2014,2016-06-17,"9370",2014-12-17,"0836","20123",,3,1,7,"0109",0,1,"3",,2,"013","RT 24","RT 13",385,"E","N","C","-","Y","ALA",4,13,"-","R",9.522,"R","2","N","Y",3,0,1,1,"A","-","08",22107,,"N","E","I","A","B","H","-","A","D",0,,,,,"Y",,"A","07",0,1,0,0,0,0,0,0,0,"TO","-","ALAMEDA","OAKLAND",-122.22754,37.8474
"6754989",2014,2016-06-13,"9370",2014-12-15,"1231","18453",,1,1,7,"0109",0,1,"3",,2,"024","RT 24","TELEGRAPH AV",30,"W","N","B","C","Y","ALA",4,24,"-","R",3.05,"H","-","W","Y",4,0,2,3,"A","-","03",22350,,"M","C","C","A","B","H","-","A","D",1,,,,,"Y",,"A","01",0,0,2,0,0,0,0,0,0,"-","-","ALAMEDA","OAKLAND",-122.26271,37.84099
"6754988",2014,2016-05-21,"9370",2014-12-14,"0041","20508",,7,3,7,"0109",0,1,"1",,2,"177","RT 880","16TH AV",500,"N","N","A","-","Y","ALA",4,880,"-","-",29.78,"H","-","S","Y",4,0,2,3,"A","-","03",22350,,"N","C","C","A","A","H","-","D","D",1,,,,,"Y",,"A","01",0,0,2,0,0,0,0,0,0,"-","-","ALAMEDA","OAKLAND",-122.24586,37.78641
"6754987",2014,2015-02-06,"9370",2014-12-13,"2233","20089",,6,3,7,"0109",0,1,"1",,2,"055","RT 580","MACARTHUR BL",80,"E","N","A","-","Y",,,,,,,,,,"Y",4,0,2,1,"A","-","08",22107,,"N","E","I","A","A","H","-","C","D",0,,,,,"Y",,"A","01",0,0,2,0,0,0,0,0,0,"-","-","ALAMEDA","OAKLAND",-122.19315,37.7856
"6754986",2014,2015-02-06,"9370",2014-12-12,"1800","20644",,5,2,7,"0109",0,1,"1",,2,"055","RT 580","GRAND AV",1000,"E","N","A","-","Y",,,,,,,,,,"Y",4,0,2,2,"A","-","03",22350,,"N","C","C","A","A","H","-","C","D",0,,,,,"Y",,"A","07",0,0,2,0,0,0,0,0,0,"-","-","ALAMEDA","OAKLAND",-122.24542,37.80934
"6751352",2014,2015-01-07,"0109",2014-10-14,"1430","8038","1",2,5,7,"0109",0,0,"0",,0,"04X","17TH ST","BROADWAY",0,,"Y","B","-","N",,,,,,,,,,"N",3,0,1,2,"A","-","10",21950,"A","F","G","B","B","A","H","-","A","A",0,"Y",,,,"Y",,"A","01",0,1,0,0,1,0,0,0,0,"-","-","ALAMEDA","OAKLAND",-122.26974,37.80664
"6751340",2014,2015-01-06,"0109",2014-10-13,"2326","9269","2",1,5,7,"0109",0,0,"0",,0,"31Y","HEGENBERGER RD","HEGENBERGER LOOP",4,"S","N","A","-","N",,,,,,,,,,"N",2,0,1,2,"A","-","10",21950,"A","N","G","B","B","A","H","-","C","A",0,"Y",,,,"Y",,"A","01",1,0,0,0,1,0,0,0,0,"-","-","ALAMEDA","OAKLAND",-122.19792,37.73439
"6751336",2014,2015-01-06,"0109",2014-10-04,"2248","9241","1",6,5,7,"0109",0,0,"0",,0,"11X","SHATTUCK AV","58TH ST",0,,"Y","A","-","N",,,,,,,,,,"N",2,0,1,2,"A","-","03",22350,,"N","H","G","A","A","H","-","C","A",0,,"Y",,,"Y",,"A","01",1,0,0,0,0,0,1,0,0,"-","-","ALAMEDA","OAKLAND",-122.26495,37.84357
"6751332",2014,2015-01-06,"0109",2014-10-07,"1030","9313","2",2,5,7,"0109",0,0,"0",,0,"21Y","FOOTHILL AV","FRUITVALE AV",3,"W","N","A","-","N",,,,,,,,,,"N",4,0,1,2,"A","-","11",21456,"B","N","G","B","B","A","H","-","A","A",0,"Y",,,,"Y",,"N","60",0,0,1,0,1,0,0,0,0,"-","-","ALAMEDA","OAKLAND",-122.22276,37.78375
"6751328",2014,2015-01-06,"0109",2014-10-15,"2230","7871","1",3,5,7,"0109",0,0,"0",,0,"02X","7TH ST","ADELINE ST",0,,"Y","A","-","N",,,,,,,,,,"Y",4,0,2,2,"A","-","12",21453,"A","M","D","C","A","A","H","-","C","A",0,,,,,"Y",,"A","01",0,0,2,0,0,0,0,0,0,"-","-","ALAMEDA","OAKLAND",-122.2882,37.80381
"6751311",2014,2015-01-06,"0109",2014-10-01,"1415","9255","1",3,5,7,"0109",0,0,"0",,0,"08X","WEBSTER ST","34TH ST",100,"N","N","A","-","N",,,,,,,,,,"N",3,0,1,2,"A","-","03",22350,,"N","G","B","E","A","G","-","A","D",0,"Y",,,,"Y",,"A","07",0,1,0,0,1,0,0,0,0,"-","-","ALAMEDA","OAKLAND",-122.26189,37.82233
"6751281",2014,2015-01-07,"0109",2014-10-23,"0847","9083","1",4,5,7,"0109",0,0,"0",,0,"11X","SHATTUCK AV","52ND ST",0,,"Y","B","-","N",,,,,,,,,,"N",4,0,1,2,"A","-","12",21453,"A","N","D","C","A","A","H","-","A","A",0,,,,,"Y",,"A","01",0,0,1,0,0,0,0,0,0,"-","-","ALAMEDA","OAKLAND",-122.26418,37.8379
"6748680",2014,2015-01-12,"0109",2014-10-01,"1930","9257","2",3,5,7,"0109",0,0,"0",,0,"01X","INTERNATIONAL BL","80TH AV",0,,"Y","A","-","N",,,,,,,,,,"Y",2,0,1,2,"A","-","09",21802,"A","N","B","C","A","A","H","-","C","D",0,,,"Y",,"Y",,"A","08",1,0,0,0,0,0,0,0,1,"-","-","ALAMEDA","OAKLAND",-122.18166,37.75661
"6748668",2014,2015-01-30,"0109",2014-08-15,"1438","8337","1",5,5,7,"0109",0,0,"0",,0,"17X","E 18TH ST","12TH AV",0,,"Y","A","-","N",,,,,,,,,,"N",3,0,1,2,"A","-","11",21950,"B","N","G","B","B","A","H","-","A","D",0,"Y",,,,"Y",,"N","60",0,1,0,0,1,0,0,0,0,"-","-","ALAMEDA","OAKLAND",-122.24431,37.79324
"6748664",2014,2015-01-27,"0109",2014-11-24,"0752","8086","1",1,5,7,"0109",0,0,"0",,0,"01X","2ND ST","JACKSON ST",0,,"Y","A","-","N",,,,,,,,,,"Y",3,0,2,3,"A","-","12",22450,"A","N","D","C","A","A","H","-","A","A",0,,,,,"Y","Y","D","22",0,1,1,0,0,0,0,0,0,"-","-","ALAMEDA","OAKLAND",-122.2704,37.7937
"6748251",2014,2015-01-30,"9370",2014-12-03,"1140","18579",,3,1,7,"0109",0,1,"1",,2,"052","RT 580","DUTTON AV",362,"W","N","B","C","Y",,,,,,,,,,"Y",4,0,1,1,"A","-","08",22107,,"N","E","I","A","B","H","-","A","D",0,,,,,"Y",,"A","01",0,0,1,0,0,0,0,0,0,"-","-","ALAMEDA","OAKLAND",-122.14012,37.73549
"6748247",2014,2016-05-21,"9370",2014-12-06,"0535","20394",,6,3,7,"0109",0,1,"1",,2,"177","RT 880","7TH ST",3850,"S","N","C","-","Y","ALA",4,880,"-","R",32.77,"H","-","S","Y",4,0,1,2,"A","-","08",22107,,"N","E","I","A","B","H","-","C","D",0,,,,,"Y",,"A","01",0,0,1,0,0,0,0,0,0,"-","-","ALAMEDA","OAKLAND",-122.29488,37.80197
"6747774",2014,2015-02-04,"0109",2014-05-03,"1453","8096","1",6,5,7,"0109",0,0,"0",,0,"21X","COOLIDGE AV","HYDE CT",0,,"Y","A","-","N",,,,,,,,,,"N",4,0,1,2,"A","-","09",21802,"A","N","D","C","A","A","H","-","A","A",0,,,,,"Y",,"A","08",0,0,1,0,0,0,0,0,0,"-","-","ALAMEDA","OAKLAND",-122.21824,37.78724
"6747766",2014,2015-01-16,"0109",2014-09-15,"1850","9225","2",1,5,7,"0109",0,0,"0",,0,"30X","BANCROFT AV","73RD AV",10,"W","N","A","-","N",,,,,,,,,,"N",4,0,1,2,"A","-","09",21453,"B","N","B","C","A","A","H","-","A","A",0,,,,,"Y",,"D","23",0,0,1,0,0,0,0,0,0,"-","-","ALAMEDA","OAKLAND",-122.17724,37.76584
"6747762",2014,2015-01-16,"0109",2014-09-15,"0827","9252","2",1,5,7,"0109",0,0,"0",,0,"35X","MACARTHUR BL","ALVINGROOM CT",500,"E","N","A","-","N",,,,,,,,,,"N",4,0,1,2,"A","-","03",22350,,"N","C","C","A","A","H","-","A","D",0,,,,,"Y",,"A","08",0,0,1,0,0,0,0,0,0,"-","-","ALAMEDA","OAKLAND",-122.16285,37.75969
"6747098",2014,2015-01-30,"9370",2014-12-08,"1005","018812",,1,1,7,"0109",0,1,"1",,2,"053","RT 580","SEMINARY AV",850,"W","N","C","-","Y",,,580,,,,,,,"Y",4,0,1,1,"A","-","08",22107,,"N","E","I","A","B","H","-","A","D",0,,,,,"Y",,"A","08",0,0,1,0,0,0,0,0,0,"-","-","ALAMEDA","OAKLAND",-122.17544,37.78199
"6746793",2014,2016-06-03,"9370",2014-12-02,"2330","019109",,2,3,7,"0109",0,1,"1",,2,"177","RT 880","10TH AV",3000,"N","N","C","-","Y","ALA",4,880,"-","-",30.37,"H","-","S","Y",4,0,1,1,"A","-","08",22107,,"N","E","I","A","B","H","-","C","D",1,,,,,"Y",,"A","01",0,0,1,0,0,0,0,0,0,"-","-","ALAMEDA","OAKLAND",-122.25565,37.78946
"6746220",2014,2016-01-20,"0109",2014-08-22,"1220","9307","2",5,5,7,"0109",0,0,"0",,0,"28X","HIGH ST","REDDING ST",200,"S","N","A","-","N",,,,,,,,,,"Y",3,0,1,3,"A","-","03",22350,,"N","H","E","A","A","H","-","A","D",0,,,"Y",,"Y",,"C","02",0,1,0,0,0,0,0,0,1,"-","-","ALAMEDA","OAKLAND",-122.19686,37.78627
"6746216",2014,2016-05-24,"0109",2014-08-28,"0609","9276","2",4,5,7,"0109",0,0,"0",,0,"31X","98TH AV","RT 880",0,,"Y","A","-","Y","ALA",4,880,"-","-",24.787,"R","4","S","Y",4,0,1,2,"A","-","12",21453,"A","N","D","C","A","A","H","-","B","A",0,,,,,"Y",,"-","-",0,0,1,0,0,0,0,0,0,"-","NF","ALAMEDA","OAKLAND",-122.18927,37.73216
"6746212",2014,2014-12-22,"0109",2014-08-24,"1609","9313","1",7,5,7,"0109",0,0,"0",,0,"06X","34TH ST","MARKET ST",0,,"Y","A","-","N",,,,,,,,,,"N",4,0,1,2,"A","-","09",21802,"A","N","D","C","A","A","H","-","A","D",0,,,,,"Y",,"A","01",0,0,1,0,0,0,0,0,0,"-","-","ALAMEDA","OAKLAND",-122.27541,37.82468
"6746153",2014,2014-12-22,"0109",2014-09-20,"2120","8900","2",6,5,7,"0109",0,0,"0",,0,"23X","HIGH ST","INTERNATIONAL BL",0,,"Y","A","-","N",,,,,,,,,,"N",4,0,1,3,"A","-","09",21801,"A","N","A","C","A","A","H","-","C","A",0,,,,,"Y",,"A","07",0,0,1,0,0,0,0,0,0,"-","-","ALAMEDA","OAKLAND",-122.21483,37.77235
"6746137",2014,2014-12-22,"0109",2014-09-05,"0832","9120","1",5,5,7,"0109",0,0,"0",,0,"04X","12TH ST","OAK ST",0,,"Y","B","-","N",,,,,,,,,,"N",3,0,1,2,"A","-","08",22107,,"N","D","G","A","A","H","-","A","A",0,,"Y",,,"Y",,"L","04",0,1,0,0,0,0,1,0,0,"-","-","ALAMEDA","OAKLAND",-122.26371,37.79968
"6746105",2014,2014-12-22,"0109",2014-09-18,"1925","9236","1",4,5,7,"0109",0,0,"0",,0,"06X","W MACARTHUR BL","MARTIN LUTHER KING JR WY",0,,"Y","A","-","N",,,,,,,,,,"N",4,0,1,2,"A","-","03",22350,,"N","C","C","A","A","H","-","B","A",0,,,"Y",,"Y",,"A","01",0,0,1,0,0,0,0,0,1,"-","-","ALAMEDA","OAKLAND",-122.26908,37.82719