"CASE_ID","ACCIDENT_YEAR","PROC_DATE","JURIS","COLLISION_DATE","COLLISION_TIME","OFFICER_ID","REPORTING_DISTRICT","DAY_OF_WEEK","CHP_SHIFT","POPULATION","CNTY_CITY_LOC","SPECIAL_COND","BEAT_TYPE","CHP_BEAT_TYPE","CITY_DIVISION_LAPD","CHP_BEAT_CLASS","BEAT_NUMBER","PRIMARY_RD","SECONDARY_RD","DISTANCE","DIRECTION","INTERSECTION","WEATHER_1","WEATHER_2","STATE_HWY_IND","CALTRANS_COUNTY","CALTRANS_DISTRICT","STATE_ROUTE","ROUTE_SUFFIX","POSTMILE_PREFIX","POSTMILE","LOCATION_TYPE","RAMP_INTERSECTION","SIDE_OF_HWY","TOW_AWAY","COLLISION_SEVERITY","NUMBER_KILLED","NUMBER_INJURED","PARTY_COUNT","PRIMARY_COLL_FACTOR","PCF_CODE_OF_VIOL","PCF_VIOL_CATEGORY","PCF_VIOLATION","PCF_VIOL_SUBSECTION","HIT_AND_RUN","TYPE_OF_COLLISION","MVIW","PED_ACTION","ROAD_SURFACE","ROAD_COND_1","ROAD_COND_2","LIGHTING","CONTROL_DEVICE","CHP_ROAD_TYPE","PEDESTRIAN_ACCIDENT","BICYCLE_ACCIDENT","MOTORCYCLE_ACCIDENT","TRUCK_ACCIDENT","NOT_PRIVATE_PROPERTY","ALCOHOL_INVOLVED","STWD_VEHTYPE_AT_FAULT","CHP_VEHTYPE_AT_FAULT","COUNT_SEVERE_INJ","COUNT_VISIBLE_INJ","COUNT_COMPLAINT_PAIN","COUNT_PED_KILLED","COUNT_PED_INJURED","COUNT_BICYCLIST_KILLED","COUNT_BICYCLIST_INJURED","COUNT_MC_KILLED","COUNT_MC_INJURED","PRIMARY_RAMP","SECONDARY_RAMP","COUNTY","CITY","POINT_X","POINT_Y"
"6674863",2014,2015-04-30,"0109",2014-08-28,"0630","8005","2",4,5,7,"0109",0,0,"0",,0,"26X","HIGH ST","OAKPORT ST",0,,"Y","B","-","N",,,,,,,,,,"N",4,0,2,2,"A","-","12",21453,"A","N","D","C","A","A","H","-","B","A",0,,,,"Y","Y",,"F","26",0,0,2,0,0,0,0,0,0,"-","-","ALAMEDA","OAKLAND",-122.22064,37.76797
"6674855",2014,2015-04-30,"0109",2014-08-13,"1500","9208","2",3,5,7,"0109",0,0,"0",,0,"31Y","PARDEE DR","HEGENBERGER DR",0,,"Y","A","-","N",,,,,,,,,,"N",4,0,1,2,"A","-","04",21703,,"N","C","C","A","A","H","-","A","A",0,,,,,"Y",,"A","01",0,0,1,0,0,0,0,0,0,"-","-","ALAMEDA","OAKLAND",-122.20025,37.72976
"6674851",2014,2014-11-07,"0109",2014-09-09,"1637","9182","2",2,5,7,"0109",0,0,"0",,0,"33X","ELMHURST AV","D ST",0,,"Y","A","-","N",,,,,,,,,,"Y",3,0,2,2,"A","-","12",22450,"A","N","D","C","A","A","H","-","A","A",0,,,,,"Y",,"A","01",0,1,1,0,0,0,0,0,0,"-","-","ALAMEDA","OAKLAND",-122.17695,37.74361
"6674831",2014,2014-11-06,"0109",2014-08-15,"1225","9126","1",5,5,7,"0109",0,0,"0",,0,"07X","26TH ST","CHESTNUT ST",0,,"Y","A","-","N",,,,,,,,,,"N",4,0,1,3,"A","-","12",22450,"A","M","D","C","A","A","H","-","A","D",0,,,,,"Y",,"A","01",0,0,1,0,0,0,0,0,0,"-","-","ALAMEDA","OAKLAND",-122.28174,37.81847
"6674645",2014,2016-05-17,"9370",2014-09-26,"1545","019577",,5,2,7,"0109",0,1,"1",,2,"055","RT 580","TELEGRAPH AV",1320,"E","N","A","-","Y","ALA",4,580,"-","-",44.78,"H","-","W","Y",4,0,1,2,"A","-","08",22107,,"M","B","D","A","A","H","-","A","D",1,,,,,"Y",,"A","01",0,0,1,0,0,0,0,0,0,"-","-","ALAMEDA","OAKLAND",-122.26136,37.8228
"6674391",2014,2016-06-16,"9370",2014-10-17,"1926","020586",,5,2,7,"0109",0,1,"1",,2,"008","RT 80","W GRAND AV",529,"W","N","A","-","Y","ALA",4,80,"-","-",2.31,"H","-","W","N",4,0,1,3,"A","-","03",22350,,"N","C","C","A","A","H","-","D","D",6,,,,,"Y",,"A","01",0,0,1,0,0,0,0,0,0,"-","-","ALAMEDA","OAKLAND",-122.31075,37.82502
"6674387",2014,2014-12-16,"9370",2014-10-01,"1115","019469",,3,1,7,"0109",0,1,"1",,2,"055","RT 580","MANDELA PKWY",100,"W","N","A","-","Y",,,580,,,,,,,"Y",4,0,3,2,"A","-","03",22350,,"N","C","C","A","A","H","-","A","D",0,,,,,"Y",,"A","01",0,0,3,0,0,0,0,0,0,"-","-","ALAMEDA","OAKLAND",-122.28998,37.8268
"6674375",2014,2016-05-21,"9370",2014-10-03,"2323","020456",,5,3,7,"0109",0,1,"1",,2,"176","RT 880","98TH AV",1753,"N","N","A","-","Y","ALA",4,880,"-","-",25.07,"H","-","S","N",4,0,2,3,"A","-","03",22350,,"N","C","C","A","A","H","-","C","D",1,,,,,"Y",,"A","01",0,0,2,0,0,0,0,0,0,"-","-","ALAMEDA","OAKLAND",-122.19214,37.73543
"6674359",2014,2016-05-16,"9370",2014-10-05,"1705","19815",,7,2,7,"0109",0,1,"1",,2,"098","RT 980","27TH ST",75,"E","N","A","-","Y","ALA",4,980,"-","-",1.647,"R","2","W","N",3,0,1,1,"A","-","08",22107,,"N","F","A","A","A","H","-","A","D",1,,"Y",,,"Y",,"L","04",0,1,0,0,0,0,1,0,0,"-","-","ALAMEDA","OAKLAND",-122.27003,37.81901
"6674328",2014,2016-06-17,"9370",2014-10-13,"2010","018192",,1,2,7,"0109",0,1,"3",,2,"013","RT 13","JOAQUIN MILLER RD",1000,"S","N","A","-","Y","ALA",4,13,"-","-",6.28,"H","-","S","Y",3,0,2,1,"A","-","08",22107,,"N","E","I","A","A","H","-","D","D",1,,,,,"Y",,"A","01",0,1,1,0,0,0,0,0,0,"-","-","ALAMEDA","OAKLAND",-122.19531,37.80865
"6674324",2014,2016-05-21,"9370",2014-10-13,"2209","019109",,1,3,7,"0109",0,1,"1",,2,"176","RT 880","66TH AV",1500,"S","N","A","-","Y","ALA",4,880,"-","-",26.33,"H","-","S","Y",3,0,2,2,"A","-","07",21658,"A","N","C","C","A","A","D","-","C","D",1,,,,,"Y",,"A","01",0,1,1,0,0,0,0,0,0,"-","-","ALAMEDA","OAKLAND",-122.20535,37.75052
"6674237",2014,2016-06-17,"9370",2014-10-13,"0814","019577",,1,1,7,"0109",0,1,"3",,2,"013","RT 13","JOAQUIN MILLER RD",1312,"N","N","A","-","Y","ALA",4,13,"-","-",6.72,"H","-","S","N",4,0,1,2,"D","-","00",,,"N","C","C","A","A","H","-","A","D",1,,,,,"Y",,"-","-",0,0,1,0,0,0,0,0,0,"-","-","ALAMEDA","OAKLAND",-122.20072,37.8133
"6674225",2014,2016-06-03,"9370",2014-10-15,"1220","19801",,3,1,7,"0109",0,1,"1",,2,"177","RT 880","16TH AV",1850,"S","N","A","-","Y","ALA",4,880,"-","-",29.28,"H","-","S","Y",3,0,2,4,"A","-","03",22350,,"N","C","C","A","A","H","-","A","D",1,,,,"Y","Y",,"F","27",0,2,0,0,0,0,0,0,0,"-","-","ALAMEDA","OAKLAND",-122.23902,37.7818
"6674132",2014,2016-06-16,"9370",2014-10-03,"2000","020508",,5,2,7,"0109",0,1,"1",,2,"008","RT 80","POWELL ST",2323,"W","N","A","-","Y","ALA",4,80,"-","-",3.35,"H","-","E","Y",2,0,1,2,"A","-","01",23152,"A","M","C","C","A","A","H","-","D","D",6,,,,,"Y","Y","D","22",1,0,0,0,0,0,0,0,0,"-","-","ALAMEDA","OAKLAND",-122.29379,37.829
"6674128",2014,2016-06-16,"9370",2014-10-03,"2004","020508",,5,2,7,"0109",0,1,"1",,2,"008","RT 80","POWELL ST",2270,"W","N","A","-","Y","ALA",4,80,"-","-",3.36,"H","-","E","Y",3,0,1,2,"A","-","01",23152,"A","M","C","C","A","A","H","-","D","D",6,,,,,"Y","Y","D","22",0,1,0,0,0,0,0,0,0,"-","-","ALAMEDA","OAKLAND",-122.29371,37.8292
"6673862",2014,2015-01-27,"9370",2014-11-24,"2215","18192",,1,3,7,"0109",0,1,"1",,2,"055","RT 580","TELEGRAPH AV",500,"E","N","A","-","Y",,,580,,,,,,,"Y",3,0,1,1,"A","-","-",,,"N","E","I","A","A","H","-","C","D",0,,,,,"Y",,"J","49",0,1,0,0,0,0,0,0,0,"-","-","ALAMEDA","OAKLAND",-122.2638,37.82334
"6672565",2014,2016-06-03,"9370",2014-10-04,"1031","020394",,6,1,7,"0109",0,1,"1",,2,"176","RT 880","16TH AV",2000,"S","N","A","-","Y","ALA",4,880,"-","-",29.31,"H","-","N","Y",4,0,1,2,"A","-","17",23114,"B","N","E","J","A","A","H","-","A","D",1,,,,,"Y",,"J","43",0,0,1,0,0,0,0,0,0,"-","-","ALAMEDA","OAKLAND",-122.23919,37.78251
"6672116",2014,2014-11-13,"0109",2014-09-23,"2036","8903","1",2,5,7,"0109",0,0,"0",,0,"05X","MANDELA PKWY","14TH ST",0,,"Y","A","-","N",,,,,,,,,,"N",2,0,1,2,"A","-","01",23152,"A","N","D","C","A","A","H","-","C","A",0,,,,,"Y","Y","A","01",1,0,0,0,0,0,0,0,0,"-","-","ALAMEDA","OAKLAND",-122.29174,37.81085
"6672112",2014,2014-11-13,"0109",2014-09-24,"0113","9246","1",3,5,7,"0109",0,0,"0",,0,"04X","MARTIN LUTHER KING JR WY","17TH ST",0,,"Y","A","-","N",,,,,,,,,,"Y",4,0,2,3,"A","-","01",23152,"A","N","D","C","A","A","H","-","C","A",0,,,,,"Y","Y","A","01",0,0,2,0,0,0,0,0,0,"-","-","ALAMEDA","OAKLAND",-122.27476,37.80811
"6671490",2014,2014-11-12,"0109",2014-09-16,"0844","9187","1",2,5,7,"0109",0,0,"0",,0,"19X","FOOTHILL BL","13TH AV",0,,"Y","A","-","N",,,,,,,,,,"N",4,0,1,2,"D","-","00",,,"N","D","C","A","A","H","-","A","A",0,,,,,"Y",,"-","-",0,0,1,0,0,0,0,0,0,"-","-","ALAMEDA","OAKLAND",-122.24534,37.79117
"6671486",2014,2014-11-12,"0109",2014-09-27,"1214","8756","2",6,5,7,"0109",0,0,"0",,0,"30Y","82ND AV","IDLEWOOD ST",0,,"Y","A","-","N",,,,,,,,,,"Y",4,0,2,4,"A","-","08",22107,,"M","A","C","A","A","H","-","A","D",0,,,,,"Y",,"-",,0,0,2,0,0,0,0,0,0,"-","-","ALAMEDA","OAKLAND",-122.16615,37.76209
"6670945",2014,2014-10-30,"0109",2014-07-28,"0233","8494","2",1,5,7,"0109",0,0,"0",,0,"27X","SEMINARY AV","E 16TH ST",0,,"Y","A","-","N",,,,,,,,,,"N",4,0,1,2,"A","-","12",22450,"A","M","D","G","A","A","H","-","E","D",0,,"Y",,,"Y",,"D","22",0,0,1,0,0,0,1,0,0,"-","-","ALAMEDA","OAKLAND",-122.19813,37.7661
"6668642",2014,2016-05-14,"9370",2014-09-30,"1401","020258",,2,2,7,"0109",0,1,"1",,2,"177","RT 880","23RD AV",94,"N","N","A","-","Y","ALA",4,880,"-","-",28.95,"H","-","N","Y",4,0,1,3,"A","-","03",22350,,"N","C","C","A","A","H","-","A","D",1,,,,,"Y",,"A","01",0,0,1,0,0,0,0,0,0,"-","-","ALAMEDA","OAKLAND",-122.23685,37.77753
"6668166",2014,2015-06-17,"9370",2014-09-13,"1450","020356",,6,2,7,"0109",0,1,"1",,2,"052","RT 580","SEMINARY AV",1045,"W","N","A","-","Y","ALA",4,580,"-","R",39.491,"R","1","E","N",4,0,1,3,"A","-","03",22350,,"M","C","C","A","A","H","-","A","D",1,,,,,"Y","Y","A","01",0,0,1,0,0,0,0,0,0,"TO","-","ALAMEDA","OAKLAND",-122.18258,37.78394
"6668110",2014,2016-06-03,"9370",2014-10-10,"1355","16710",,5,1,7,"0109",0,1,"1",,2,"176","RT 880","HIGH ST",1880,"S","N","A","-","Y","ALA",4,880,"-","-",27.27,"H","-","N","N",4,0,2,3,"A","-","03",22350,,"N","C","C","A","A","H","-","A","D",1,,,,,"Y",,"D","22",0,0,2,0,0,0,0,0,0,"-","-","ALAMEDA","OAKLAND",-122.21502,37.76208
"6668107",2014,2016-05-21,"9370",2014-10-08,"1015","020197",,3,1,7,"0109",0,1,"1",,2,"176","RT 880","HIGH ST",1000,"S","N","A","-","Y","ALA",4,880,"-","-",27.36,"H","-","N","Y",4,0,1,4,"A","-","03",22350,,"N","C","C","A","A","H","-","A","D",1,,,,,"Y",,"A","01",0,0,1,0,0,0,0,0,0,"-","-","ALAMEDA","OAKLAND",-122.21635,37.76357
"6666959",2014,2016-05-17,"9370",2014-09-19,"1555","019577",,5,2,7,"0109",0,1,"1",,2,"054","RT 580","GRAND AV",2640,"W","N","A","-","Y","ALA",4,580,"-","-",44.13,"H","-","E","Y",3,0,2,3,"A","-","03",22350,,"F","C","C","A","A","H","-","A","D",1,,,,,"Y",,"A","01",0,2,0,0,0,0,0,0,0,"-","-","ALAMEDA","OAKLAND",-122.25217,37.81704
"6666955",2014,2016-05-14,"9370",2014-09-20,"0030","020253",,6,3,7,"0109",0,1,"1",,2,"176","RT 880","29TH AV",200,"S","N","B","-","Y","ALA",4,880,"-","-",28.65,"H","-","N","N",3,0,1,2,"A","-","03",22350,,"N","C","C","A","A","H","-","D","D",1,,,,,"Y",,"A","01",0,1,0,0,0,0,0,0,0,"-","-","ALAMEDA","OAKLAND",-122.23287,37.77496
"6666888",2014,2016-04-30,"9370",2014-09-28,"2107","020459",,7,2,7,"0109",0,1,"1",,2,"008","RT 80","SFOBB TP",50,"E","N","B","-","Y","ALA",4,80,"-","-",2,"H","-","W","Y",4,0,1,2,"A","-","03",22350,,"N","C","C","A","A","H","-","C","D",6,,,,,"Y",,"A","01",0,0,1,0,0,0,0,0,0,"-","-","ALAMEDA","OAKLAND",-122.31372,37.82487
"6664415",2014,2014-10-20,"0109",2014-08-05,"1600","9264","1",2,5,7,"0109",0,0,"0",,0,"03X","12TH ST","FRANKLIN ST",12,"W","N","A","-","N",,,,,,,,,,"N",4,0,1,2,"A","-","10",21950,"A","N","G","B","B","A","H","-","A","A",0,"Y",,,,"Y",,"A","01",0,0,1,0,1,0,0,0,0,"-","-","ALAMEDA","OAKLAND",-122.27086,37.80248
"6663946",2014,2016-06-16,"9335",2014-10-05,"0005","020658",,7,3,7,"0109",0,1,"1",,1,"082","RT 80","TOLL PLAZA",1000,"W","N","A","-","Y","ALA",4,80,"-","-",1.8,"H","-","W","N",3,0,1,1,"A","-","08",22107,,"N","F","A","A","A","H","-","C","D",4,,,,,"Y",,"A","07",0,1,0,0,0,0,0,0,0,"-","-","ALAMEDA","OAKLAND",-122.31721,37.82418
"6663779",2014,2016-06-16,"9335",2014-10-03,"1820","020435",,5,2,7,"0109",0,1,"1",,2,"084","RT 80","GRAND AV",3980,"W","N","A","-","Y","ALA",4,80,"-","-",1.72,"H","-","E","Y",4,0,1,3,"A","-","03",22350,,"N","C","C","A","A","H","-","B","D",4,,,,,"Y",,"A","01",0,0,1,0,0,0,0,0,0,"-","WF","ALAMEDA","OAKLAND",-122.31844,37.82302
"6663537",2014,2016-05-14,"9370",2014-09-23,"0755","018812",,2,1,7,"0109",0,1,"1",,2,"177","RT 880","98TH AV",2640,"S","N","A","-","Y","ALA",4,880,"-","-",24.24,"H","-","N","Y",4,0,1,2,"A","-","03",22350,,"N","C","C","A","A","H","-","A","D",1,,,,,"Y",,"A","01",0,0,1,0,0,0,0,0,0,"-","-","ALAMEDA","OAKLAND",-122.18319,37.72582
"6663502",2014,2014-11-17,"0109",2014-08-29,"1147","9019","2",5,5,7,"0109",0,0,"0",,0,"26X","65TH AV","EASTLAWN ST",0,,"Y","B","-","N",,,,,,,,,,"N",4,0,1,2,"A","-","09",21801,"A","N","A","C","A","A","H","-","A","A",0,,,,,"Y",,"A","01",0,0,1,0,0,0,0,0,0,"-","-","ALAMEDA","OAKLAND",-122.19749,37.76091
"6661887",2014,2016-04-30,"9370",2014-08-31,"0430","020089",,7,3,7,"0109",0,1,"1",,2,"008","RT 80","POWELL ST",3289,"W","N","A","-","Y","ALA",4,80,"-","-",33.41,"H","-","E","Y",3,0,1,1,"A","-","01",23152,"A","N","E","J","A","A","H","-","D","D",0,,,,,"Y","Y","A","01",0,1,0,0,0,0,0,0,0,"-","-","ALAMEDA","OAKLAND",-122.29341,37.82982
"6661870",2014,2014-12-12,"9370",2014-10-08,"0720","19742",,3,1,7,"0109",0,1,"1",,2,"055","RT 580","MARTIN LUTHER KING JR WY",260,"W","N","A","-","Y",,,580,,,,,,,"Y",4,0,1,3,"A","-","03",22350,,"N","C","C","A","A","H","-","A","D",0,,,,,"Y",,"A","07",0,0,1,0,0,0,0,0,0,"-","-","ALAMEDA","OAKLAND",-122.27076,37.82497
"6661862",2014,2016-06-16,"9370",2014-10-03,"1928","20459",,5,2,7,"0109",0,1,"1",,2,"008","RT 80","W GRAND",2270,"W","N","A","-","Y","ALA",4,80,"-","-",2.84,"H","-","W",,3,0,2,1,"A","-","08",22107,,"N","F","I","A","A","H","-","C","D",6,,,,,"Y",,"A","07",0,2,0,0,0,0,0,0,0,"-","-","ALAMEDA","OAKLAND",-122.3052,37.82552
"6661346",2014,2016-06-13,"9370",2014-10-02,"1705","018453",,4,2,7,"0109",0,1,"3",,2,"025","RT 24","MACARTHUR BL",200,"W","N","A","-","Y","ALA",4,580,"-","R",2.32,"R","2","W","Y",4,0,1,1,"A","-","08",22107,,"N","F","A","A","A","H","-","A","D",1,,,"Y",,"Y",,"C","02",0,0,1,0,0,0,0,0,1,"TO","-","ALAMEDA","OAKLAND",-121.60045,37.73839
"6661342",2014,2014-12-17,"9370",2014-10-02,"0750","019469",,4,1,7,"0109",0,1,"1",,2,"052","RT 580","38TH AV",528,"E","N","A","-","Y",,,580,,,,,,,"N",4,0,1,2,"A","-","03",22350,,"N","C","C","A","A","H","-","A","D",0,,,,,"Y",,"A","01",0,0,1,0,0,0,0,0,0,"-","-","ALAMEDA","OAKLAND",-122.19922,37.78857
"6661294",2014,2016-05-21,"9370",2014-10-02,"2220","020155",,4,3,7,"0109",0,1,"1",,2,"176","RT 880","42ND AV",560,"N","N","A","-","Y","ALA",4,880,"-","-",27.82,"H","-","S","Y",4,0,1,1,"A","-","08",22107,,"N","E","I","A","A","H","-","C","D",1,,,,,"Y","Y","A","01",0,0,1,0,0,0,0,0,0,"-","-","ALAMEDA","OAKLAND",-122.22226,37.7707
"6661004",2014,2016-06-16,"9370",2014-10-02,"1745","020145",,4,2,7,"0109",0,1,"1",,2,"008","RT 80","RT 880",900,"E","N","A","-","Y","ALA",4,80,"-","-",3.38,"H","-","E","Y",4,0,1,3,"A","-","03",22350,,"N","C","C","A","A","H","-","A","D",6,,,,,"Y",,"A","01",0,0,1,0,0,0,0,0,0,"-","-","ALAMEDA","OAKLAND",-122.29359,37.82964
"6660207",2014,2016-06-16,"9335",2014-10-10,"1920","020666",,5,2,7,"0109",0,1,"1",,1,"082","RT 80","SFOBB METERING LIGHTS",80,"E","N","A","-","Y","ALA",4,80,"-","-",1.81,"H","-","W","Y",4,0,1,2,"A","-","03",22350,,"N","C","C","A","A","H","-","C","A",4,,,"Y",,"Y",,"A","07",0,0,1,0,0,0,0,0,1,"-","-","ALAMEDA","OAKLAND",-122.31703,37.82421
"6659496",2014,2014-10-23,"0109",2014-09-05,"1516","9244","2",5,5,7,"0109",0,0,"0",,0,"26X","INTERNATIONAL BL","55TH ST",100,"E","N","A","-","N",,,,,,,,,,"N",4,0,1,3,"A","-","09",21804,"A","N","D","C","A","A","H","-","A","A",0,,,,,"Y",,"A","01",0,0,1,0,0,0,0,0,0,"-","-","ALAMEDA","OAKLAND",-122.20338,37.76694
"6659369",2014,2014-10-24,"0109",2014-08-10,"1146","8660","2",7,5,7,"0109",0,0,"0",,0,"12X","SHATTUCK AV","46TH ST",5,"S","N","A","-","N",,,,,,,,,,"N",3,0,1,2,"A","-","10",21950,"A","N","G","B","B","A","H","-","A","A",0,"Y",,,,"Y",,"D","23",0,1,0,0,1,0,0,0,0,"-","-","ALAMEDA","OAKLAND",-122.26364,37.8337
"6659365",2014,2014-10-24,"0109",2014-08-07,"0912","8040","1",4,5,7,"0109",0,0,"0",,0,"19X","9TH AV","E 12TH ST",15,"N","N","B","-","N",,,,,,,,,,"Y",4,0,1,4,"A","-","08",22107,,"N","B","C","A","A","H","-","A","A",0,,,,,"Y",,"A","01",0,0,1,0,0,0,0,0,0,"-","-","ALAMEDA","OAKLAND",-122.25145,37.79216
"6659353",2014,2014-10-15,"0109",2014-08-11,"1940","8630","1",1,5,7,"0109",0,0,"0",,0,"17X","EAST 33RD ST","14TH AV",175,"W","N","A","-","N",,,,,,,,,,"N",4,0,2,2,"A","-","21",22106,,"N","D","C","A","A","H","-","B","D",0,,,,,"Y",,"A","01",0,0,2,0,0,0,0,0,0,"-","-","ALAMEDA","OAKLAND",-122.22816,37.8002
"6659349",2014,2014-10-15,"0109",2014-08-10,"1312","9083","1",7,5,7,"0109",0,0,"0",,0,"14Y","GRAND AV","LAKE PARK AV",0,,"Y","A","-","N",,,,,,,,,,"N",4,0,1,2,"A","-","09",21801,"A","N","H","G","A","A","H","-","A","A",0,,"Y",,,"Y",,"L","04",0,0,1,0,0,0,1,0,0,"-","-","ALAMEDA","OAKLAND",-122.24792,37.81143
"6659345",2014,2014-10-15,"0109",2014-08-12,"1115","8178","1",2,5,7,"0109",0,0,"0",,0,"04X","19TH ST","WEBSTER ST",0,,"Y","A","-","N",,,,,,,,,,"N",4,0,1,2,"A","-","12",21453,"A","N","D","C","A","A","H","-","A","A",0,,,,,"Y",,"A","01",0,0,1,0,0,0,0,0,0,"-","-","ALAMEDA","OAKLAND",-122.26662,37.80682
"6659313",2014,2014-10-15,"0109",2014-08-11,"1125","8655","1",1,5,7,"0109",0,0,"0",,0,"11X","SHATTUCK AV","AILEEN ST",40,"S","N","A","-","N",,,,,,,,,,"N",3,0,1,2,"A","-","08",21717,,"N","B","G","A","A","H","-","A","D",0,,"Y",,,"Y",,"A","01",0,1,0,0,0,0,1,0,0,"-","-","ALAMEDA","OAKLAND",-122.26472,37.8419
"6659289",2014,2014-10-15,"0109",2014-08-11,"0931","8776","1",1,5,7,"0109",0,0,"0",,0,"03X","8TH ST","JACKSON ST",0,,"Y","A","-","N",,,,,,,,,,"N",4,0,1,2,"A","-","12",21453,"A","N","D","C","A","A","H","-","A","A",0,,,,,"Y",,"A","01",0,0,1,0,0,0,0,0,0,"-","-","ALAMEDA","OAKLAND",-122.26781,37.79786
"6659138",2014,2014-10-16,"0109",2014-07-31,"1658","9236","1",4,5,7,"0109",0,0,"0",,0,"03Y","10TH ST","WASHINGTON ST",0,,"Y","A","-","N",,,,,,,,,,"N",4,0,1,2,"A","-","10",21950,"A","N","G","B","-","A","H","-","A","A",0,"Y",,,,"Y",,"A","01",0,0,1,0,1,0,0,0,0,"-","-","ALAMEDA","OAKLAND",-122.27415,37.80204
"6659083",2014,2014-11-17,"0109",2014-09-16,"0905","8051","1",2,5,7,"0109",0,0,"0",,0,"10X","MANDELA PKWY","HARTON ST",225,"W","N","A","-","N",,,,,,,,,,"N",3,0,1,2,"A","-","09",21804,"A","N","D","C","A","A","G","-","A","D",0,,,,,"Y",,"A","01",0,1,0,0,0,0,0,0,0,"-","-","ALAMEDA","OAKLAND",-122.28794,37.82809
"6659079",2014,2014-10-24,"0109",2014-09-07,"1615","9014","1",7,5,7,"0109",0,0,"0",,0,"19X","22ND AV","INTERNATIONAL BL",0,,"Y","A","-","N",,,,,,,,,,"N",4,0,1,2,"A","-","01",23152,"A","N","A","C","A","A","H","-","A","A",0,,,,,"Y","Y","A","07",0,0,1,0,0,0,0,0,0,"-","-","ALAMEDA","OAKLAND",-122.23788,37.78459
"6657799",2014,2014-10-23,"0109",2014-08-08,"1455","9174","1",5,5,7,"0109",0,0,"0",,0,"20X","22ND AV","E 11TH ST",0,,"Y","A","-","N",,,,,,,,,,"N",4,0,2,2,"A","-","12",21453,"A","N","D","C","A","A","H","-","A","A",0,,,,,"Y",,"A","01",0,0,2,0,0,0,0,0,0,"-","-","ALAMEDA","OAKLAND",-122.24145,37.79661
"6657795",2014,2014-11-06,"0109",2014-09-07,"1109","9187","1",7,5,7,"0109",0,0,"0",,0,"19X","E 12TH ST","22ND AV",0,,"Y","A","-","N",,,,,,,,,,"N",4,0,1,2,"A","-","09",21801,"A","N","D","C","A","A","H","-","A","A",0,,,,,"Y",,"D","22",0,0,1,0,0,0,0,0,0,"-","-","ALAMEDA","OAKLAND",-122.23863,37.78374
"6653599",2014,2016-04-30,"9370",2014-09-18,"1746","018453",,4,2,7,"0109",0,1,"1",,2,"008","RT 80","WEST GRAND AV",1333,"E","N","A","-","Y","ALA",4,80,"-","-",2.72,"H","-","E","Y",3,0,4,11,"A","-","03",22350,,"N","C","C","A","A","H","-","A","D",6,,,,,"Y",,"D","22",0,1,3,0,0,0,0,0,0,"-","-","ALAMEDA","OAKLAND",-122.30621,37.82489
"6653598",2014,2016-05-17,"9370",2014-09-22,"2239","018864",,1,3,7,"0109",0,1,"1",,2,"055","RT 580","PIEDMONT AV",450,"E","N","A","-","Y","ALA",4,580,"-","-",44.36,"H","-","W","Y",2,0,1,1,"A","-","01",23152,"A","N","E","I","A","A","H","-","C","D",1,,,,,"Y","Y","D","22",1,0,0,0,0,0,0,0,0,"-","-","ALAMEDA","OAKLAND",-122.25482,37.81979
"6651327",2014,2014-10-14,"0109",2014-06-04,"0815","8086","1",3,5,7,"0109",0,0,"0",,0,"01X","WASHINGTON ST","EMBARCADERO",25,"N","N","A","-","N",,,,,,,,,,"N",3,0,1,2,"D","-","00",,,"M","G","B","D","A","H","-","A","D",0,"Y",,,,"Y",,"-","-",0,1,0,0,1,0,0,0,0,"-","-","ALAMEDA","OAKLAND",-122.27794,37.79596
"6651320",2014,2014-10-14,"0109",2014-06-28,"1402","9113","1",6,5,7,"0109",0,0,"0",,0,"07X","MANDELA PKWY","26TH ST",0,,"Y","A","-","N",,,,,,,,,,"N",4,0,1,2,"A","-","09",21802,"A","N","D","C","A","A","H","-","A","A",0,,,,,"Y",,"A","01",0,0,1,0,0,0,0,0,0,"-","-","ALAMEDA","OAKLAND",-122.28928,37.82073
"6651318",2014,2016-04-30,"9335",2014-09-16,"0750","013378",,2,1,7,"0109",0,1,"1",,1,"082","RT 80","SFOBB METERING LIGHTS",505,"W","N","A","-","Y","ALA",4,80,"-","-",1.89,"H","-","W","N",4,0,1,2,"A","-","08",22107,,"M","B","C","A","A","H","-","A","D",4,,,,"Y","Y",,"F","27",0,0,1,0,0,0,0,0,0,"-","-","ALAMEDA","OAKLAND",-122.3156,37.8245
"6651316",2014,2014-10-14,"0109",2014-06-29,"1444","9122","2",7,5,7,"0109",0,0,"0",,0,"23X","INTERNATIONAL","38TH AV",9,"W","N","A","-","N",,,,,,,,,,"N",2,0,1,2,"A","-","11",21456,"B","N","G","B","D","A","H","-","A","A",0,"Y",,,,"Y","Y","N","60",1,0,0,0,1,0,0,0,0,"-","-","ALAMEDA","OAKLAND",-122.21996,37.77481