"CASE_ID","ACCIDENT_YEAR","PROC_DATE","JURIS","COLLISION_DATE","COLLISION_TIME","OFFICER_ID","REPORTING_DISTRICT","DAY_OF_WEEK","CHP_SHIFT","POPULATION","CNTY_CITY_LOC","SPECIAL_COND","BEAT_TYPE","CHP_BEAT_TYPE","CITY_DIVISION_LAPD","CHP_BEAT_CLASS","BEAT_NUMBER","PRIMARY_RD","SECONDARY_RD","DISTANCE","DIRECTION","INTERSECTION","WEATHER_1","WEATHER_2","STATE_HWY_IND","CALTRANS_COUNTY","CALTRANS_DISTRICT","STATE_ROUTE","ROUTE_SUFFIX","POSTMILE_PREFIX","POSTMILE","LOCATION_TYPE","RAMP_INTERSECTION","SIDE_OF_HWY","TOW_AWAY","COLLISION_SEVERITY","NUMBER_KILLED","NUMBER_INJURED","PARTY_COUNT","PRIMARY_COLL_FACTOR","PCF_CODE_OF_VIOL","PCF_VIOL_CATEGORY","PCF_VIOLATION","PCF_VIOL_SUBSECTION","HIT_AND_RUN","TYPE_OF_COLLISION","MVIW","PED_ACTION","ROAD_SURFACE","ROAD_COND_1","ROAD_COND_2","LIGHTING","CONTROL_DEVICE","CHP_ROAD_TYPE","PEDESTRIAN_ACCIDENT","BICYCLE_ACCIDENT","MOTORCYCLE_ACCIDENT","TRUCK_ACCIDENT","NOT_PRIVATE_PROPERTY","ALCOHOL_INVOLVED","STWD_VEHTYPE_AT_FAULT","CHP_VEHTYPE_AT_FAULT","COUNT_SEVERE_INJ","COUNT_VISIBLE_INJ","COUNT_COMPLAINT_PAIN","COUNT_PED_KILLED","COUNT_PED_INJURED","COUNT_BICYCLIST_KILLED","COUNT_BICYCLIST_INJURED","COUNT_MC_KILLED","COUNT_MC_INJURED","PRIMARY_RAMP","SECONDARY_RAMP","COUNTY","CITY","POINT_X","POINT_Y"
"6430324",2014,2014-06-21,"0109",2014-03-10,"1844","8444","1",1,5,7,"0109",0,0,"0",,0,"02Y","12TH ST","CHESTER ST",30,"E","N","A","-","N",,,,,,,,,,"Y",3,0,1,2,"A","-","05",21460,"A","M","A","C","A","A","H","-","A","D",0,,,"Y",,"Y",,"A","01",0,1,0,0,0,0,0,0,1,"-","-","ALAMEDA","OAKLAND",-122.29434,37.80986
"6430221",2014,2014-06-28,"0109",2014-02-07,"1831","9195","2",5,5,7,"0109",0,0,"0",,0,"27X","INTERNATIONAL BL","SEMINARY AV",0,,"Y","C","-","N",,,,,,,,,,"N",4,0,1,2,"A","-","10",21950,"A","N","G","B","B","B","-","-","C","A",0,"Y",,,,"Y",,"A","07",0,0,1,0,1,0,0,0,0,"-","-","ALAMEDA","OAKLAND",-122.19956,37.76509
"6430217",2014,2014-06-28,"0109",2014-02-26,"1230","8163","2",3,5,7,"0109",0,0,"0",,0,"25X","35TH AV","VICTOR AV",50,"N","N","C","-","N",,,,,,,,,,"Y",4,0,1,2,"A","-","03",22350,,"N","E","E","A","B","H","-","A","D",0,,,,,"Y",,"A","01",0,0,1,0,0,0,0,0,0,"-","-","ALAMEDA","OAKLAND",-122.19302,37.79823
"6430209",2014,2014-06-28,"0109",2014-02-27,"1000","8163","2",4,5,7,"0109",0,0,"0",,0,"25Y","CAMPUS DR","RISING HILL",0,,"Y","B","-","N",,,,,,,,,,"Y",4,0,2,2,"A","-","08",22107,,"N","B","E","A","A","H","-","A","D",0,,,,,"Y",,"A","01",0,0,2,0,0,0,0,0,0,"-","-","ALAMEDA","OAKLAND",-122.16232,37.78484
"6430205",2014,2014-06-28,"0109",2014-02-02,"1325","8815","2",7,5,7,"0109",0,0,"0",,0,"32Y","98TH AV","HOLLY ST",0,,"Y","C","-","N",,,,,,,,,,"N",4,0,1,2,"A","-","12",21453,"A","M","D","D","A","B","H","-","A","A",0,,,,,"Y",,"A","07",0,0,1,0,0,0,0,0,0,"-","-","ALAMEDA","OAKLAND",-122.16937,37.74491
"6430181",2014,2014-06-27,"0109",2014-02-20,"0800","8223","1",4,5,7,"0109",0,0,"0",,0,"22X","MACARTHUR BL","LAUREL AV",120,"W","N","A","-","N",,,,,,,,,,"N",4,0,1,3,"A","-","03",22350,,"N","C","C","A","A","H","-","A","A",0,,,,,"Y",,"A","01",0,0,1,0,0,0,0,0,0,"-","-","ALAMEDA","OAKLAND",-122.2036,37.79635
"6430177",2014,2014-06-27,"0109",2014-02-27,"1550","8397","1",4,5,7,"0109",0,0,"0",,0,"08X","TELEGRAPH AV","40TH ST",0,,"Y","B","-","N",,,,,,,,,,"N",4,0,1,2,"A","-","12",21453,"A","N","H","G","A","A","H","-","A","A",0,,"Y",,,"Y",,"L","04",0,0,1,0,0,0,1,0,0,"-","-","ALAMEDA","OAKLAND",-122.26446,37.82917
"6430173",2014,2014-06-27,"0109",2014-02-19,"1127","8203","1",3,5,7,"0109",0,0,"0",,0,"09X","PLEASANT VALLEY AV","BROADWAY",75,"E","N","A","-","N",,,,,,,,,,"Y",4,0,2,3,"A","-","03",22350,,"N","C","C","A","A","H","-","A","A",0,,,,,"Y",,"A","01",0,0,2,0,0,0,0,0,0,"-","-","ALAMEDA","OAKLAND",-122.25212,37.83422
"6430169",2014,2014-06-27,"0109",2014-02-06,"1517","8444","1",4,5,7,"0109",0,0,"0",,0,"06X","27TH ST","NORTHGATE AV",0,,"Y","C","-","N",,,,,,,,,,"N",4,0,2,2,"A","-","12",21453,"A","N","D","C","A","B","H","-","A","A",0,,,,,"Y",,"A","01",0,0,2,0,0,0,0,0,0,"-","-","ALAMEDA","OAKLAND",-122.26984,37.81647
"6430165",2014,2014-06-30,"0109",2014-02-22,"2125","9027","2",6,5,7,"0109",0,0,"0",,0,"27X","FOOTHILL BL","50TH AV",105,"E","N","A","-","N",,,,,,,,,,"N",4,0,2,3,"A","-","01",23152,"A","N","B","C","A","A","H","-","C","D",0,,,,,"Y","Y","A","01",0,0,2,0,0,0,0,0,0,"-","-","ALAMEDA","OAKLAND",-122.20605,37.77265
"6430161",2014,2014-06-28,"0109",2014-02-04,"1635","8265","2",2,5,7,"0109",0,0,"0",,0,"35X","BANCROFT AV","94TH AV",0,,"Y","A","-","N",,,,,,,,,,"Y",4,0,2,2,"A","-","12",22450,"A","M","D","C","A","A","H","-","B","A",0,,,,,"Y","Y","A","01",0,0,2,0,0,0,0,0,0,"-","-","ALAMEDA","OAKLAND",-122.16406,37.75119
"6430143",2014,2014-06-12,"0109",2014-01-29,"0807","9094","2",3,5,7,"0109",0,0,"0",,0,"28X","MACARTHUR BL","RICHARDS RD",10,"E","N","C","-","N",,,,,,,,,,"N",4,0,1,2,"A","-","10",21950,"A","N","G","B","B","B","H","-","A","A",0,"Y",,,,"Y",,"A","08",0,0,1,0,1,0,0,0,0,"-","-","ALAMEDA","OAKLAND",-122.18793,37.78264
"6429835",2014,2014-07-01,"0109",2014-02-11,"0715","8483","2",2,5,7,"0109",0,0,"0",,0,"31X","DOOLITTLE DR","HEGENBERGER RD",0,,"Y","B","-","N",,,,,,,,,,"Y",4,0,2,2,"A","-","12",21453,"A","N","D","C","A","A","H","-","A","A",0,,,,,"Y",,"A","01",0,0,2,0,0,0,0,0,0,"-","-","ALAMEDA","OAKLAND",-122.20168,37.72653
"6429834",2014,2014-07-01,"0109",2014-02-03,"1843","9034","1",1,5,7,"0109",0,0,"0",,0,"17Y","PARK BL","E 28TH ST",114,"N","N","A","-","N",,,,,,,,,,"Y",3,0,1,2,"A","-","09",21801,"A","N","B","C","A","A","H","-","C","D",0,,,"Y",,"Y",,"A","07",0,1,0,0,0,0,0,0,1,"-","-","ALAMEDA","OAKLAND",-122.23685,37.80314
"6429833",2014,2014-07-01,"0109",2014-02-06,"1310","8337","1",4,5,7,"0109",0,0,"0",,0,"20X","E 12TH ST","25TH AV",0,,"Y","C","-","N",,,,,,,,,,"N",4,0,1,2,"A","-","10",21950,"A","N","G","B","B","B","H","-","A","D",0,"Y",,,,"Y",,"A","08",0,0,1,0,1,0,0,0,0,"-","-","ALAMEDA","OAKLAND",-122.23475,37.78118
"6429832",2014,2014-07-01,"0109",2014-02-02,"0839","8611","2",7,5,7,"0109",0,0,"0",,0,"27X","HIGH ST","CONGRESS AV",0,,"Y","C","-","N",,,,,,,,,,"Y",3,0,2,2,"A","-","09",21802,"A","N","D","C","A","B","H","-","A","D",0,,,,,"Y",,"A","01",0,1,1,0,0,0,0,0,0,"-","-","ALAMEDA","OAKLAND",-122.20635,37.78021
"6429831",2014,2014-07-01,"0109",2014-02-02,"1116","9083","1",7,5,7,"0109",0,0,"0",,0,"12Y","MILES AV","COLLEGE AV",8,"E","N","C","-","N",,,,,,,,,,"N",4,0,1,2,"A","-","10",21950,"A","N","A","B","B","B","H","-","A","A",0,"Y",,,,"Y",,"A","01",0,0,1,0,1,0,0,0,0,"-","-","ALAMEDA","OAKLAND",-122.25181,37.84511
"6429830",2014,2014-07-01,"0109",2014-02-03,"1804","9115","1",1,5,7,"0109",0,0,"0",,0,"09X","51ST ST","BROADWAY",40,"W","N","A","-","N",,,,,,,,,,"N",4,0,1,1,"A","-","08",22107,,"N","E","I","A","A","H","-","B","A",0,,,,,"Y",,"A","01",0,0,1,0,0,0,0,0,0,"-","-","ALAMEDA","OAKLAND",-122.25258,37.83453
"6429829",2014,2014-07-01,"0109",2014-02-05,"0835","9166","2",3,5,7,"0109",0,0,"0",,0,"27Y","BANCROFT AV","FAIRFAX AV",0,,"Y","A","-","N",,,,,,,,,,"Y",4,0,1,2,"A","-","03",22350,,"N","C","C","A","A","H","-","A","A",0,,,,,"Y",,"A","01",0,0,1,0,0,0,0,0,0,"-","-","ALAMEDA","OAKLAND",-122.20078,37.77176
"6429642",2014,2016-02-12,"9335",2014-02-05,"0830","13378",,3,1,7,"0109",0,1,"1",,1,"082","RT 80","SFOBB METERING LIGHTS",6400,"W","N","A","-","Y","ALA",4,80,"-","R",0.59,"H","-","W","Y",4,0,1,3,"A","-","03",22350,,"N","C","C","A","A","H","-","A","D",4,,,,,"Y",,"A","01",0,0,1,0,0,0,0,0,0,"-","-","ALAMEDA","OAKLAND",-122.33914,37.82077
"6427123",2014,2016-02-24,"9370",2014-02-16,"1505","020286",,7,2,7,"0109",0,1,"1",,2,"053","RT 580","BOSTON AV",200,"E","N","A","-","Y","ALA",4,580,"-","R",41.29,"H","-","W","Y",3,0,2,2,"A","-","03",22350,,"N","C","C","A","A","H","-","A","D",1,,,"Y",,"Y",,"C","02",0,1,1,0,0,0,0,0,1,"-","-","ALAMEDA","OAKLAND",-122.21318,37.79745
"6426701",2014,2016-02-24,"9370",2014-03-03,"1832","019160",,1,2,7,"0109",0,1,"1",,2,"053","RT 580","FRUITVALE AV",485,"E","N","C","-","Y","ALA",4,580,"-","R",41.34,"H","-","E","Y",4,0,1,2,"A","-","03",22350,,"N","C","C","A","B","H","-","C","D",1,,,,,"Y",,"A","01",0,0,1,0,0,0,0,0,0,"-","-","ALAMEDA","OAKLAND",-122.21423,37.79752
"6426693",2014,2016-02-12,"9370",2014-03-10,"1040","020475",,1,1,7,"0109",0,1,"1",,2,"008","RT 80","GRAND AV",120,"W","N","A","-","Y","ALA",4,80,"-","-",2.39,"H","-","W","Y",3,0,1,2,"A","-","03",22350,,"N","C","C","A","A","H","-","A","D",6,,,,,"Y",,"A","01",0,1,0,0,0,0,0,0,0,"-","-","ALAMEDA","OAKLAND",-122.30999,37.82501
"6426670",2014,2016-02-12,"9370",2014-03-01,"1458","019742",,6,2,7,"0109",0,1,"1",,2,"178","RT 80","MARITIME ST",2150,"E","N","B","C","Y","ALA",4,880,"S","-",0.2,"H","-","S","Y",4,0,1,1,"A","-","08",22107,,"N","E","I","A","B","H","-","A","D",0,,,,,"Y",,"A","01",0,0,1,0,0,0,0,0,0,"-","-","ALAMEDA","OAKLAND",-122.2968,37.81862
"6426658",2014,2015-11-20,"9370",2014-03-01,"1240","16710",,6,1,7,"0109",0,1,"1",,2,"177","RT 880","OAK ST",585,"S","N","A","-","Y","ALA",4,880,"-","-",30.93,"H","-","S","Y",3,0,3,2,"A","-","07",21658,"A","N","B","C","A","A","H","-","A","D",1,,,,,"Y",,"A","01",0,1,2,0,0,0,0,0,0,"-","-","ALAMEDA","OAKLAND",-122.26422,37.79368
"6426646",2014,2015-11-20,"9370",2014-03-02,"1715","16710",,7,2,7,"0109",0,1,"1",,2,"176","RT 880","66TH AV",2245,"S","N","A","-","Y","ALA",4,880,"-","-",26.081,"R","1","N","Y",4,0,1,2,"A","-","08",22107,,"N","B","C","A","A","H","-","A","D",1,,,,,"Y",,"A","01",0,0,1,0,0,0,0,0,0,"-","-","ALAMEDA","OAKLAND",-122.20251,37.7478
"6426625",2014,2016-02-24,"9370",2014-02-28,"0600","020644",,5,1,7,"0109",0,1,"1",,2,"052","RT 580","FOOTHILL WY",300,"W","N","C","-","Y","ALA",4,580,"-","R",35.13,"H","-","E",,3,0,1,1,"A","-","08",22107,,"N","E","I","A","B","H","-","B","D",1,,,,,"Y",,"A","07",0,1,0,0,0,0,0,0,0,"-","-","ALAMEDA","OAKLAND",-122.14215,37.73868
"6426375",2014,2014-07-01,"0109",2014-02-20,"0925","8223","1",4,5,7,"0109",0,0,"0",,0,"22X","MACARTHUR BL","RHODA AV",0,,"Y","A","-","N",,,,,,,,,,"N",4,0,1,2,"A","-","12",22450,"A","M","A","C","A","A","H","-","A","A",0,,,,,"Y",,"A","01",0,0,1,0,0,0,0,0,0,"-","-","ALAMEDA","OAKLAND",-122.2099,37.79877
"6426371",2014,2014-07-01,"0109",2014-02-10,"1910","9140","1",1,5,7,"0109",0,0,"0",,0,"20X","FOOTHILL BL","27TH AV",6,"W","N","A","-","N",,,,,,,,,,"N",3,0,1,2,"A","-","10",21950,"A","N","G","B","B","A","H","-","C","D",0,"Y",,,,"Y","Y","A","01",0,1,0,0,1,0,0,0,0,"-","-","ALAMEDA","OAKLAND",-122.22793,37.78453
"6426355",2014,2014-07-09,"0109",2014-02-08,"1445","9158","1",6,5,7,"0109",0,0,"0",,0,"10Y","52ND ST","MARTIN LUTHER KING JR WY",273,"W","N","C","-","N",,,,,,,,,,"N",4,0,4,2,"A","-","08",22107,,"F","B","E","A","B","H","-","A","A",0,,,,,"Y",,"A","01",0,0,4,0,0,0,0,0,0,"-","-","ALAMEDA","OAKLAND",-122.26963,37.83705
"6426351",2014,2014-07-01,"0109",2014-02-09,"1920","9158","1",7,5,7,"0109",0,0,"0",,0,"10X","52ND ST","MARTIN LUTHER KING JR WY",0,,"Y","C","-","N",,,,,,,,,,"N",4,0,1,2,"A","-","03",22350,,"F","C","C","A","B","H","-","C","A",0,,,,,"Y",,"A","01",0,0,1,0,0,0,0,0,0,"-","-","ALAMEDA","OAKLAND",-122.2687,37.83719
"6426347",2014,2014-07-01,"0109",2014-02-10,"1249","8756","2",1,5,7,"0109",0,0,"0",,0,"32X","108TH AV","MCKINTYRE ST",10,"S","N","A","-","N",,,,,,,,,,"N",4,0,1,2,"A","-","13",22515,"A","M","A","C","A","A","H","-","A","D",0,,,,,"Y",,"A","01",0,0,1,0,0,0,0,0,0,"-","-","ALAMEDA","OAKLAND",,
"6426335",2014,2014-07-01,"0109",2014-02-10,"1945","8868","2",1,5,7,"0109",0,0,"0",,0,"30X","INTERNATIONAL BL","HEGENBERGER RD",0,,"Y","B","-","N",,,,,,,,,,"N",4,0,1,2,"A","-","10",21950,"A","F","G","B","B","B","H","-","C","A",0,"Y",,,,"Y",,"A","01",0,0,1,0,1,0,0,0,0,"-","-","ALAMEDA","OAKLAND",-122.18708,37.75921
"6426021",2014,2014-07-08,"0109",2014-03-02,"1123","8707","2",7,5,7,"0109",0,0,"0",,0,"27X","HIGH ST","BOND ST",0,,"Y","C","-","N",,,,,,,,,,"N",4,0,1,2,"A","-","12",21453,"A","N","D","C","A","B","H","-","A","A",0,,,,,"Y",,"-","-",0,0,1,0,0,0,0,0,0,"-","-","ALAMEDA","OAKLAND",-122.21251,37.77411
"6425946",2014,2014-06-26,"0109",2014-02-03,"0933","8005","2",1,5,7,"0109",0,0,"0",,0,"30X","BANCROFT AV","RITCHIE ST",0,,"Y","A","-","N",,,,,,,,,,"N",4,0,1,2,"A","-","08",22107,,"M","B","C","A","A","H","-","A","A",0,,,,,"Y",,"A","01",0,0,1,0,0,0,0,0,0,"-","-","ALAMEDA","OAKLAND",-122.17268,37.76205
"6425942",2014,2014-06-26,"0109",2014-02-14,"0829","8756","2",5,5,7,"0109",0,0,"0",,0,"35X","MACARTHUR BL","ALVINGROOM CT",500,"E","N","B","-","N",,,,,,,,,,"Y",4,0,3,2,"A","-","21",22106,,"N","D","C","A","B","H","-","A","D",0,,,,,"Y",,"A","01",0,0,3,0,0,0,0,0,0,"-","-","ALAMEDA","OAKLAND",-122.16285,37.75969
"6425938",2014,2014-06-26,"0109",2014-02-26,"1551","8751","2",3,5,7,"0109",0,0,"0",,0,"32X","98TH AV","E ST",45,"N","N","C","-","N",,,,,,,,,,"Y",4,0,1,3,"A","-","09",21804,"A","M","D","C","A","B","H","-","A","A",0,,,,,"Y",,"A","01",0,0,1,0,0,0,0,0,0,"-","-","ALAMEDA","OAKLAND",-122.17681,37.7414
"6425524",2014,2014-07-17,"0109",2014-01-22,"0858","8700","1",3,5,7,"0109",0,0,"0",,0,"08X","30TH ST","WEBSTER ST",0,,"Y","A","-","N",,,,,,,,,,"Y",4,0,1,2,"A","-","12",21453,"A","N","D","C","A","A","H","-","A","A",0,,,,,"Y",,"-","-",0,0,1,0,0,0,0,0,0,"-","-","ALAMEDA","OAKLAND",-122.26346,37.81879
"6425517",2014,2014-07-03,"0109",2014-02-09,"2315","7882","1",7,5,7,"0109",0,0,"0",,0,"13Z","SHEPHERD CANYON RD","GUNN DR",100,"N","N","C","E","N",,,,,,,,,,"Y",3,0,1,1,"A","-","03",22350,,"N","E","J","A","B","H","-","D","D",0,,,,,"Y",,"A","01",0,1,0,0,0,0,0,0,0,"-","-","ALAMEDA","OAKLAND",-122.19063,37.83474
"6425513",2014,2014-07-03,"0109",2014-02-10,"2121","9183","1",1,5,7,"0109",0,0,"0",,0,"06X","WEST MACARTHUR BL","WEST ST",12,"E","N","A","-","N",,,,,,,,,,"N",4,0,1,2,"A","-","12",21453,"A","N","H","G","A","A","H","-","C","A",0,,"Y",,,"Y",,"L","04",0,0,1,0,0,0,1,0,0,"-","-","ALAMEDA","OAKLAND",-122.27164,37.82752
"6425509",2014,2014-07-03,"0109",2014-02-22,"0700","8223","1",6,5,7,"0109",0,0,"0",,0,"16X","LAKESHORE AV","TRESTLE GLEN RD",40,"S","N","A","-","N",,,,,,,,,,"N",4,0,1,2,"A","-","21",22106,,"N","C","C","A","A","H","-","A","A",0,,,,,"Y",,"A","01",0,0,1,0,0,0,0,0,0,"-","-","ALAMEDA","OAKLAND",-122.24339,37.81098
"6425505",2014,2014-07-03,"0109",2014-02-22,"1430","8223","1",6,5,7,"0109",0,0,"0",,0,"22Y","SKYLINE BL","MELVILLE DR",2112,"E","N","A","-","N",,,,,,,,,,"Y",3,0,1,1,"A","-","03",22350,,"N","H","A","A","A","H","-","A","A",0,,,"Y",,"Y",,"C","02",0,1,0,0,0,0,0,0,1,"-","-","ALAMEDA","OAKLAND",-122.18693,37.82336
"6425504",2014,2014-06-30,"0109",2014-02-24,"0955","8914","2",1,5,7,"0109",0,0,"0",,0,"30Y","SAN LEANDRO ST","92ND AV",426,"E","N","A","-","N",,,,,,,,,,"Y",4,0,1,2,"A","-","03",22350,,"N","C","C","A","A","H","-","A","A",0,,,,,"Y",,"D","22",0,0,1,0,0,0,0,0,0,"-","-","ALAMEDA","OAKLAND",-122.18367,37.74246
"6425501",2014,2014-07-03,"0109",2014-02-28,"0802","9120","1",5,5,7,"0109",0,0,"0",,0,"04X","20TH ST","FRANKLIN ST",0,,"Y","C","-","N",,,,,,,,,,"N",4,0,1,2,"A","-","12",21453,"A","N","H","G","A","B","H","-","A","A",0,,"Y",,,"Y",,"A","01",0,0,1,0,0,0,1,0,0,"-","-","ALAMEDA","OAKLAND",-122.26699,37.80859
"6425446",2014,2014-07-03,"0109",2014-02-24,"1507","9009","2",1,5,7,"0109",0,0,"0",,0,"27Y","BANCROFT AV","AVENAL AV",0,,"Y","A","-","N",,,,,,,,,,"N",4,0,1,2,"A","-","03",22350,,"N","C","C","A","A","H","-","A","A",0,,,,,"Y",,"A","01",0,0,1,0,0,0,0,0,0,"-","-","ALAMEDA","OAKLAND",-122.19332,37.7711
"6425442",2014,2014-07-03,"0109",2014-02-28,"1530","8811","1",5,5,7,"0109",0,0,"0",,0,"16X","CHATHAM RD","PARK BL",0,,"Y","C","-","N",,,,,,,,,,"N",4,0,2,2,"A","-","12",21453,"A","N","D","C","A","B","H","-","A","A",0,,,,,"Y",,"A","01",0,0,2,0,0,0,0,0,0,"-","-","ALAMEDA","OAKLAND",-122.23311,37.8045
"6425297",2014,2014-06-25,"0109",2014-03-04,"1252","8208","1",2,5,7,"0109",0,0,"0",,0,"20X","23RD AV","KENNEDY ST",0,,"Y","B","-","N",,,,,,,,,,"Y",4,0,1,2,"A","-","12",21453,"A","N","D","C","A","A","H","-","A","A",0,,,,,"Y",,"A","01",0,0,1,0,0,0,0,0,0,"-","-","ALAMEDA","OAKLAND",-122.23598,37.77372
"6425000",2014,2015-11-20,"9370",2014-01-01,"1645","020656",,3,2,7,"0109",0,1,"1",,2,"176","RT 880","HEGENBERGER RD",630,"S","N","A","-","Y","ALA",4,880,"-","-",25.37,"H","-","N","N",4,0,1,2,"A","-","06",21750,,"N","B","C","A","A","H","-","A","D",1,,,,,"Y",,"A","01",0,0,1,0,0,0,0,0,0,"-","-","ALAMEDA","OAKLAND",-122.19502,37.73929
"6424998",2014,2014-06-10,"0109",2014-01-30,"1644","9195","2",4,5,7,"0109",0,0,"0",,0,"24X","LYON AV","HIGH ST",400,"W","N","A","-","N",,,,,,,,,,"Y",4,0,1,3,"A","-","03",22350,,"F","C","C","A","A","H","-","A","D",0,,,,,"Y",,"A","08",0,0,1,0,0,0,0,0,0,"-","-","ALAMEDA","OAKLAND",-122.20635,37.782
"6424997",2014,2014-06-10,"0109",2014-01-19,"1613","9119","1",7,5,7,"0109",0,0,"0",,0,"12Y","TELEGRAPH AV","59TH ST",0,,"Y","A","-","N",,,,,,,,,,"N",3,0,1,2,"A","-","10",21950,"A","N","G","B","B","A","H","-","A","A",0,"Y",,,,"Y",,"A","01",0,1,0,0,1,0,0,0,0,"-","-","ALAMEDA","OAKLAND",-122.26125,37.84502
"6424996",2014,2014-06-10,"0109",2014-01-18,"1513","9115","1",6,5,7,"0109",0,0,"0",,0,"09X","PIEDMONT AV","39TH ST",30,"N","N","A","-","N",,,,,,,,,,"N",4,0,1,2,"A","-","03",22350,,"N","C","C","A","A","H","-","A","A",0,,,,,"Y",,"A","01",0,0,1,0,0,0,0,0,0,"-","-","ALAMEDA","OAKLAND",,
"6424952",2014,2016-01-14,"9370",2014-02-08,"1630","19801",,6,2,7,"0109",0,1,"1",,2,"177","RT 880","MARKET ST",220,"N","N","B","C","Y","ALA",4,880,"-","R",32.19,"H","-","N","Y",4,0,1,1,"A","-","08",22107,,"N","E","I","A","B","H","-","A","D",1,,,,,"Y",,"A","07",0,0,1,0,0,0,0,0,0,"-","-","ALAMEDA","OAKLAND",-122.28456,37.80234
"6424696",2014,2015-11-20,"9370",2014-02-22,"1420","19742",,6,2,7,"0109",0,1,"1",,2,"176","RT 880","HIGH ST",2690,"S","N","A","-","Y","ALA",4,880,"-","-",27.12,"H","-","N","N",4,0,1,2,"A","-","01",23152,"A","N","C","C","A","A","H","-","A","D",1,,,,,"Y","Y","A","01",0,0,1,0,0,0,0,0,0,"-","-","ALAMEDA","OAKLAND",-122.21329,37.7601
"6424695",2014,2016-02-24,"9370",2014-02-19,"0615","19645",,3,1,7,"0109",0,1,"1",,2,"054","RT 580","GRAND AV",670,"W","N","A","-","Y","ALA",4,580,"-","-",43.76,"H","-","W","Y",4,0,1,1,"A","-","08",22107,,"N","A","I","A","A","H","-","A","D",1,,,,,"Y",,"A","01",0,0,1,0,0,0,0,0,0,"-","-","ALAMEDA","OAKLAND",-122.24987,37.8115
"6424692",2014,2016-02-24,"9370",2014-02-10,"1620","19469",,1,2,7,"0109",0,1,"1",,2,"054","RT 580","WEBSTER ST",60,"W","N","B","-","Y","ALA",4,580,"-","-",44.84,"H","-","W","Y",3,0,1,1,"A","-","08",22107,,"N","E","I","A","A","H","-","A","D",1,,,,,"Y",,"A","01",0,1,0,0,0,0,0,0,0,"-","-","ALAMEDA","OAKLAND",-122.26238,37.82305
"6424690",2014,2015-11-20,"9370",2014-02-10,"1110","20123",,1,1,7,"0109",0,1,"1",,2,"176","RT 880","HEGENBERGER RD",300,"S","N","B","-","Y","ALA",4,880,"-","-",25.383,"R","2","N","Y",4,0,1,1,"A","-","08",22107,,"N","E","I","A","B","H","-","A","D",1,,,,,"Y",,"A","01",0,0,1,0,0,0,0,0,0,"TO","-","ALAMEDA","OAKLAND",-122.19516,37.73944
"6424689",2014,2015-11-20,"9370",2014-02-10,"0722","18579",,1,1,7,"0109",0,1,"3",,2,"025","RT 24","TELEGRAPH AV",2640,"E","N","C","-","Y","ALA",4,24,"-","R",3.64,"H","-","W","Y",4,0,1,1,"A","-","08",22107,,"N","F","A","A","B","H","-","A","D",1,,,"Y",,"Y",,"C","02",0,0,1,0,0,0,0,0,1,"-","-","ALAMEDA","OAKLAND",-122.25308,37.84428
"6424686",2014,2015-11-20,"9370",2014-02-05,"2305","19160",,3,3,7,"0109",0,1,"1",,2,"177","RT 880","16TH AV",1842,"N","N","C","-","Y","ALA",4,880,"-","-",30.04,"H","-","S","Y",2,0,1,3,"A","-","03",22350,,"F","C","C","A","B","H","-","C","D",1,,,,,"Y",,"A","01",1,0,0,0,0,0,0,0,0,"-","-","ALAMEDA","OAKLAND",-122.25006,37.78808
"6423775",2014,2014-07-26,"0109",2014-01-24,"1100","9073","1",5,5,7,"0109",0,0,"0",,0,"19X","FOOTHILL BL","14TH AV",0,,"Y","A","-","N",,,,,,,,,,"N",4,0,1,2,"A","-","12",21457,"A","N","D","C","A","A","H","-","A","A",0,,,,,"Y",,"I","09",0,0,1,0,0,0,0,0,0,"-","-","ALAMEDA","OAKLAND",-122.24412,37.79095
"6423771",2014,2014-07-26,"0109",2014-01-22,"0905","9167","1",3,5,7,"0109",0,0,"0",,0,"13X","CLAREMONT AV","AUBURN AV",20,"S","N","A","-","N",,,,,,,,,,"N",3,0,1,2,"A","-","17",22517,,"N","B","G","A","A","H","-","A","D",0,,"Y",,,"Y",,"A","01",0,1,0,0,0,0,1,0,0,"-","-","ALAMEDA","OAKLAND",-122.251,37.85097
"6423634",2014,2014-06-11,"0109",2014-01-15,"2300","8973","2",3,5,7,"0109",0,0,"0",,0,"32X","SAN LEANDRO ST","W BROADMOOR BL",0,,"Y","A","-","N",,,,,,,,,,"N",4,0,2,2,"A","-","03",22350,,"N","C","C","A","A","H","-","C","D",0,,,,,"Y",,"A","01",0,0,2,0,0,0,0,0,0,"-","-","ALAMEDA","OAKLAND",-122.17005,37.73168
"6423429",2014,2015-11-20,"9370",2014-03-05,"2250","19169",,3,3,7,"0109",0,1,"1",,2,"176","RT 880","29TH AV",479,"S","N","C","-","Y","ALA",4,880,"-","-",28.6,"H","-","S","Y",4,0,1,2,"A","-","07",21658,"A","N","B","C","A","B","H","-","D","D",1,,,,,"Y",,"A","01",0,0,1,0,0,0,0,0,0,"-","-","ALAMEDA","OAKLAND",-122.23236,37.77458
"6423371",2014,2015-11-20,"9370",2014-03-14,"2050","020155",,5,2,7,"0109",0,1,"1",,2,"176","RT 880","98TH AV",20,"S","N","A","-","Y","ALA",4,880,"-","-",24.74,"H","-","S","Y",4,0,1,2,"A","-","03",22350,,"N","C","C","A","A","H","-","D","D",1,,,,,"Y",,"A","01",0,0,1,0,0,0,0,0,0,"-","-","ALAMEDA","OAKLAND",-122.18879,37.73162