"CASE_ID","ACCIDENT_YEAR","PROC_DATE","JURIS","COLLISION_DATE","COLLISION_TIME","OFFICER_ID","REPORTING_DISTRICT","DAY_OF_WEEK","CHP_SHIFT","POPULATION","CNTY_CITY_LOC","SPECIAL_COND","BEAT_TYPE","CHP_BEAT_TYPE","CITY_DIVISION_LAPD","CHP_BEAT_CLASS","BEAT_NUMBER","PRIMARY_RD","SECONDARY_RD","DISTANCE","DIRECTION","INTERSECTION","WEATHER_1","WEATHER_2","STATE_HWY_IND","CALTRANS_COUNTY","CALTRANS_DISTRICT","STATE_ROUTE","ROUTE_SUFFIX","POSTMILE_PREFIX","POSTMILE","LOCATION_TYPE","RAMP_INTERSECTION","SIDE_OF_HWY","TOW_AWAY","COLLISION_SEVERITY","NUMBER_KILLED","NUMBER_INJURED","PARTY_COUNT","PRIMARY_COLL_FACTOR","PCF_CODE_OF_VIOL","PCF_VIOL_CATEGORY","PCF_VIOLATION","PCF_VIOL_SUBSECTION","HIT_AND_RUN","TYPE_OF_COLLISION","MVIW","PED_ACTION","ROAD_SURFACE","ROAD_COND_1","ROAD_COND_2","LIGHTING","CONTROL_DEVICE","CHP_ROAD_TYPE","PEDESTRIAN_ACCIDENT","BICYCLE_ACCIDENT","MOTORCYCLE_ACCIDENT","TRUCK_ACCIDENT","NOT_PRIVATE_PROPERTY","ALCOHOL_INVOLVED","STWD_VEHTYPE_AT_FAULT","CHP_VEHTYPE_AT_FAULT","COUNT_SEVERE_INJ","COUNT_VISIBLE_INJ","COUNT_COMPLAINT_PAIN","COUNT_PED_KILLED","COUNT_PED_INJURED","COUNT_BICYCLIST_KILLED","COUNT_BICYCLIST_INJURED","COUNT_MC_KILLED","COUNT_MC_INJURED","PRIMARY_RAMP","SECONDARY_RAMP","COUNTY","CITY","POINT_X","POINT_Y"
"6423367",2014,2016-02-24,"9370",2014-03-14,"2355","020155",,5,3,7,"0109",0,1,"1",,2,"052","RT 580","SEMINARY AV",375,"W","N","A","-","Y","ALA",4,580,"-","R",39.02,"H","-","W","Y",3,0,1,2,"A","-","07",21658,"A","F","B","C","A","A","H","-","D","D",1,,,,,"Y",,"A","01",0,1,0,0,0,0,0,0,0,"-","-","ALAMEDA","OAKLAND",-122.17505,37.782
"6423363",2014,2015-11-20,"9370",2014-03-15,"0015","020508",,6,3,7,"0109",0,1,"1",,2,"177","RT 880","5TH AV",2640,"S","N","A","-","Y","ALA",4,880,"-","-",29.88,"H","-","N","Y",2,0,1,2,"A","-","01",23152,"A","N","C","C","A","A","H","-","C","D",1,,,,,"Y","Y","A","01",1,0,0,0,0,0,0,0,0,"-","-","ALAMEDA","OAKLAND",-122.24757,37.78738
"6420832",2014,2014-06-10,"0109",2014-01-25,"1200","9070","1",6,5,7,"0109",0,0,"0",,0,"09X","MACARTHUR BL","HARRISON ST",0,,"Y","A","-","N",,,,,,,,,,"N",2,0,1,2,"A","-","12",21453,"A","N","H","G","A","A","H","-","A","A",0,,"Y",,,"Y",,"L","04",1,0,0,0,0,0,1,0,0,"-","-","ALAMEDA","OAKLAND",-122.25413,37.81985
"6420828",2014,2014-06-10,"0109",2014-01-05,"1626","9129","1",7,5,7,"0109",0,0,"0",,0,"21X","27TH AV","FOOTHILL BL",0,,"Y","A","-","N",,,,,,,,,,"N",3,0,2,3,"A","-","10",21950,"A","F","G","B","B","A","H","-","B","D",0,"Y",,,,"Y",,"A","01",0,2,0,0,2,0,0,0,0,"-","-","ALAMEDA","OAKLAND",-122.22791,37.78453
"6418866",2014,2014-06-10,"0109",2014-01-10,"1243","7766","2",5,5,7,"0109",0,0,"0",,0,"31Y","HEGENBERGER RD","COLLINS DR",60,"S","N","A","-","N",,,,,,,,,,"Y",4,0,3,2,"A","-","09",21802,"A","N","D","C","A","A","H","-","A","A",0,,,,,"Y",,"A","01",0,0,3,0,0,0,0,0,0,"-","-","ALAMEDA","OAKLAND",-122.19618,37.74535
"6418862",2014,2014-06-10,"0109",2014-01-26,"2045","8756","2",7,5,7,"0109",0,0,"0",,0,"32X","98TH AV","SAN LEANDRO ST",50,"N","N","A","-","N",,,,,,,,,,"N",3,0,5,3,"A","-","03",22350,,"M","C","C","A","A","H","-","C","A",0,,,,,"Y",,"A","01",0,1,4,0,0,0,0,0,0,"-","-","ALAMEDA","OAKLAND",-122.17965,37.73928
"6418800",2014,2014-06-23,"0109",2014-03-03,"0100","8549","2",1,5,7,"0109",0,0,"0",,0,"27X","COURTLAND AV","SAN CARLOS AV",0,,"Y","A","-","N",,,,,,,,,,"N",3,0,1,2,"D","-","00",,,"N","G","B","E","A","H","-","C","D",0,"Y",,,,"Y",,"-","-",0,1,0,0,1,0,0,0,0,"-","-","ALAMEDA","OAKLAND",-122.20713,37.77792
"6418622",2014,2014-06-17,"0109",2014-02-06,"1215","9070","1",4,5,7,"0109",0,0,"0",,0,"14Y","GRAND AV","MANDANA BL",0,,"Y","C","-","N",,,,,,,,,,"N",4,0,4,2,"A","-","03",22350,,"N","C","C","A","B","H","-","A","A",0,,,,,"Y",,"A","01",0,0,4,0,0,0,0,0,0,"-","-","ALAMEDA","OAKLAND",-122.24624,37.81424
"6418551",2014,2014-06-11,"0109",2014-01-25,"1119","8223","1",6,5,7,"0109",0,0,"0",,0,"22X","COOLIDGE AV","HOPKINS",70,"N","N","A","-","N",,,,,,,,,,"N",3,0,2,3,"A","-","09",21801,"A","N","A","C","A","A","H","-","A","D",0,,,,,"Y",,"A","01",0,1,1,0,0,0,0,0,0,"-","-","ALAMEDA","OAKLAND",-122.20814,37.79912
"6418547",2014,2014-06-11,"0109",2014-01-06,"1455","8347","1",1,5,7,"0109",0,0,"0",,0,"12X","40TH ST","SHAFTER AV",0,,"Y","A","-","N",,,,,,,,,,"N",4,0,1,2,"A","-","12",21453,"A","N","D","C","A","A","H","-","A","A",0,,,,,"Y",,"A","01",0,0,1,0,0,0,0,0,0,"-","-","ALAMEDA","OAKLAND",-122.25977,37.8284
"6418543",2014,2014-06-11,"0109",2014-01-24,"1355","9190","2",5,5,7,"0109",0,0,"0",,0,"24X","35TH AV","FOOTHILL BL",0,,"Y","A","-","N",,,,,,,,,,"N",4,0,2,2,"A","-","12",21453,"A","N","D","C","A","A","H","-","A","A",0,,,,,"Y",,"A","07",0,0,2,0,0,0,0,0,0,"-","-","ALAMEDA","OAKLAND",-122.21912,37.78219
"6418539",2014,2014-06-11,"0109",2014-01-12,"1612","9190","1",7,5,7,"0109",0,0,"0",,0,"12X","42ND ST","WEBSTER ST",0,,"Y","A","-","N",,,,,,,,,,"N",4,0,1,2,"A","-","09",21800,"A","N","D","C","A","A","H","-","A","A",0,,,,,"Y",,"A","01",0,0,1,0,0,0,0,0,0,"-","-","ALAMEDA","OAKLAND",-122.26016,37.831
"6418535",2014,2014-06-11,"0109",2014-01-24,"0850","9095","1",5,5,7,"0109",0,0,"0",,0,"10X","SAN PABLO AV","OCEAN AV",10,"N","N","A","-","N",,,,,,,,,,"N",4,0,2,3,"A","-","03",22350,,"N","C","C","A","A","H","-","A","A",0,,,,,"Y",,"A","01",0,0,2,0,0,0,0,0,0,"-","-","ALAMEDA","OAKLAND",-122.28516,37.84723
"6418531",2014,2014-06-11,"0109",2014-01-04,"1530","8626","1",6,5,7,"0109",0,0,"0",,0,"20X","FRUITVALE AV","9TH ST",8,"W","N","A","-","N",,,,,,,,,,"N",3,0,1,2,"A","-","10",21950,"A","N","G","B","B","A","H","-","A","A",0,"Y",,,,"Y",,"A","01",0,1,0,0,1,0,0,0,0,"-","-","ALAMEDA","OAKLAND",-122.22786,37.77347
"6418158",2014,2014-06-16,"0109",2014-02-22,"1318","8854","2",6,5,7,"0109",0,0,"0",,0,"27Y","AVENAL AV","65TH AV",45,"E","N","A","-","N",,,,,,,,,,"Y",4,0,1,2,"A","-","03",22350,,"M","B","E","A","A","H","-","A","A",0,,,,,"Y",,"A","01",0,0,1,0,0,0,0,0,0,"-","-","ALAMEDA","OAKLAND",-122.18837,37.76681
"6418154",2014,2014-06-12,"0109",2014-02-06,"0810","8363","1",4,5,7,"0109",0,0,"0",,0,"19X","4TH AV","E 15TH ST",0,,"Y","C","-","N",,,,,,,,,,"N",4,0,1,2,"A","-","12",22450,"A","M","D","D","A","B","H","-","A","A",0,,,,,"Y",,"A","01",0,0,1,0,0,0,0,0,0,"-","-","ALAMEDA","OAKLAND",-122.25375,37.79715
"6418036",2014,2014-06-10,"0109",2014-01-18,"1135","8223","1",6,5,7,"0109",0,0,"0",,0,"19X","E 10TH ST","8TH AV",0,,"Y","A","-","N",,,,,,,,,,"N",4,0,1,2,"A","-","03",22350,,"M","D","C","A","A","H","-","A","A",0,,,,,"Y",,"A","01",0,0,1,0,0,0,0,0,0,"-","-","ALAMEDA","OAKLAND",-122.25414,37.79154
"6417480",2014,2014-06-20,"0109",2014-02-09,"0256","9164","1",7,5,7,"0109",0,0,"0",,0,"04X","19TH ST","TELEGRAPH AV",0,,"Y","C","-","N",,,,,,,,,,"N",3,0,2,3,"A","-","10",21950,"A","F","G","B","B","B","H","-","C","A",0,"Y",,,,"Y",,"A","07",0,1,1,0,2,0,0,0,0,"-","-","ALAMEDA","OAKLAND",-122.26992,37.80817
"6414091",2014,2015-11-20,"9370",2014-01-21,"0041","19156",,2,3,7,"0109",0,1,"1",,2,"177","RT 880","16TH AV",480,"N","N","A","-","Y","ALA",4,880,"-","-",29.69,"H","-","S","N",2,0,1,2,"A","-","11",21954,"A","N","B","B","E","A","H","-","C","D",1,"Y",,,,"Y","Y","N","60",1,0,0,0,1,0,0,0,0,"-","-","ALAMEDA","OAKLAND",-122.24446,37.78567
"6414090",2014,2015-11-20,"9370",2014-01-19,"1647","20420",,7,2,7,"0109",0,1,"3",,2,"024","RT 24","KAY ST",940,"E","N","A","-","Y","ALA",4,24,"-","R",5.66,"H","-","W","Y",2,0,2,1,"A","-","08",22107,,"N","F","A","A","A","H","-","A","D",0,,,"Y",,"Y",,"C","02",1,1,0,0,0,0,0,0,2,"-","-","ALAMEDA","OAKLAND",-122.22181,37.85341
"6414089",2014,2016-02-24,"9370",2014-01-07,"1500","20657",,2,2,7,"0109",0,1,"1",,2,"055","RT 580","MANDELA PKWY",100,"E","N","A","-","Y","ALA",4,580,"-","-",46.251,"R","2","W","Y",4,0,1,1,"A","-","01",23152,"A","N","E","I","A","A","G","H","A","D",1,,,,,"Y","Y","A","01",0,0,1,0,0,0,0,0,0,"TO","-","ALAMEDA","OAKLAND",-122.28729,37.82664
"6414088",2014,2015-11-20,"9370",2014-01-25,"2250","20456",,6,3,7,"0109",0,1,"1",,2,"176","RT 880","50TH AV",234,"S","N","A","-","Y","ALA",4,880,"-","-",27.24,"H","-","N","N",4,0,1,3,"A","-","03",22350,,"N","C","C","A","A","H","-","C","D",1,,,,,"Y","Y","A","01",0,0,1,0,0,0,0,0,0,"-","-","ALAMEDA","OAKLAND",-122.21459,37.76157
"6414087",2014,2015-11-20,"9370",2014-01-26,"0238","20155",,7,3,7,"0109",0,1,"1",,2,"177","RT 880","OAK ST",236,"S","N","A","-","Y","ALA",4,880,"-","-",31.03,"H","-","N","Y",3,0,1,1,"A","-","08",22107,,"N","E","I","A","A","H","-","D","D",1,,,,,"Y",,"A","01",0,1,0,0,0,0,0,0,0,"-","-","ALAMEDA","OAKLAND",-122.26556,37.79481
"6414076",2014,2016-02-24,"9370",2014-01-23,"0855","019469",,4,1,7,"0109",0,1,"1",,2,"052","RT 580","FONTAINE ST",35,"W","N","A","-","Y","ALA",4,580,"-","R",37.35,"H","-","W","Y",4,0,2,3,"A","-","03",22350,,"N","C","C","A","A","H","-","A","D",1,,,,,"Y",,"A","08",0,0,2,0,0,0,0,0,0,"-","-","ALAMEDA","OAKLAND",-122.15234,37.76646
"6414073",2014,2015-11-14,"9370",2014-01-25,"1223","019742",,6,1,7,"0109",0,1,"1",,2,"177","RT 880","5TH AV",1888,"S","N","A","-","Y","ALA",4,880,"-","-",30.02,"H","-","N","Y",3,0,1,1,"A","-","08",22107,,"N","E","I","A","A","H","-","A","D",1,,,,,"Y",,"A","01",0,1,0,0,0,0,0,0,0,"-","-","ALAMEDA","OAKLAND",-122.24985,37.7882
"6414072",2014,2015-11-14,"9370",2014-01-24,"1735","16710",,5,2,7,"0109",0,1,"1",,2,"176","RT 880","FRUITVALE AV",660,"S","N","A","-","Y","ALA",4,880,"-","-",28.12,"H","-","S","Y",4,0,1,3,"A","-","03",22350,,"N","C","C","A","A","H","-","D","D",1,,,,,"Y",,"A","01",0,0,1,0,0,0,0,0,0,"-","-","ALAMEDA","OAKLAND",-122.22606,37.77246
"6414071",2014,2016-02-24,"9370",2014-01-29,"1958","019156",,3,2,7,"0109",0,1,"1",,2,"054","RT 580","FRUITVALE AV",600,"W","N","A","-","Y","ALA",4,580,"-","R",41.65,"H","-","W","Y",3,0,2,2,"A","-","03",22350,,"N","C","C","A","A","H","-","D","D",1,,,,,"Y",,"A","01",0,1,1,0,0,0,0,0,0,"-","-","ALAMEDA","OAKLAND",-122.21934,37.79899
"6412594",2014,2014-06-09,"0109",2014-01-26,"2047","8576","2",7,5,7,"0109",0,0,"0",,0,"30X","DASHWOOD AV","KRAUSE AV",70,"S","N","A","-","N",,,,,,,,,,"Y",3,0,1,2,"A","-","03",22350,,"N","C","C","A","A","H","-","C","D",0,,,,,"Y",,"A","01",0,1,0,0,0,0,0,0,0,"-","-","ALAMEDA","OAKLAND",-122.17669,37.76287
"6411404",2014,2014-06-12,"0109",2014-02-14,"2221","9147","1",5,5,7,"0109",0,0,"0",,0,"20X","28TH AV","FOOTHILL BL",90,"S","N","A","-","N",,,,,,,,,,"N",3,0,1,4,"A","-","01",23152,"A","N","A","C","A","A","H","-","C","D",0,,,,,"Y","Y","A","07",0,1,0,0,0,0,0,0,0,"-","-","ALAMEDA","OAKLAND",-122.2257,37.78418
"6411067",2014,2015-11-14,"9370",2014-02-15,"1802","020456",,6,2,7,"0109",0,1,"1",,2,"178","RT 880","MARITIME ST",937,"N","N","A","-","Y","ALA",4,880,"S","-",0.83,"H","-","N","N",4,0,3,3,"A","-","03",22350,,"N","C","C","A","A","H","-","C","D",0,,,,,"Y",,"A","07",0,0,3,0,0,0,0,0,0,"-","-","ALAMEDA","OAKLAND",-122.30427,37.82454
"6411063",2014,2016-02-24,"9370",2014-02-07,"0945","020644",,5,1,7,"0109",0,1,"1",,2,"053","RT 580","35TH AV",100,"W","N","C","-","Y","ALA",4,580,"-","R",40.67,"H","-","W","Y",4,0,1,2,"A","-","08",22107,,"N","D","C","A","B","H","-","B","D",1,,,,,"Y",,"A","01",0,0,1,0,0,0,0,0,0,"-","-","ALAMEDA","OAKLAND",-122.20355,37.79254
"6411060",2014,2015-12-23,"9370",2014-02-25,"0645","020475",,2,1,7,"0109",0,1,"1",,2,"098","RT 980","W GRAND AV",212,"E","N","B","-","Y","ALA",4,980,"-","-",1.3,"H","-","E","Y",3,0,1,2,"A","-","08",22107,,"N","E","I","A","A","H","-","A","D",1,,,,,"Y",,"A","01",0,1,0,0,0,0,0,0,0,"-","-","ALAMEDA","OAKLAND",-122.27158,37.814
"6411059",2014,2016-05-11,"9370",2014-02-02,"1355","020447",,7,1,7,"0109",0,1,"1",,2,"176","RT 880","66TH AV",150,"N","N","C","-","Y","ALA",4,880,"-","-",26.701,"R","2","N","Y",3,0,2,1,"A","-","08",22107,,"N","E","I","A","B","H","-","A","D",1,,,,,"Y",,"A","07",0,1,1,0,0,0,0,0,0,"-","-","ALAMEDA","OAKLAND",-122.20892,37.75512
"6411052",2014,2016-02-24,"9370",2014-02-22,"1300","020286",,6,1,7,"0109",0,1,"1",,2,"053","RT 580","BEAUMONT AV",185,"E","N","A","-","Y","ALA",4,580,"-","R",42.051,"R","1","W","Y",4,0,1,1,"C","-","18",,,"N","E","I","A","A","H","-","A","A",1,,,,,"Y",,"-","-",0,0,1,0,0,0,0,0,0,"TO","-","ALAMEDA","OAKLAND",-122.22625,37.80044
"6411044",2014,2016-02-24,"9370",2014-02-20,"2148","019169",,4,2,7,"0109",0,1,"1",,2,"054","RT 580","CHETWOOD ST",500,"W","N","A","-","Y","ALA",4,580,"-","-",44.16,"H","-","E","Y",3,0,1,2,"A","-","03",22350,,"F","C","C","A","A","H","-","D","D",1,,,,,"Y",,"A","01",0,1,0,0,0,0,0,0,0,"-","-","ALAMEDA","OAKLAND",-122.25244,37.81745
"6408718",2014,2014-06-16,"0109",2014-01-12,"0204","9121","2",7,5,7,"0109",0,0,"0",,0,"29X","MACARTHUR BL","68TH AV",10,"W","N","A","-","N",,,,,,,,,,"N",4,0,2,2,"A","-","03",22350,,"N","B","E","A","A","H","-","C","A",0,,,,,"Y",,"A","01",0,0,2,0,0,0,0,0,0,"-","-","ALAMEDA","OAKLAND",-122.17645,37.77123
"6408717",2014,2014-06-16,"0109",2014-01-19,"1951","8900","2",7,5,7,"0109",0,0,"0",,0,"23X","INTERNATIONAL BL","40TH AV",24,"W","N","C","-","N",,,,,,,,,,"N",4,0,1,2,"A","-","11",21954,"A","N","G","B","D","A","H","-","A","D",0,"Y",,,,"Y",,"N","60",0,0,1,0,1,0,0,0,0,"-","-","ALAMEDA","OAKLAND",-122.21819,37.77395
"6408716",2014,2014-06-16,"0109",2014-01-11,"0103","9009","2",6,5,7,"0109",0,0,"0",,0,"34X","INTERNATIONAL BL","84TH AV",0,,"Y","A","-","N",,,,,,,,,,"N",2,0,1,2,"A","-","10",21950,"A","N","G","B","B","A","H","-","C","D",0,"Y",,,,"Y",,"-","99",1,0,0,0,1,0,0,0,0,"-","-","ALAMEDA","OAKLAND",-122.17799,37.75437
"6408715",2014,2014-06-16,"0109",2014-01-31,"1802","8652","1",5,5,7,"0109",0,0,"0",,0,"04X","MARTIN LUTHER KING JR WY","18TH ST",0,,"Y","C","-","N",,,,,,,,,,"N",3,0,3,2,"A","-","17",21657,,"N","D","C","A","A","H","-","A","A",0,,,,,"Y",,"A","01",0,1,2,0,0,0,0,0,0,"-","-","ALAMEDA","OAKLAND",-122.27443,37.80864
"6408714",2014,2014-06-16,"0109",2014-01-09,"1255","9025","2",4,5,7,"0109",0,0,"0",,0,"30Y","BANCROFT AV","82ND AV",40,"E","N","A","-","N",,,,,,,,,,"N",4,0,2,3,"A","-","01",23152,"A","N","C","C","A","A","H","-","A","A",0,,,,,"Y","Y","A","01",0,0,2,0,0,0,0,0,0,"-","-","ALAMEDA","OAKLAND",-122.17052,37.7599
"6408713",2014,2014-06-16,"0109",2014-01-26,"1700","9034","1",7,5,7,"0109",0,0,"0",,0,"19X","LAKESHORE AV","FOOTHILL BL",864,"S","N","A","-","N",,,,,,,,,,"N",3,0,1,2,"A","-","05",21460,"A","N","B","C","A","A","H","-","B","D",0,,,,,"Y",,"A","01",0,1,0,0,0,0,0,0,0,"-","-","ALAMEDA","OAKLAND",-122.25559,37.79984
"6408712",2014,2014-06-16,"0109",2014-01-29,"1250","8895","2",3,5,7,"0109",0,0,"0",,0,"32X","INTERNATIONAL BL","98TH AV",150,"E","N","B","-","N",,,,,,,,,,"N",4,0,1,2,"A","-","03",22350,,"N","C","C","A","A","H","-","A","A",0,,,,,"Y",,"A","01",0,0,1,0,0,0,0,0,0,"-","-","ALAMEDA","OAKLAND",-122.17031,37.74398
"6408711",2014,2014-06-16,"0109",2014-01-01,"1041","8096","1",3,5,7,"0109",0,0,"0",,0,"18X","14TH AV","E 31ST ST",0,,"Y","A","-","N",,,,,,,,,,"Y",2,0,1,2,"A","-","12",21453,"A","N","H","G","A","A","H","-","A","A",0,,"Y","Y",,"Y",,"L","04",1,0,0,0,0,0,0,0,1,"-","-","ALAMEDA","OAKLAND",-122.2295,37.79894
"6408710",2014,2014-06-16,"0109",2014-01-10,"1640","8624","2",5,5,7,"0109",0,0,"0",,0,"27Y","SEMINARY AV","E 16TH ST",0,,"Y","A","-","N",,,,,,,,,,"Y",4,0,1,2,"A","-","09",21802,"A","N","C","C","A","A","H","-","A","A",0,,,,,"Y",,"A","01",0,0,1,0,0,0,0,0,0,"-","-","ALAMEDA","OAKLAND",-122.19813,37.7661
"6408709",2014,2016-02-24,"0109",2014-01-19,"1054","8707","2",7,5,7,"0109",0,0,"0",,0,"29X","EDWARDS AV","RT 580",0,,"Y","A","-","Y","ALA",4,580,"-","R",38.441,"R","4","E","Y",4,0,1,2,"A","-","08",22101,"D","N","B","C","A","A","H","-","A","A",0,,,,,"Y",,"A","01",0,0,1,0,0,0,0,0,0,"-","EF","ALAMEDA","OAKLAND",-122.16612,37.77718
"6408708",2014,2014-06-16,"0109",2014-01-26,"1714","8900","2",7,5,7,"0109",0,0,"0",,0,"27X","HIGH ST","INTERNATIONAL BL",0,,"Y","A","-","N",,,,,,,,,,"N",4,0,1,2,"A","-","12",21453,"A","N","D","C","A","A","H","-","B","A",0,,,,,"Y",,"-","-",0,0,1,0,0,0,0,0,0,"-","-","ALAMEDA","OAKLAND",-122.21483,37.77235
"6408707",2014,2014-06-16,"0109",2014-01-13,"1540","8996","2",1,5,7,"0109",0,0,"0",,0,"27Y","51ST AV","INTERNATIONAL BL",200,"N","N","A","-","N",,,,,,,,,,"N",3,0,2,2,"A","-","08",22107,,"N","A","C","A","A","A","-","A","D",0,,,,,"Y",,"A","01",0,1,1,0,0,0,0,0,0,"-","-","ALAMEDA","OAKLAND",-122.20753,37.76951
"6408706",2014,2014-06-16,"0109",2014-01-31,"1413","9083","1",5,5,7,"0109",0,0,"0",,0,"10Y","AILEEN ST","MARTIN LUTHER KING JR WY",8,"W","N","A","-","N",,,,,,,,,,"N",4,0,1,2,"A","-","05",21650,"1","N","H","G","A","A","H","-","A","D",0,,"Y",,,"Y",,"L","04",0,0,1,0,0,0,1,0,0,"-","-","ALAMEDA","OAKLAND",-122.27018,37.84136
"6408705",2014,2014-06-16,"0109",2014-01-28,"1843","9119","1",2,5,7,"0109",0,0,"0",,0,"12X","TELEGRAPH AV","48TH ST",36,"N","N","A","-","N",,,,,,,,,,"N",3,0,1,2,"A","-","17",22517,,"N","H","G","A","A","H","-","C","A",0,,"Y",,,"Y",,"A","01",0,1,0,0,0,0,1,0,0,"-","-","ALAMEDA","OAKLAND",-122.26292,37.83483
"6408704",2014,2014-06-16,"0109",2014-01-20,"0900","9120","1",1,5,7,"0109",0,0,"0",,0,"01X","5TH ST","MARTIN LUTHER KING JR WY",0,,"Y","A","-","N",,,,,,,,,,"Y",4,0,1,2,"A","-","12",21453,"A","N","D","C","A","A","H","-","A","B",0,,,,,"Y",,"A","01",0,0,1,0,0,0,0,0,0,"-","-","ALAMEDA","OAKLAND",-122.27981,37.80002
"6408703",2014,2014-06-16,"0109",2014-01-29,"1847","9195","2",3,5,7,"0109",0,0,"0",,0,"32X","E ST","101ST AV",75,"E","N","A","-","N",,,,,,,,,,"Y",4,0,1,2,"A","-","08",22107,,"N","C","E","A","A","H","-","C","D",0,,,,,"Y",,"A","01",0,0,1,0,0,0,0,0,0,"-","-","ALAMEDA","OAKLAND",-122.17459,37.73881
"6408702",2014,2014-06-16,"0109",2014-01-25,"0141","8389","1",6,5,7,"0109",0,0,"0",,0,"33X","81ST AV","SAN LEANDRO ST",500,"N","N","A","-","N",,,,,,,,,,"N",4,0,1,1,"A","-","08",22107,,"N","H","A","A","A","H","-","C","D",0,,,"Y",,"Y",,"C","02",0,0,1,0,0,0,0,0,1,"-","-","ALAMEDA","OAKLAND",-122.19091,37.7505
"6408277",2014,2014-06-10,"0109",2014-01-31,"1610","8652","1",5,5,7,"0109",0,0,"0",,0,"04X","BROADWAY","22ND ST",25,"N","N","A","-","N",,,,,,,,,,"N",4,0,1,2,"A","-","08",22107,,"N","B","G","A","A","H","-","A","D",0,,"Y",,,"Y",,"L","04",0,0,1,0,0,0,1,0,0,"-","-","ALAMEDA","OAKLAND",-122.26705,37.811
"6406867",2014,2014-06-13,"0109",2014-02-06,"1213","8339","1",4,5,7,"0109",0,0,"0",,0,"05X","SAN PABLO AV","GRAND AV",8,"W","N","C","-","N",,,,,,,,,,"N",3,0,1,2,"A","-","10",21950,"A","N","G","B","B","B","H","-","A","A",0,"Y",,,,"Y",,"I","10",0,1,0,0,1,0,0,0,0,"-","-","ALAMEDA","OAKLAND",-122.27406,37.81284
"6406863",2014,2014-07-22,"0109",2014-02-02,"1209","8655","1",7,5,7,"0109",0,0,"0",,0,"16Y","GROSVENOR PL","PARK BL",0,,"Y","B","-","N",,,,,,,,,,"N",4,0,1,2,"A","-","12",21453,"A","N","D","C","A","A","H","-","A","A",0,,,,,"Y",,"A","07",0,0,1,0,0,0,0,0,0,"-","-","ALAMEDA","OAKLAND",-122.23237,37.80507
"6406859",2014,2015-02-03,"0109",2014-01-07,"1728","8532","2",2,5,7,"0109",0,0,"0",,0,"23X","38TH AV","FOOTHILL BL",21,"S","N","B","-","N",,,,,,,,,,"N",4,0,1,2,"A","-","-",,,"N","B","G","A","A","H","-","C","A",0,,"Y",,,"Y",,"L","04",0,0,1,0,0,0,1,0,0,"-","-","ALAMEDA","OAKLAND",-122.21674,37.77897
"6406851",2014,2014-06-13,"0109",2014-02-06,"2232","8614","2",4,5,7,"0109",0,0,"0",,0,"27X","INTERNATIONAL BL","55TH AV",0,,"Y","B","-","N",,,,,,,,,,"Y",4,0,1,2,"A","-","09",21801,"A","N","D","C","A","A","H","-","C","D",0,,,,,"Y",,"A","01",0,0,1,0,0,0,0,0,0,"-","-","ALAMEDA","OAKLAND",-122.20368,37.76708
"6406843",2014,2014-06-10,"0109",2014-01-06,"1406","8245","2",1,5,7,"0109",0,0,"0",,0,"31X","ROLAND WY","CAPWELL DR",40,"N","N","A","-","N",,,,,,,,,,"N",3,0,3,2,"A","-","08",22107,,"M","B","C","A","A","H","-","A","D",0,,,,"Y","Y",,"F","26",0,1,2,0,0,0,0,0,0,"-","-","ALAMEDA","OAKLAND",-122.20499,37.74114
"6406815",2014,2014-07-01,"0109",2014-02-06,"1107","9123","2",4,5,7,"0109",0,0,"0",,0,"35X","88TH AV","BANCROFT AV",0,,"Y","B","C","N",,,,,,,,,,"Y",4,0,2,2,"A","-","09",21802,"A","N","D","C","A","B","H","-","A","A",0,,,,,"Y",,"I","09",0,0,2,0,0,0,0,0,0,"-","-","ALAMEDA","OAKLAND",-122.16688,37.75499
"6406800",2014,2016-02-12,"9370",2014-02-25,"1852","013738",,2,2,7,"0109",0,1,"1",,2,"006","RT 80","TOLL PLAZ",20,"E","N","A","-","Y","ALA",4,80,"-","-",1.99,"H","-","W","N",4,0,1,2,"A","-","03",22350,,"N","C","C","A","A","H","-","C","A",6,,,,,"Y",,"A","07",0,0,1,0,0,0,0,0,0,"-","-","ALAMEDA","OAKLAND",-122.31382,37.82485
"6406740",2014,2014-06-23,"0109",2014-02-23,"0220","00001",,7,5,7,"0109",0,0,"0",,0,,"35TH AV","FOOTHILL BL",150,"S","N","B","-","N",,,,,,,,,,"Y",3,0,2,6,"A","-","01",23153,"A","N","B","E","A","A","H","-","C","D",0,,,,,"Y","Y","A","01",0,2,0,0,0,0,0,0,0,"-","-","ALAMEDA","OAKLAND",-122.2194,37.78184
"6404402",2014,2014-06-10,"0109",2014-02-02,"1500","8973","2",7,5,7,"0109",0,0,"0",,0,"27X","E 16TH ST","SEMINARY AV",0,,"Y","C","-","N",,,,,,,,,,"Y",4,0,2,2,"A","-","03",22350,,"N","C","C","A","B","H","-","A","A",0,,,,,"Y",,"A","01",0,0,2,0,0,0,0,0,0,"-","-","ALAMEDA","OAKLAND",-122.19813,37.7661